ชื่อสินค้า,ราคาขาย,ต้นทุน,หมวดหมู่,สต๊อก,บาร์โค้ด
ตรามังกร น้ำกระเทียม 220ก,7,3.5,เครื่องปรุงต่างๆ,50,1.79877E+12
ไจแอนท์ รสนม,5,4,ขนมและไอสครีม,20,8.85016E+12
ฟาร์มเฮ้าส์ โฮลวีก ใส้ปูอัดมายองเนส 55ก.,10,9,ขนมและไอสครีม,120,8.85012E+12
เจเล่ไลท์เฟรช์ชี่รสสตรอเบอร์รี่ 125กรัม,25,20,เครื่องดื่ม,48,8.85016E+12
ไบกอน กลิ่นลาเวนเดอร์ 600มล.,95,85,กำจัดแมลง,12,8.85018E+12
เภสัช คามิลล่า 100กรัม,20,18,แป้ง,40,8.85023E+12
สวีทตี้พิ้งค์35มล,19,15,เครื่องสำอาง,20,8.85023E+12
ยำยำล๊อบสเตอร์80ก,55,49,อาหารสำเร็จรูป,20,8.85025E+12
เลย์ สเเตคส์ 14g,5,4,ขนม+ไอสครีม,120,8.85072E+12
โดโซะ รสกลมกล่อม,20,16,ขนม+ไอสครีม,98,8.851E+12
โซฟี มูฟ,16,14,น้ำยาปรับผ้านุ่ม,20,8.85111E+12
คอนเน่รสเข้มข้น,20,15,ขนม+ไอสครีม,5,8.85173E+12
ก้านสำลี100ก้าน,10,8,ของใช้ส่วนตัว,50,8.85212E+12
กระเทียม,10,8,ผัก,0,1
กวางตุ้ง,10,8,ผัก,0,2
กวางตุ้งดอก,10,8,ผัก,0,3
กะปิกระปุกใหญ่ ฝาแดง,65,52,ผัก,2,4
กะเพรา,5,4,ผัก,0,5
มอคโคน่า เอสเปรสโซ่3in1 สีเขียว,20,16,กาแฟ,6,110
ยาเส้นเรือบิน 20ห่อ,100,81,บุหรี่+ยาเส้น,118,2092080102
MR หลอดะเกียบ 32w,59,35,หลอดไฟ,120,4332
ชวนป๋วยปี่แปกอ 75cc.,70,0,ยา,39,81364361709
ราคา1บาท,1,0.5,ราคาสิินค้า,927,1
ราคา 10บาท,10,8,ราคาสิินค้า,-358,10
ราคา100บาท,100,95,ราคาสิินค้า,-33,100
ราคา101บาท,101,95,ราคาสิินค้า,200,101
หวี,15,10,ของใช้ส่วนตัว,10,1.01315E+12
หวีแฟชั้น,20,13,ของใช้ส่วนตัว,50,1.01315E+12
หวีแฟชั้น,10,7,ของใช้ส่วนตัว,10,1.01315E+12
หวีแฟชั่น,20,15,ของใช้ส่วนตัว,0,1.01315E+12
ราคา102บาท,102,95,ราคาสิินค้า,199,102
ราคา103บาท,103,95,ราคาสิินค้า,198,103
ราคา104บาท,104,95,ราคาสิินค้า,199,104
ราคา105บาท,105,59,ราคาสิินค้า,194,105
ราคา106บาท,105,95,ราคาสิินค้า,199,106
ราคา107บาท,107,95,ราคาสิินค้า,200,107
ราคา108บาท,108,95,ราคาสิินค้า,200,108
ราคา109บาท,109,95,ราคาสิินค้า,198,109
ราคา 11บาท,11,8,ราคาสิินค้า,992,11
ราคา110บาท,110,100,ราคาสิินค้า,87,110
หอยดอง เเม่สอิ้ง,20,14,อาหารสำเร็จรูป,120,1.1016E+12
หมูเด้ง เจ๊รดา 500กรัม,25,20,อาหารสำเร็จรูป,118,1.1016E+12
น้ำตาลทรายขาว 1กก.,30,27,ราคาสิินค้า,117,1.1016E+12
พรพรรน 3 ไก่มะระ ก๋วยจั๊บ,12,8,ราคาสิินค้า,119,1.1016E+12
SnapLock กล่องเก็บอาหาร No.307,15,9,พลาสติก,120,1.1016E+12
ขิงดองตรามังกร,10,8,เครื่องปรุงอาหาร,40,1.10164E+11
มะนาวดองตรามังกร,10,8,เครื่องปรุงอาหาร,39,1.10164E+11
ปลาทูหอม ,35,27,อาหารสำเร็จรูป,120,1.1023E+12
ราคา111บาท,111,100,ราคาสิินค้า,200,111
ยางลบ,5,4,ราคาสิินค้า,100,11111
ราคา112บาท,112,100,ราคาสิินค้า,199,112
ราคา113บาท,113,105,ราคาสิินค้า,200,113
ราคา114บาท,114,110,ราคาสิินค้า,199,114
ราคา115บาท,115,110,ราคาสิินค้า,199,115
ราคา116บาท,116,110,ราคาสิินค้า,200,116
ราคา117บาท,117,110,ราคาสิินค้า,199,117
ราคา118บาท,118,115,ราคาสิินค้า,200,118
ราคา119บาท,119,115,ราคาสิินค้า,196,119
ราคา 12บาท,12,8,ราคาสิินค้า,857,12
ราคา120บาท,120,115,ราคาสิินค้า,179,120
ราคา121บาท,121,105,ราคาสิินค้า,200,121
ราคา122บาท,122,115,ราคาสิินค้า,200,122
ราคา123บาท,123,115,ราคาสิินค้า,200,123
BB Book สมุดฉีกมีเส้น คละลาย ,15,10,อุปกรณ์สำนักงาน,12,1.23446E+12
ราคา124บาท,124,115,ราคาสิินค้า,200,124
ราคา125บาท,125,119,ราคาสิินค้า,195,125
ราคา126บาท,126,120,ราคาสิินค้า,199,126
ราคา127บาท,127,120,ราคาสิินค้า,200,127
ราคา128บาท,128,125,ราคาสิินค้า,200,128
ราคา129บาท,129,125,ราคาสิินค้า,199,129
ราคา 13บาท,13,10,ราคาสิินค้า,865,13
ราคา130บาท,130,125,ราคาสิินค้า,192,130
ราคา131บาท,131,125,ราคาสิินค้า,199,131
ราคา132บาท,132,125,ราคาสิินค้า,200,132
ราคา133,133,125,ราคาสิินค้า,200,133
ราคา134บาท,134,130,ราคาสิินค้า,200,134
ราคา135บาท,135,125,ราคาสิินค้า,191,135
ราคา136บาท,136,125,ราคาสิินค้า,200,136
ราคา137บาท,137,130,ราคาสิินค้า,199,137
ราคา138บาท,138,130,ราคาสิินค้า,199,138
ราคา139บาท,139,135,ราคาสิินค้า,199,139
ราคา 14 บาท,14,12,ราคาสิินค้า,957,14
ราคา140บาท,140,135,ราคาสิินค้า,191,140
ราคา141,141,135,ราคาสิินค้า,200,141
ราคา142บาท,142,135,ราคาสิินค้า,199,142
แม่เกษรกระปิแท้100ก,18,14.75,เครื่องปรุงต่างๆ,99,1.42791E+12
กะปิแท้แม่เกษร,38,33,เครื่องปรุงอาหาร,98,1.42791E+12
ราคา143บาท,143,135,ราคาสิินค้า,200,143
ราคา145บาท,145,140,ราคาสิินค้า,196,145
ราคา146บาท,146,140,ราคาสิินค้า,200,146
ราคา147บาท,147,130,ราคาสิินค้า,200,147
ราคา148บาท,148,138,ราคาสิินค้า,200,148
ราคา149บาท,149,140,ราคาสิินค้า,199,149
ราคา 15บาท,15,12,ราคาสิินค้า,673,15
ราคา150บาท,150,145,ราคาสิินค้า,182,150
ราคา150บาท,151,145,ราคาสิินค้า,200,151
ราคา152บาท,152,145,ราคาสิินค้า,199,152
ราคา153บาท,153,145,ราคาสิินค้า,200,153
ราคา154บาท,154,145,ราคาสิินค้า,199,154
ราคา155บาท,155,145,ราคาสิินค้า,193,155
ราคา156บาท,156,145,ราคาสิินค้า,200,156
ราคา157บาท,157,150,ราคาสิินค้า,200,157
ราคา158บาท,158,150,ราคาสิินค้า,200,158
ราคา159บาท,159,150,ราคาสิินค้า,200,159
ราคา 16บาท,16,12,ราคาสิินค้า,978,16
ราคา160บาท,160,155,ราคาสิินค้า,197,160
ราคา161บาท,161,155,ราคาสิินค้า,199,161
ราคา162บาท,162,155,ราคาสิินค้า,200,162
ราคา163บาท,163,155,ราคาสิินค้า,200,163
ราคา164บาท,164,155,ราคาสิินค้า,200,164
ราคา165บาท,165,155,ราคาสิินค้า,190,165
ราคา166บาท,166,160,ราคาสิินค้า,200,166
ราคา167บาท,167,160,ราคาสิินค้า,198,167
ราคา168บาท,168,165,ราคาสิินค้า,200,168
ราคา169บาท,169,166,ราคาสิินค้า,199,169
ราคา 17บาท,17,14,ราคาสิินค้า,966,17
ราคา170บาท,170,165,ราคาสิินค้า,198,170
หวีเล็กด้ามการ์ตูน,10,5,ของใช้ส่วนตัว,0,17011009
กระจกno.528,20,15,ของใช้ส่วนตัว,12,17011085
ราคา171บาท,171,165,ราคาสิินค้า,199,171
ราคา172บาท,172,165,ราคาสิินค้า,199,172
ราคา173บาท,173,165,ราคาสิินค้า,200,173
ราคา174บาท,174,170,ราคาสิินค้า,199,174
ราคา175บาท,175,170,ราคาสิินค้า,197,175
ราคา176บาท,176,170,ราคาสิินค้า,220,176
ราคา177บาท,177,170,ราคาสิินค้า,200,177
ราคา178บาท,178,170,ราคาสิินค้า,200,178
ราคา179บาท,179,175,ราคาสิินค้า,200,179
กระเทียมดอง,6,4,เครื่องปรุงต่างๆ,87,1.79877E+12
ราคา 18บาท,18,14,ราคาสิินค้า,986,18
ราคา180บาท,180,175,ราคาสิินค้า,198,180
ราคา181บาท,181,175,ราคาสิินค้า,200,181
ราคา182บาท,182,175,ราคาสิินค้า,200,182
ราคา183บาท,183,175,ราคาสิินค้า,199,183
ราคา184บาท,184,175,ราคาสิินค้า,200,184
ราคา185บาท,185,180,ราคาสิินค้า,199,185
ราคา186บาท,186,180,ราคาสิินค้า,200,186
ราคา187บาท,187,180,ราคาสิินค้า,200,187
วีไวด์25มล,25,20,เครื่องสำอาง,3,1.87282E+12
ราคา188บาท,188,185,ราคาสิินค้า,200,188
ไวตามิลค์-ทูโก ขวด300cc.,315,282,เครื่องดื่ม,120,1.8851E+13
ราคา189,189,185,ราคาสิินค้า,199,189
ราคา 19บาท,19,16,ราคาสิินค้า,992,19
ราคา190บาท,190,185,ราคาสิินค้า,198,190
ราคา191บาท,191,185,ราคาสิินค้า,200,191
น้ำมันเขียว/ขวด,90,72,ยา,12,1.91524E+12
ราคา192บาท,192,182,ราคาสิินค้า,200,192
ราคา193บาท,193,185,ราคาสิินค้า,200,193
ราคา194บาท,194,190,ราคาสิินค้า,200,194
ราคา195บาท,195,190,ราคาสิินค้า,197,195
ราคา196บาท,196,190,ราคาสิินค้า,200,196
ราคา197บาท,197,190,ราคาสิินค้า,199,197
ราคา198บาท,198,195,ราคาสิินค้า,194,198
แว่นสายตา,39,32,ราคาสิินค้า,0,1.98402E+12
เรโซน่า25มล,39,34,เครื่องสำอาง,50,1.98489E+12
ราคา199บาท,199,195,ราคาสิินค้า,200,199
ราคา 2บาท,2,1,ราคาสิินค้า,871,2
ราคา 20 บาท,20,18,ราคาสิินค้า,143,20
ราคา200บาท,200,195,ราคาสิินค้า,195,200
กุนเชียง เจ้ดาว 495 กรัม,75,67,อาหารสำเร็จรูป,6,2.00001E+12
เจ๊เกว กุนเชียง 495กรัม,70,64,อาหารสำเร็จรูป,119,2.00001E+12
ราคา201บาท,201,195,ราคาสิินค้า,200,201
ราคา202,202,195,ราคาสิินค้า,200,202
หน้ากากใส 1ชิ่น,35,29,ของใช้ส่วนตัว,20,2.02131E+12
Mask ผ้าคละสี,20,15,ของใช้ส่วนตัว,20,2.02131E+12
Mask ผ้าคละสี,25,19,ของใช้ส่วนตัว,100,2.02131E+12
KF94 หน้ากาก,20,18,พลาสติก,120,2.02131E+12
มีดโกนคละสี,25,20,ราคาสิินค้า,119,2.02181E+12
ราคา203บาท,203,195,ราคาสิินค้า,200,203
ราคา204บาท,204,195,ราคาสิินค้า,199,204
ราคา205บาท,205,195,ราคาสิินค้า,198,205
ราคา206บาท,206,195,ราคาสิินค้า,200,206
ราคา207บาท,207,195,ราคาสิินค้า,200,207
ราคา208บาท,208,195,ราคาสิินค้า,200,208
ราคา209บาท,0,209,ราคาสิินค้า,200,209
ราคา ,21,18,ราคาสิินค้า,994,21
ราคา210บาท,210,195,ราคาสิินค้า,199,210
ราคา211,211,200,ราคาสิินค้า,200,211
ราคา212บาท,10,200,ราคาสิินค้า,200,212
ราคา213บาท,213,200,ราคาสิินค้า,199,213
ราคา214บาท,214,200,ราคาสิินค้า,200,214
ราคา215บาท,215,200,ราคาสิินค้า,200,215
ราคา216บาท,216,200,ราคาสิินค้า,200,216
ราคา217บาท,217,200,ราคาสิินค้า,199,217
ราคา218บาท,218,200,ราคาสิินค้า,200,218
ราคา219บาท,219,200,ราคาสิินค้า,200,219
ราคา 22 บาท,22,20,ราคาสิินค้า,981,22
ราคา220บาท,220,200,ราคาสิินค้า,192,220
ราคา221บาท,221,200,ราคาสิินค้า,199,221
ราคา222บาท,222,200,ราคาสิินค้า,200,222
ราคา223บาท,223,200,ราคาสิินค้า,200,223
ราคา224บาท,224,200,ราคาสิินค้า,199,224
ราคา225บาท,225,200,ราคาสิินค้า,198,225
ราคา226บาท,226,200,ราคาสิินค้า,200,226
ราคา227บาท,227,200,ราคาสิินค้า,200,227
ราคา228บาท,228,200,ราคาสิินค้า,200,228
ราคา229บาท,229,200,ราคาสิินค้า,200,229
ราคา 23 บาท,23,20,ราคาสิินค้า,982,23
ราคา230บาท,230,200,ราคาสิินค้า,200,230
ราคา231บาท,231,220,ราคาสิินค้า,200,231
ราคา232บาท,232,220,ราคาสิินค้า,200,232
ราคา233บาท,233,220,ราคาสิินค้า,200,233
ราคา234บาท,234,220,ราคาสิินค้า,200,234
ราคา235บาท,235,220,ราคาสิินค้า,199,235
ราคา236บาท,236,220,ราคาสิินค้า,100,236
ราคา237,237,220,ราคาสิินค้า,200,237
ราคา238บาท,238,220,ราคาสิินค้า,200,238
ราคา239บาท,239,220,ราคาสิินค้า,200,239
ราคา 24 บาท,24,22,ราคาสิินค้า,979,24
ราคา240บาท,240,230,ราคาสิินค้า,197,240
ราคา241บาท,241,230,ราคาสิินค้า,200,241
ราคา242บาท,242,230,ราคาสิินค้า,200,242
ราคา243บาท,243,230,ราคาสิินค้า,200,243
ราคา244บาท,244,230,ราคาสิินค้า,200,244
ราคา200บาท,245,230,ราคาสิินค้า,198,245
ราคา246บาท,246,230,ราคาสิินค้า,200,246
ราคา247บาท,247,230,ราคาสิินค้า,200,247
ราคา248บาท,248,240,ราคาสิินค้า,200,248
ราคา249บาท,249,240,ราคาสิินค้า,200,249
ราคา 25 บาท,25,22,ราคาสิินค้า,692,25
ราคา250บาท,250,240,ราคาสิินค้า,200,250
ราคา251บาท,251,240,ราคาสิินค้า,200,251
ราคา252บาท,252,240,ราคาสิินค้า,200,252
ราคา253บาท,253,240,ราคาสิินค้า,200,253
ราคา254บาท,254,240,ราคาสิินค้า,200,254
ราคา255บาท,255,245,ราคาสิินค้า,200,255
ราคา256บาท,256,245,ราคาสิินค้า,200,256
ราคา257บาท,257,245,ราคาสิินค้า,200,257
ราคา258บาท,258,245,ราคาสิินค้า,200,258
ราคา259บาท,259,245,ราคาสิินค้า,200,259
ราคา 26 บาท,26,22,ราคาสิินค้า,995,26
ราคา260บาท,260,250,ราคาสิินค้า,199,260
ราคา261บาท,261,250,ราคาสิินค้า,200,261
ราคา262บาท,262,250,ราคาสิินค้า,200,262
ราคา263บาท,263,250,ราคาสิินค้า,200,263
ราคา264บาท,264,250,ราคาสิินค้า,200,264
ราคา265บาท,265,250,ราคาสิินค้า,199,265
ราคา266บาท,266,250,ราคาสิินค้า,200,266
ราคา267บาท,267,250,ราคาสิินค้า,199,267
ราคา268ยาท,268,250,ราคาสิินค้า,200,268
ราคา269บาท,269,250,ราคาสิินค้า,250,269
ราคา 27 บาท,27,25,ราคาสิินค้า,984,27
ราคา270บาท,270,250,ราคาสิินค้า,199,270
ราคา271บาท,271,250,ราคาสิินค้า,200,271
ราคา272บาท,272,250,ราคาสิินค้า,200,272
ราคา273บาท,273,250,ราคาสิินค้า,200,273
ราคา274บาท,274,250,ราคาสิินค้า,200,274
ราคา275บาท,275,255,ราคาสิินค้า,200,275
ราคา276บาท,276,260,ราคาสิินค้า,200,276
ราคา277บาท,277,260,ราคาสิินค้า,200,277
ราคา278บาท,278,260,ราคาสิินค้า,200,278
ราคา279บาท,279,260,ราคาสิินค้า,200,279
ราคา 28 บาท,28,14,ราคาสิินค้า,991,28
ราคา280บาท,280,260,ราคาสิินค้า,199,280
ราคา281บาท,281,265,ราคาสิินค้า,200,281
ราคา282บาท,282,265,ราคาสิินค้า,200,282
ราคา283บาท,283,265,ราคาสิินค้า,200,283
ราคา284บาท,284,265,ราคาสิินค้า,199,284
ราคา285บาท,285,265,ราคาสิินค้า,200,285
ราคา286บาท,286,270,ราคาสิินค้า,200,286
ราคา287บาท,287,270,ราคาสิินค้า,200,287
ราคา288บาท,288,270,ราคาสิินค้า,200,288
ราคา289บาท,289,270,ราคาสิินค้า,199,289
ราคา 29 บาท,29,25,ราคาสิินค้า,987,29
ราคา290บาท,290,270,ราคาสิินค้า,200,290
ราคา291บาท,291,275,ราคาสิินค้า,200,291
ลิปสติก คละสี,25,11,เครื่องสำอาง,24,29100730
ลิปสติกปลอกใสBAXI,25,20,เครื่องสำอาง,50,29100803
ราคา292บาท,292,275,ราคาสิินค้า,200,292
ราคา293บาท,293,280,ราคาสิินค้า,200,293
ราคา294บาท,294,280,ราคาสิินค้า,200,294
ราคา295บาท,295,280,ราคาสิินค้า,197,295
ราคา296บาท,296,285,ราคาสิินค้า,200,296
ราคา297บาท,297,285,ราคาสิินค้า,200,297
ราคา298บาท,298,290,ราคาสิินค้า,197,298
ราคา299บาท,299,290,ราคาสิินค้า,199,299
ราคา 3บาท,3,2,ราคาสิินค้า,63,3
ราคา 30 บาท,30,25,ราคาสิินค้า,663,30
ราคา300บาท,300,290,ราคาสิินค้า,200,300
ราคา301บาท,301,280,ราคาสิินค้า,200,301
ออรัลบี,15,10,แปลงฟัน,34,3.01426E+12
ราคา302บาท,302,290,ราคาสิินค้า,200,302
ราคา303บาท,303,290,ราคาสิินค้า,200,303
แมนชอง สีทาเล็บ 14ml.,20,15,เครื่องสำอาง,-1,3.03142E+12
น้ำยาล้างเล็บ,30,25,เครื่องสำอาง,48,3.03142E+12
กรรไกตัดเล็บ,35,30,น้ำยาปรับผ้านุ่ม,40,3.03144E+12
ตะไบ+ที่ดุนหนัง,20,15,น้ำยาปรับผ้านุ่ม,38,3.03146E+12
แปรงหินขัดส้นเท้า,29,25,ของใช้ส่วนตัว,0,3.03166E+12
หินขัดเท้า,29,25,ของใช้ส่วนตัว,0,3.03167E+12
เเมนซอง แหนบ ,35,28,ของใช้ส่วนตัว,200,3.03202E+12
ราคา304บาท,304,290,ราคาสิินค้า,200,304
ราคา305บาท,305,290,ราคาสิินค้า,200,305
ราคา306บาท,306,290,ราคาสิินค้า,200,306
ราคา307บาท,307,290,ราคาสิินค้า,200,307
ราคา308บาท,308,290,ราคาสิินค้า,200,308
BIC มีดโกน,20,16,อาหารปลา,55,3.08613E+12
ราคา309บาท,309,290,ราคาสิินค้า,200,309
ราคา 31บาท,31,25,ราคาสิินค้า,496,31
ราคา310บาท,310,290,ราคาสิินค้า,197,310
โรออนสารส้ม,20,15,เครื่องสำอาง,50,3101700001
ราคา311บาท,311,290,ราคาสิินค้า,200,311
ราคา312บาท,312,290,ราคาสิินค้า,200,312
ราคา313บาท,313,290,ราคาสิินค้า,200,313
ราคา314บาท,314,290,ราคาสิินค้า,200,314
ราคา315บาท,315,290,ราคาสิินค้า,200,315
ราคา316บาท,316,290,ราคาสิินค้า,200,316
ราคา317บาท,317,290,ราคาสิินค้า,200,317
ราคา318บาท,318,290,ราคาสิินค้า,200,318
ราคา319บาท,319,290,ราคาสิินค้า,290,319
ราคา 32 บาท,32,25,ราคาสิินค้า,484,32
ราคา320บาท,320,300,ราคาสิินค้า,199,320
ราคา321บาท,321,300,ราคาสิินค้า,200,321
ราคา322บาท,322,300,ราคาสิินค้า,200,322
ราคา323บาท,323,300,ราคาสิินค้า,200,323
ราคา324บาท,324,300,ราคาสิินค้า,199,324
ราคา325บาท,325,300,ราคาสิินค้า,199,325
ราคา326บาท,326,300,ราคาสิินค้า,200,326
ราคา327บาท,327,300,ราคาสิินค้า,200,327
ราคา328บาท,328,300,ราคาสิินค้า,200,328
ราคา329บาท,329,300,ราคาสิินค้า,200,329
ราคา 33บาท,33,25,ราคาสิินค้า,492,33
ราคา330บาท,330,300,ราคาสิินค้า,199,330
ราคา331บาท,331,300,ราคาสิินค้า,199,331
ราคา332บาท,332,300,ราคาสิินค้า,200,332
ราคา333บาท,333,300,ราคาสิินค้า,200,333
กระดาษ100ปอน,5,3,ราคาสิินค้า,100,33333
ราคา334บาท,334,320,ราคาสิินค้า,200,334
ราคา335บาท,335,320,ราคาสิินค้า,199,335
ราคา336บาท,336,320,ราคาสิินค้า,200,336
ราคา337บาท,337,320,ราคาสิินค้า,200,337
ราคา338บาท,338,320,ราคาสิินค้า,200,338
ราคา339บาท,339,320,ราคาสิินค้า,200,339
ราคา 34บาท,34,30,ราคาสิินค้า,492,34
ราคา340บาท,340,320,ราคาสิินค้า,200,340
ราคา341บาท,341,320,ราคาสิินค้า,200,341
ราคา342บาท,342,320,ราคาสิินค้า,200,342
ราคา343บาท,343,320,ราคาสิินค้า,20,343
ราคา344บาท,344,320,ราคาสิินค้า,200,344
ราคา344บาท,344,320,ราคาสิินค้า,9,345
ราคา346บาท,346,320,ราคาสิินค้า,200,346
ราคา347บาท,347,320,ราคาสิินค้า,200,347
ราคา348บาท,348,320,ราคาสิินค้า,200,348
ราคา349บาท,349,320,ราคาสิินค้า,200,349
ราคา 35บาท,35,30,ราคาสิินค้า,236,35
ราคา350บาท,350,330,ราคาสิินค้า,200,350
ราคา351บาท,351,330,ราคาสิินค้า,200,351
ราคา352บาท,352,330,ราคาสิินค้า,200,352
ราคา353บาท,353,330,ราคาสิินค้า,200,353
ราคา354บาท,354,330,ราคาสิินค้า,200,354
ราคา355บาท,355,330,ราคาสิินค้า,199,355
ราคา356,356,330,ราคาสิินค้า,199,356
ราคา357บาท,357,340,ราคาสิินค้า,200,357
ราคา358บาท,358,340,ราคาสิินค้า,198,358
ราคา359บาท,359,340,ราคาสิินค้า,200,359
ราคา 36บาท,36,30,ราคาสิินค้า,494,36
ราคา360บาท,360,340,ราคาสิินค้า,199,360
ราคา361บาท,361,340,ราคาสิินค้า,200,361
ราคา362บาท,361,340,ราคาสิินค้า,199,362
ราคา363บาท,363,340,ราคาสิินค้า,200,363
ราคา364บาท,364,350,ราคาสิินค้า,200,364
ราคา365,365,340,ราคาสิินค้า,196,365
ราคา366บาท,366,340,ราคาสิินค้า,200,366
ราคา367บาท,367,340,ราคาสิินค้า,200,367
ราคา367บาท,368,340,ราคาสิินค้า,200,368
ราคา369บาท,369,340,ราคาสิินค้า,200,369
ราคา 37บาท,37,34,ราคาสิินค้า,495,37
ราคา370บาท,370,340,ราคาสิินค้า,200,370
ราคา371บาท,371,350,ราคาสิินค้า,200,371
ราคา372บาท,372,350,ราคาสิินค้า,200,372
ดัชมิวคิด รสส้ม,18,20,เครื่องดื่ม,10,3.72872E+12
ราคา370บาท,373,350,ราคาสิินค้า,199,373
ราคา374บาท,374,350,ราคาสิินค้า,200,374
ราคา375บาท,375,350,ราคาสิินค้า,198,375
ราคา376บาท,376,350,ราคาสิินค้า,200,376
ราคา377บาท,377,350,ราคาสิินค้า,200,377
ราคา378บาท,378,350,ราคาสิินค้า,200,378
ราคา379บาท,379,350,ราคาสิินค้า,198,379
ราคา 38บาท,38,35,ราคาสิินค้า,486,38
ราคา380บาท,380,370,ราคาสิินค้า,200,380
ราคา381บาท,381,370,ราคาสิินค้า,200,381
ราคา382บาท,382,370,ราคาสิินค้า,200,382
ราคา383บาท,383,370,ราคาสิินค้า,200,383
ราคา384บาท,384,370,ราคาสิินค้า,200,384
ราคา385บาท,385,370,ราคาสิินค้า,196,385
ราคา386บาท,386,370,ราคาสิินค้า,200,386
ราคา387บาท,387,370,ราคาสิินค้า,200,387
เบียร์ช้าง กระป๋อง,37,0,ราคาสิินค้า,100,3.87299E+12
เอลราเคิล อินเนอร์ เเฮร์ ครีม 30มล.,15,9,ยาสระผมครีมนวด,120,3.8748E+12
กรีมไบโอ ซุปเปอร์ ทรีทเมนต์ ครีม 30 มล.,15,13,ราคาสิินค้า,50,3.8748E+12
ราคา388บาท,388,370,ราคาสิินค้า,200,388
ราคา389บาท,389,370,ราคาสิินค้า,200,389
ราคา 39บาท,39,35,ราคาสิินค้า,488,39
ราคา390บาท,390,375,ราคาสิินค้า,370,390
หน้ากากผ้ากรองอากาศ,50,45,ของใช้ส่วนตัว,20,39070331
ราคา391บาท,391,375,ราคาสิินค้า,200,391
ราคา392บาท,392,375,ราคาสิินค้า,200,392
ราคา393,393,375,ราคาสิินค้า,200,393
ราคา394บาท,394,375,ราคาสิินค้า,200,394
ราคา395ยาท,395,375,ราคาสิินค้า,199,395
ราคา396บาท,396,375,ราคาสิินค้า,200,396
ราคา397บาท,397,375,ราคาสิินค้า,200,397
ราคา398บาท,398,375,ราคาสิินค้า,200,398
ราคา399บาท,399,380,ราคาสิินค้า,199,399
ราคา 4,4,3,ราคาสิินค้า,963,4
ราคา 40บาท,40,35,ราคาสิินค้า,294,40
ราคา400บาท,400,380,ราคาสิินค้า,200,400
นิวเวีย เมนเเอนตี้,20,18,เครื่องสำอาง,18,4.00581E+12
นีเวีย(โรลออน)25มล.,45,40,เครื่องสำอาง,39,4.00581E+12
นีเวีย บอดี้ มิลค์ โลชั่น 250มล.,65,58,เครื่องสำอาง,120,4.00581E+12
นีเวีย25มล,49,40,เครื่องสำอาง,49,4.00581E+12
นิวเวีย ไวท์เทนนิ่ง สเปรย์,65,60,เครื่องสำอาง,1,4.00581E+12
นีเวีย(ครีม)8กรัม,12,10,เครื่องสำอาง,39,4.00581E+12
นีเวีย,49,38,เครื่องสำอาง,49,4.00581E+12
นีเวียโฟม,50,45,ราคาสิินค้า,0,4.00581E+12
โฟมนีเวีย100กรัม,115,100,เครื่องสำอาง,28,4.00581E+12
นีเวียโฟมคุมมัน,50,45,ราคาสิินค้า,0,4.00581E+12
นิเวีย ซากุระ 20ml.,59,52,เครื่องสำอาง,47,40063621
สเต็ดเลอร์ ยางลบ neon ,5,3,พลาสติก,120,4.00782E+12
Staedtler ปากกา สีดำ ,5,4,พลาสติก,120,4.00782E+12
ยางลบ,5,4,ของใช้ส่วนตัว,40,4.00782E+12
สเต็ดเลอร์ กาวเเท่ง 8กรัม,20,16,พลาสติก,119,4.00782E+12
ราคา401บาท,401,380,ราคาสิินค้า,199,401
ราคา402บาท,0,380,ราคาสิินค้า,200,402
ราคา403บาท,403,380,ราคาสิินค้า,200,403
คาเมลฟิลเตอร์,72,67,บุหรี่+ยาเส้น,46,40329055
คาเมล บลู,60,0,บุหรี่+ยาเส้น,47,40329086
ราคา404บาท,404,380,ราคาสิินค้า,200,404
ราคา405บาท,405,380,ราคาสิินค้า,200,405
ราคา406บาท,406,380,ราคาสิินค้า,198,406
ราคา,407,380,ราคาสิินค้า,200,407
ราคา408บาท,408,380,ราคาสิินค้า,200,408
ราคา409ยาท,409,380,ราคาสิินค้า,200,409
ราคา 41บาท,41,35,ราคาสิินค้า,497,41
ราคา410บาท,410,380,ราคาสิินค้า,200,410
ราคา411บาท,411,380,ราคาสิินค้า,200,411
ราคา412,412,380,ราคาสิินค้า,200,412
ราคา413บาท,413,380,ราคาสิินค้า,198,413
ราคา414บาท,414,380,ราคาสิินค้า,200,414
ราคา415บาท,415,380,ราคาสิินค้า,200,415
ราคา416บาท,416,380,ราคาสิินค้า,200,416
ราคา417บาท,417,380,ราคาสิินค้า,200,417
ราคา418บาท,418,380,ราคาสิินค้า,200,418
ราคา419บาท,419,380,ราคาสิินค้า,200,419
ราคา 42บาท,42,35,ราคาสิินค้า,489,42
ราคา420บาท,420,380,ราคาสิินค้า,198,420
ราคา421บาท,421,380,ราคาสิินค้า,200,421
นีเวีย,53,45,เครื่องสำอาง,46,42131946
วินสตันกรีน ใหญ่,95,87,บุหรี่+ยาเส้น,43,42137085
วินตั้นน้ำเงิน,95,90,บุหรี่+ยาเส้น,9,42137443
วินสตันเรด ใหญ่,95,87,บุหรี่+ยาเส้น,46,42138037
นีเวีย(โรลออน)25มล.,52,49,เครื่องสำอาง,39,42184706
นิเวีย เมน คูล คิก 25ml.,52,49,ของใช้ส่วนตัว,118,42185437
ราคา422บาท,422,380,ราคาสิินค้า,200,422
นีเวีย(โรลออน)25มล.,52,49,เครื่องสำอาง,33,42217459
นีเวีย เพิร์ล เเอนด์ บิวตี้ (โรลออน)25มล.,35,29,เครื่องสำอาง,30,42288565
ราคา423บาท,423,380,ราคาสิินค้า,200,423
นิเวียโรลออน25มล,49,43,เครื่องสำอาง,50,42316374
โรออนคูลเพวเดอร์25มล,49,42,เครื่องสำอาง,6,42333265
นีเวีย ดีพ,52,43,เครื่องสำอาง,30,42397700
นีเวีย อัพออร่า7ม,29,22,เครื่องสำอาง,29,42397793
นีเวีย ฮอกไกโด โรส 20ml.,59,52,เครื่องสำอาง,48,42397908
ราคา424บาท,424,380,ราคาสิินค้า,199,424
นีเวียซันออยล์,25,20,ราคาสิินค้า,-1,42417507
นิเวีย ซั้น C&E 7มล.,29,22,เครื่องสำอาง,119,42418023
นิเวีย เมน คูลคิก 25ml.,49,39,ของใช้ส่วนตัว,113,42418085
นิเวีย ดีโอ C&E 25ml.,55,44,ของใช้ส่วนตัว,118,42419723
นีเวียไมโคร25มล,53,45,เครื่องสำอาง,30,42420224
นีเวีย เอ็กซ์ตร้า ไบร์เทนนิ่ง 25ml,50,45,ของใช้ส่วนตัว,122,42420231
แอรืซอพรื,55,50,ราคาสิินค้า,-2,42429357
นีเวีย,53,49,ราคาสิินค้า,-1,42439394
ราคา425บาท,425,380,ราคาสิินค้า,200,425
ราคา246บาท,426,380,ราคาสิินค้า,200,426
ราคา247บาท,427,380,ราคาสิินค้า,198,427
ราคา428บาท,428,380,ราคาสิินค้า,200,428
ราคา429บาท,429,380,ราคาสิินค้า,200,429
ราคา 43บาท,43,35,ราคาสิินค้า,497,43
ราคา430บาท,0,430,ราคาสิินค้า,200,430
ราคา431บาท,431,390,ราคาสิินค้า,200,431
ราคา432บาท,432,400,ราคาสิินค้า,200,432
น้ำตาลมะพร้าว,20,15,เครื่องปรุงอาหาร,40,43251101
น้ำตาลกรวจ1กก,45,41,เครื่องปรุงต่างๆ,5,43251105
ราคา433บาท,433,400,ราคาสิินค้า,200,433
ราคา434บาท,434,400,ราคาสิินค้า,200,434
ราคา435บาท,435,400,ราคาสิินค้า,200,435
ราคา436บาท,436,400,ราคาสิินค้า,200,436
ราคา437บาท,437,4400,ราคาสิินค้า,199,437
ราคา438บาท,438,400,ราคาสิินค้า,200,438
ราคา439บาท,439,400,ราคาสิินค้า,20,439
ราคา 44บาท,44,40,ราคาสิินค้า,496,44
ราคา440,440,400,ราคาสิินค้า,200,440
ราคา441บาท,441,400,ราคาสิินค้า,200,441
ราคา442บาท,442,400,ราคาสิินค้า,200,442
CCC พลาสติกบรรจุอาหาร ,25,20,พลาสติก,120,44255610361
ราคา443บาท,443,400,ราคาสิินค้า,200,443
ราคา444บาท,444,400,ราคาสิินค้า,200,444
ราคา445บาท,445,400,ราคาสิินค้า,200,445
ราคา446บาท,446,400,ราคาสิินค้า,199,446
ราคา447บาท,447,420,ราคาสิินค้า,200,447
ราคา448บาท,448,420,ราคาสิินค้า,200,448
ราคา446บาท,449,420,ราคาสิินค้า,200,449
ถุงเท้า,20,15,ของใช้ส่วนตัว,100,44900002
ดาว์นี่ผงซักฟอก,80,75,ผงซักผ้า,0,4.49024E+13
ราคา 45บาท,45,40,ราคาสิินค้า,396,45
ราคา450บาท,450,420,ราคาสิินค้า,200,450
ราคา451บาท,451,430,ราคาสิินค้า,200,451
ขนนกใบมีด 5 ใบ,25,22,น้ำยาปรับผ้านุ่ม,37,45176531
ราคา452บาท,452,430,ราคาสิินค้า,200,452
ราคา453บาท,453,430,ราคาสิินค้า,200,453
ราคา454บาท,454,430,ราคาสิินค้า,200,454
ราคา455บาท,455,430,ราคาสิินค้า,200,455
ราคา456บาท,456,430,ราคาสิินค้า,200,456
ราคา457บาท,457,430,ราคาสิินค้า,200,457
ราคา458บาท,458,430,ราคาสิินค้า,200,458
ราคา459บาท,459,430,ราคาสิินค้า,200,459
ราคา 46บาท,46,40,ราคาสิินค้า,495,46
ราคา460บาท,460,430,ราคาสิินค้า,200,460
ราคา461บาท,461,430,ราคาสิินค้า,200,461
ราคา462บาท,462,450,ราคาสิินค้า,200,462
ราคา463บาท,463,450,ราคาสิินค้า,200,463
ราคา464บาท,464,450,ราคาสิินค้า,200,464
ราคา465บาท,465,450,ราคาสิินค้า,199,465
ราคา466บาท,466,450,ราคาสิินค้า,200,466
ราคา467บาท,467,450,ราคาสิินค้า,200,467
ราคา468บาท,468,450,ราคาสิินค้า,199,468
ราคา469บาท,469,450,ราคาสิินค้า,200,469
ราคา 47บาท,47,42,ราคาสิินค้า,494,47
ราคา470บาท,470,450,ราคาสิินค้า,199,470
ราคา471บาท,471,450,ราคาสิินค้า,200,471
ไฮเตอร์คัลเลอร์500มล.,45,40,ผงซักผ้า,40,4.71036E+12
ราคา472บาท,472,450,ราคาสิินค้า,200,472
ราคา473บาท,473,450,ราคาสิินค้า,200,473
ราคา474บาท,474,450,ราคาสิินค้า,200,474
ราคา475บาท,475,450,ราคาสิินค้า,198,475
ราคา476บาท,476,450,ราคาสิินค้า,200,476
ราคา477บาท,477,450,ราคาสิินค้า,200,477
ราคา478บาท,478,450,ราคาสิินค้า,200,478
ราคา479บาท,479,450,ราคาสิินค้า,200,479
ราคา48บาท,48,45,ราคาสิินค้า,495,48
ราคา480บาท,480,450,ราคาสิินค้า,200,480
Lactacyd60มล,60,55,เครื่องสำอาง,50,4.80014E+12
อาหารเช้าซีเรียลโฮเกรนข้าวโพดผสมข้าวสาลีอบกรอบเคลือบน้ำผึ่ง 20 กรัม,10,8,ราคาสิินค้า,118,4.80036E+12
โกโก้ครั้น,25,21,ขนม+ไอสครีม,-2,4.80036E+12
อาหารเช้าซีเรียลโฮลเกรนข้าวสาลีอบกรอบรสช็อกโกแลตและรสไวท์ช็อกโกแลต 20 กรัม,10,8,ราคาสิินค้า,120,4.80036E+12
แอ๊กซ์50มล,65,60,เครื่องสำอาง,50,4.80089E+12
เรโซนา(โรลออน)10กรัม,20,18,เครื่องสำอาง,40,4.80089E+12
เรโซนา(โรลออน)25มล.,35,30,เครื่องสำอาง,40,4.80089E+12
เรโซนาชาวเวอร์คลีน25มล.,35,30,เครื่องสำอาง,40,4.80089E+12
เรโซนา(โรลออน)10กรัม,20,18,เครื่องสำอาง,37,4.80089E+12
เรโซนาแอควานซ์25มล.,35,30,เครื่องสำอาง,39,4.80089E+12
เรโซนา(โรลออน)25มล.,35,30,เครื่องสำอาง,40,4.80089E+12
เรโซนาแอคทีฟ25มล.,35,30,เครื่องสำอาง,40,4.80089E+12
closeup,20,16,แปลงฟัน,8,4.80089E+12
โคลสอัพสลิม,45,40,แปลงฟัน,36,4.80089E+12
วาสลีน25มล,45,38,เครื่องสำอาง,50,4.80089E+12
โคลอัพ สลิม เเคร์,99,86,แปลงฟัน,50,4.80089E+12
แป้งเด็ก จอห์นสัน200ก,30,25,แป้ง,100,4.80101E+12
จอห์นสัน เบบี้-ออยล์ 125มล.,75,72,เครื่องสำอาง,120,4.80101E+12
แปรงสีฟันเด็กคอลเกต,20,15,แปลงฟัน,99,4.80889E+12
ราคา,481,450,ราคาสิินค้า,200,481
ราคา482,482,450,ราคาสิินค้า,200,482
ราคา483บาท,483,460,ราคาสิินค้า,200,483
ราคา484บาท,484,460,ราคาสิินค้า,200,484
ราคา485บาท,485,460,ราคาสิินค้า,199,485
ราคา486บาท,486,460,ราคาสิินค้า,200,486
ราคา487บาท,487,460,ราคาสิินค้า,200,487
ราคา488บาท,488,460,ราคาสิินค้า,200,488
ราคา489บาท,489,460,ราคาสิินค้า,200,489
แปรงสีฟันดาร์ลี่ ฟอร์ เฮอรื,20,15,ราคาสิินค้า,100,4.89134E+12
ดาร์ลี่เอนนาเมลโพรเทค,47,40,ยาสีฟัน,0,4.89134E+12
ดาร์ลี่40ก,13,10,ยาสีฟัน,100,4.89134E+12
ดาร์ลี่เกลือ,27,25,ยาสีฟัน,-2,4.89134E+12
ดาร์ลี่75ก,27,25,ยาสีฟัน,50,4.89134E+12
โคโคโมยาสีฟัน อัลตร้า ชิลด์40ก.,20,15,ยาสีฟัน,100,4.89134E+19
ราคา49,49,45,ราคาสิินค้า,495,49
ราคา490บาท,490,470,ราคาสิินค้า,199,490
โอเลย์ ไวท์ (ครีม)10กรัม,12,9.1,เครื่องสำอาง,39,4.90243E+12
Head & shoulders150ml,55,45,ยาสระผมครีมนวด,20,4.90243E+12
ดาวนี่ฟ้า650มล.,55,50,น้ำยาปรับผ้านุ่ม,39,4.90243E+12
ดาวน์นี่ กลิ่นหอมสดชื่นยามเช้า 1.47ลิตร,150,139,น้ำยาปรับผ้านุ่ม,120,4.90243E+12
สบูเซฟการ์ด 85กรัม,15,12,สบู่,30,4.90243E+12
สบู่เซฟการ์ด,15,12,สบู่,26,4.90243E+12
สบู่เซฟการ์ด,15,12,สบู่,30,4.90243E+12
สบู่เซฟการ์ด85กรัม,15,12,สบู่,29,4.90243E+12
ดาวนี่ 20มล.,4,2,น้ำยาปรับผ้านุ่ม,72,4.90243E+12
ดาวน์นี้ แพชชั่น 330มล,45,35,น้ำยาปรับผ้านุ่ม,50,4.90243E+12
ดาวนี่ แพชชั่น 500มล.,60,53,น้ำยาปรับผ้านุ่ม,36,4.90243E+12
เฮด เเอนด์ โชว์เดอร์ คูลเมนทอล450มล,119,108,ยาสระผมครีมนวด,20,4.90243E+12
โอเลย์(ครีม)7.5กรัม,10,8,เครื่องสำอาง,40,4.90243E+12
รีจอยร์แชมพู120มล,35,20,ยาสระผมครีมนวด,19,4.90243E+12
ดาวน์นี่ เเพชชั่น 1.25ลิตร,150,130,น้ำยาปรับผ้านุ่ม,20,4.90243E+12
โอเล่สูตรบางเบา,15,12,เครื่องสำอาง,50,4.90243E+12
เฮดแอนร์โชร์เดอร์140มล,49,44,ยาสระผมครีมนวด,15,4.90243E+12
เฮดแอนด์โชเดอร์140มล,49,46,ยาสระผมครีมนวด,14,4.90243E+12
รีจอยส์600มล,129,120,ยาสระผมครีมนวด,20,4.90243E+12
ครีมนวดรีจ้อย140มล.,35,30,ยาสระผมครีมนวด,30,4.90243E+12
รีจอยส์(ครีมนวด)70มล.,20,19,ยาสระผมครีมนวด,40,4.90243E+12
รีจอยส์(ครีมนวด)70มล.,20,19,ยาสระผมครีมนวด,29,4.90243E+12
รีจอยส์(แชมพู)140มล.,35,30,ยาสระผมครีมนวด,29,4.90243E+12
แชมพุรีจ้อย140มล.,35,30,ยาสระผมครีมนวด,30,4.90243E+12
รีจอยส์(แชมพู)70มล.,20,18,ยาสระผมครีมนวด,27,4.90243E+12
รีจอยส์(แชมพู)70มล.,20,18,ยาสระผมครีมนวด,28,4.90243E+12
แพนทีน ครีมนวด150มล,35,30,ยาสระผมครีมนวด,100,4.90243E+12
รีจอยส์600มล,129,120,ยาสระผมครีมนวด,20,4.90243E+12
รีจอยส์(แชมพู)70มล.,20,18,ยาสระผมครีมนวด,30,4.90243E+12
รีจอยส์(ครีมนวด)70มล.,20,19,ยาสระผมครีมนวด,30,4.90243E+12
แพนทีนแชมพู150มล,35,30,ยาสระผมครีมนวด,50,4.90243E+12
แพนทีนแชมพู150มล,35,30,ยาสระผมครีมนวด,50,4.90243E+12
เเพนทีน แฮร์ ฟอล 165มล.,65,60,ยาสระผมครีมนวด,19,4.90243E+12
รีจอยส์(แชมพู)70มล.,20,18,ยาสระผมครีมนวด,30,4.90243E+12
โอเลย์(ครีม)7.5กรัม,15,13,เครื่องสำอาง,26,4.90243E+12
แชมพุเฮดแอนด์โชว์เดอร์150มล.,55,50,ยาสระผมครีมนวด,30,4.90243E+12
เฮดแอนด์โชว์เดอร์เมนทอล,65,50,ยาสระผมครีมนวด,100,4.90243E+12
แพนทีน สมูท แคร์ 70มล,20,16,ยาสระผมครีมนวด,29,4.90243E+12
แพนทีน(แชมพู)70มล.,20,15,ยาสระผมครีมนวด,29,4.90243E+12
แพนทีน แชมพู 70มล,25,18,ยาสระผมครีมนวด,100,4.90243E+12
แพนทีน โทเทล 70มล,20,16,ยาสระผมครีมนวด,28,4.90243E+12
ดาวน์นี้,4,3,น้ำยาปรับผ้านุ่ม,124,4.90243E+12
Head&shoulders Clean&Balanced 70ml,29,23,ยาสระผมครีมนวด,97,4.90243E+12
Downy กลิ่นหอมสดชื่น 560มล.,65,53,น้ำยาปรับผ้านุ่ม,20,4.90243E+12
ดาวน์นี้110มล,20,15,น้ำยาปรับผ้านุ่ม,4,4.90243E+12
ดาวร์นี้ ดอกไม้สดชื่น 1.35ล,150,130,น้ำยาปรับผ้านุ่ม,20,4.90243E+12
ดาร์วน้ี,4,3,น้ำยาปรับผ้านุ่ม,100,4.90243E+12
Downy กลิ่นกุหลาบ ลูกเเพร่ 560มล.,60,53,น้ำยาปรับผ้านุ่ม,17,4.90243E+12
ดาวร์นี้110มล,20,16,น้ำยาปรับผ้านุ่ม,19,4.90243E+12
ดาวน์นี่ กลิ่นหอมช่อดอกไม้ 1350มล.,150,137,น้ำยาปรับผ้านุ่ม,120,4.90243E+12
ดาวน์นี้,75,65,น้ำยาปรับผ้านุ่ม,50,4.90243E+12
ดาวน๊นี้,75,65,น้ำยาปรับผ้านุ่ม,49,4.90243E+12
เฮด 70มล,25,23,ยาสระผมครีมนวด,99,4.90243E+12
เฮด 70มล,25,23,ยาสระผมครีมนวด,100,4.90243E+12
ดาวน์นี้ปรับ500มล,125,109,น้ำยาปรับผ้านุ่ม,20,4.90243E+12
รีจ้อยส์ แชมพู70มล,20,18,ยาสระผมครีมนวด,100,4.90243E+12
ครีมนวดรีจอยส์,20,18,ยาสระผมครีมนวด,98,4.90243E+12
รีจอย์มะละกอ,35,30,ยาสระผมครีมนวด,100,4.90243E+12
แพนทีน(แชมพู)140มล.,43,30,ยาสระผมครีมนวด,26,4.90243E+12
แพนทีน(แชมพู)140มล.,43,39,ยาสระผมครีมนวด,27,4.90243E+12
แพนทีน สมูทแคร์140มล,43,30,ยาสระผมครีมนวด,30,4.90243E+12
แพนทีน(ครีมบำรุง)140มล.,45,40,ยาสระผมครีมนวด,29,4.90243E+12
ดาวนี่สวนดอกไม้ผลิ,40,35,น้ำยาปรับผ้านุ่ม,-1,4.90243E+12
ดาวน์นี่ กลิ่นสวนดอกไม้ผลิ 590มล.,60,55,น้ำยาปรับผ้านุ่ม,26,4.90243E+12
ดาวน์นี่ สูตรเข้มข้นสวนดอกไม้พลิ 1.47ลิตร,150,119,น้ำยาปรับผ้านุ่ม,120,4.90243E+12
ดาวนี่น้ำเดียว600มล.,60,55,น้ำยาปรับผ้านุ่ม,30,4.90243E+12
ดาวร์นี้1.35,150,130,น้ำยาปรับผ้านุ่ม,20,4.90243E+12
ยิลเลตต์ บลู2 เฟล็กซ์ซี่,25,20,ของใช้ส่วนตัว,118,4.90243E+12
แพนทีนสีส้ม,65,60,ยาสระผมครีมนวด,0,4.90243E+12
ดาวนี้ เเพชั้น 20มล.,75,65,น้ำยาปรับผ้านุ่ม,114,4.90243E+12
ดาวน์นี่ มิส-ทีค 500มล,60,55,น้ำยาปรับผ้านุ่ม,28,4.90243E+12
ดาวร์นี้มิสทีค1.35ล,150,130,น้ำยาปรับผ้านุ่ม,19,4.90243E+12
ดาวน์นี้ มิส-ทีค 20มล.,4,3,น้ำยาปรับผ้านุ่ม,146,4.90243E+12
ดาวนี่310มลแพ็ค3,118,109,น้ำยาปรับผ้านุ่ม,20,4.90243E+12
เฮดแอนโชเดอเม็น,25,22,ยาสระผมครีมนวด,20,4.90243E+12
เฮดแอนด์โชว์เดอร์410มล,120,110,ยาสระผมครีมนวด,19,4.90243E+12
เฮดแอนด์โชว์เดอร์ คูเมนทอล410มล,120,96,ยาสระผมครีมนวด,10,4.90243E+12
รีจอยส์ เเชมพู เเดนดรัฟ 410ml.,85,77,ยาสระผมครีมนวด,120,4.90243E+12
รีจอยส์ เเชมพู ริช ซอฟท์ 410ml.,85,77,ยาสระผมครีมนวด,120,4.90243E+12
ครีมนวดแพนทีน70มล,25,20,ยาสระผมครีมนวด,100,4.90243E+12
แพนทีน(แชมพู)70มล.,20,18,ยาสระผมครีมนวด,29,4.90243E+12
แพนทีน   140มล,35,30,ยาสระผมครีมนวด,30,4.90243E+12
แพนทีน(ครีมบำรุง)140มล.,35,29,ยาสระผมครีมนวด,21,4.90243E+12
ดาวน์นี้,75,65,น้ำยาปรับผ้านุ่ม,50,4.90243E+12
แพนทีน(ครีมบำรุง)70มล.,25,23,ยาสระผมครีมนวด,30,4.90243E+12
แพนทีน(ครีมบำรุง)70มล.,25,23,ยาสระผมครีมนวด,30,4.90243E+12
แพนทีน(ครีมบำรุง)70มล.,25,23,ยาสระผมครีมนวด,28,4.90243E+12
เฮด เเอนด์ โชว์เดอร์ เเอปเปิ้ล450มล,119,108,ยาสระผมครีมนวด,19,4.90243E+12
แพนทีน(แชมพู)70มล.,25,18,ยาสระผมครีมนวด,28,4.90243E+12
ครีมนวดแพนทีน70ก,25,20,ยาสระผมครีมนวด,100,4.90243E+12
มีดโกนหนวดยิลเลตต์,25,20,ของใช้ส่วนตัว,30,4.90243E+12
เฮดแอนด์โชว์เดอร์(แชมพู)150มล.,55,50,ยาสระผมครีมนวด,29,4.90243E+12
เฮดแอนด์โชว์เดอร์(แชมพู)150มล.,65,50,ยาสระผมครีมนวด,30,4.90243E+12
เฮดแอนด์โชว์เดอร์(แชมพู)65มล.,25,23,ยาสระผมครีมนวด,25,4.90243E+12
เฮดแอนด์โชว์เดอร์(แชมพู)65มล.,25,19.18,ยาสระผมครีมนวด,29,4.90243E+12
เฮดแอนด์โชว์เดอร์(แชมพู)65มล.,25,23,ยาสระผมครีมนวด,30,4.90243E+12
เฮดแอนด์โชว์เดอร์(แชมพู)65มล.,25,23,ยาสระผมครีมนวด,19,4.90243E+12
ดาวนี่ฟิวชั่น330มล.,40,35,น้ำยาปรับผ้านุ่ม,30,4.90243E+12
ดาวนี่20มล.,4,2,น้ำยาปรับผ้านุ่ม,30,4.90243E+12
ดาวนี่โรมานซ์330มล.,40,35,น้ำยาปรับผ้านุ่ม,30,4.90243E+12
เฮดแอนด์โชว์เดอร์  150มล,55,50,ยาสระผมครีมนวด,49,4.90243E+12
ดาวนี่20มล.,4,2,น้ำยาปรับผ้านุ่ม,30,4.90243E+12
ดาวนี่20มล.,4,2,น้ำยาปรับผ้านุ่ม,30,4.90243E+12
ดาวนี่20มล.,4,2,น้ำยาปรับผ้านุ่ม,30,4.90243E+12
ดาว์นี่สีฟ้า,75,65,น้ำยาปรับผ้านุ่ม,-5,4.90243E+12
ดาวนี่ชมพูดอกไม้พลิ,75,65,น้ำยาปรับผ้านุ่ม,-4,4.90243E+12
ดาว์นี่สีน้ำเงิน,70,65,น้ำยาปรับผ้านุ่ม,0,4.90243E+12
รีจอยส์ ผสานเมนทอล 370มล.,99,0,ยาสระผมครีมนวด,1,4.90243E+12
ดาวน์นี้600มล,60,55,น้ำยาปรับผ้านุ่ม,50,4.90243E+12
ดาวนี่68กรัม,10,8,ผงซักผ้า,30,4.90243E+12
ดาวนี่210กรัม,25,20,ผงซักผ้า,30,4.90243E+12
ดาวนี่68กรัม,10,8,ผงซักผ้า,30,4.90243E+12
ดาวนี่210กรัม,25,20,ผงซักผ้า,30,4.90243E+12
ดาวนี่800กรัม,85,80,ผงซักผ้า,30,4.90243E+12
ดาว์นี่ผงซักฟอก,85,80,ผงซักผ้า,100,4.90243E+12
ดาวนี่สวีทฮาร์ท330มล.,40,35,น้ำยาปรับผ้านุ่ม,29,4.90243E+12
ดาวน์นี้ แดร์ริ่ง330มล,40,35,น้ำยาปรับผ้านุ่ม,50,4.90243E+12
ครีมนวดรีจ้อย140มล.,38,35,ยาสระผมครีมนวด,30,4.90243E+12
โอเลย์(ครีม)10กรัม,15,12,เครื่องสำอาง,30,4.90243E+12
ดาวนี่20มล.,4,2,น้ำยาปรับผ้านุ่ม,30,4.90243E+12
ดาวน์นี่ กลิ่นสวีทฮาร์ท 500มล.,60,55,น้ำยาปรับผ้านุ่ม,9,4.90243E+12
Haed & shouders clean&balanced 150ml,59,47,ยาสระผมครีมนวด,18,4.90243E+12
ดาวร์นี้สวีทฮาร์ท1.35ล,150,130,ราคาสิินค้า,20,4.90243E+12
ดาวร์นี้22มล,4,3,น้ำยาปรับผ้านุ่ม,100,4.90243E+12
ดาวน์นี่ เเดร์รื่ง 500มล.,60,48,น้ำยาปรับผ้านุ่ม,120,4.90243E+12
ดาวน์นี่ เเดร์ริ่ง 1.35ลิตร,150,120,น้ำยาปรับผ้านุ่ม,20,4.90243E+12
ดาวน์นี่15มล,75,65,น้ำยาปรับผ้านุ่ม,20,4.90243E+12
ดาวนี่มิสทีค125มล.,20,15,น้ำยาปรับผ้านุ่ม,20,4.90243E+12
ดาวนี่ฟ้า130มล.,20,15,น้ำยาปรับผ้านุ่ม,20,4.90243E+12
ดาวน์นี่190ก,25,20,ผงซักผ้า,100,4.90243E+12
ดาวนี่68กรัม,10,8,ผงซักผ้า,30,4.90243E+12
แพนทีน(แชมพู)140มล.,35,30,ยาสระผมครีมนวด,30,4.90243E+12
โอเลยทซากุระ,10,8,เครื่องสำอาง,48,4.90243E+12
เฮด 150มล,55,45,ยาสระผมครีมนวด,99,4.90243E+12
เฮด แอนด์ โชว์เดอร์ สมูด,55,50,ยาสระผมครีมนวด,198,4.90243E+12
ครีมนวดเฮดโชว์เดอร์,55,50,เครื่องสำอาง,30,4.90243E+12
เฮดแอนด์เดอร์,55,50,ยาสระผมครีมนวด,30,4.90243E+12
แพนทีน โปรวี,10,8,ยาสระผมครีมนวด,20,4.90243E+12
แพนทีน โปรวี,10,8,ยาสระผมครีมนวด,20,4.90243E+12
รีจอยส์(แชมพู)70มล.,25,23,ยาสระผมครีมนวด,30,4.90243E+12
รีจอยส์ ดอกพีโอนี 120มล.,35,30,ยาสระผมครีมนวด,100,4.90243E+12
รีจอยส์450มล,120,105,เครื่องสำอาง,50,4.90243E+12
รีจอยดอกลินลี่,25,20,ยาสระผมครีมนวด,0,4.90243E+12
รีจอยส์(แชมพู)70มล.,25,23,ยาสระผมครีมนวด,30,4.90243E+12
รีจอยส์แชมพู 120ก,35,30,ยาสระผมครีมนวด,99,4.90243E+12
ดาวร์นี้ซักผ้า35มล,5,4,น้ำยาปรับผ้านุ่ม,20,4.90243E+12
ดาวน์นี้35มล,5,4,ผงซักผ้า,100,4.90243E+12
ดาวน์นี้ซักผ้า35มล,5,3,ผงซักผ้า,100,4.90243E+12
ดาว์นี่ดอกไม้ชมพู,75,65,น้ำยาปรับผ้านุ่ม,-2,4.90243E+12
ดาวร์นี้960ก,55,40,ผงซักผ้า,20,4.90243E+12
ดาวร์นี้690ก,50,45,ผงซักผ้า,19,4.90243E+12
ดาวนี่สวนดอกไม้130มล.,20,15,น้ำยาปรับผ้านุ่ม,27,4.90243E+12
ดาวนี่แพชชั่น125มล.,20,15,น้ำยาปรับผ้านุ่ม,24,4.90243E+12
เฮดแอนโชเดอ65มล,25,20,ยาสระผมครีมนวด,100,4.90243E+12
เฮด อัลตร้า 135มล,65,55,ยาสระผมครีมนวด,100,4.90243E+12
ดาวนี่ซากุระ,65,60,น้ำยาปรับผ้านุ่ม,-2,4.90243E+12
เฮดแอนด์โชว์เดอร์150มล,55,46,ยาสระผมครีมนวด,19,4.90243E+12
ดาวน์นี้120มล,20,18,น้ำยาปรับผ้านุ่ม,100,4.90243E+12
รีจอยร์ไมเซลาแชมพู100มล,29,25,ยาสระผมครีมนวด,20,4.90243E+12
โอเล่,20,15,เครื่องสำอาง,49,4.90243E+12
ดานนี้16มล,4,2,น้ำยาปรับผ้านุ่ม,100,4.90243E+12
ดาวร์นี้16มล,4,3,น้ำยาปรับผ้านุ่ม,100,4.90243E+12
ดาวน์นี้100มล,20,18,น้ำยาปรับผ้านุ่ม,100,4.90243E+12
ดาวน์นี้100มล,20,18,น้ำยาปรับผ้านุ่ม,100,4.90243E+12
ดาวน์นี้ ซีเคร็ท300มล,40,35,น้ำยาปรับผ้านุ่ม,50,4.90243E+12
ดาวน์นี้490มล,60,55,น้ำยาปรับผ้านุ่ม,20,4.90243E+12
ดาวน์นี้  อควา300มล,40,35,น้ำยาปรับผ้านุ่ม,49,4.90243E+12
ดาวน์นี้580มล,60,55,น้ำยาปรับผ้านุ่ม,50,4.90243E+12
รีจ้อยส์ แชมพู120มล,35,30,ยาสระผมครีมนวด,100,4.90243E+12
เฮด  แชมพู 135มล,65,55,ยาสระผมครีมนวด,100,4.90243E+12
แพนทีน60มล,20,15,ยาสระผมครีมนวด,19,4.90243E+12
รีจอยส์450มล,120,105,ของใช้ส่วนตัว,50,4.90243E+12
ดาวร์นี็20มล,4,3,น้ำยาปรับผ้านุ่ม,100,4.90243E+12
ดาวร์นี้300มล,40,35,น้ำยาปรับผ้านุ่ม,20,4.90243E+12
ดาวน์นี้540มล,60,55,น้ำยาปรับผ้านุ่ม,50,4.90243E+12
ดาวน์นี่ กลิ่นสปอร์ต 1.35มล.,150,130,น้ำยาปรับผ้านุ่ม,20,4.90243E+12
ดาวร์นี้,5,4,ผงซักผ้า,18,4.90243E+12
ดาวน์นี้,4,3,น้ำยาปรับผ้านุ่ม,100,4.90243E+12
แพนทีน60มล,20,15.71,ยาสระผมครีมนวด,6,4.90243E+12
แพนทีน60มล,20,15,ยาสระผมครีมนวด,6,4.90243E+12
ดาวน์นี้,75,65,น้ำยาปรับผ้านุ่ม,49,4.90243E+12
ดาวน์นี่ สำหรับตากผ้าในร่ม 1.35ล,150,130,น้ำยาปรับผ้านุ่ม,18,4.90243E+12
โอเลย์ เนเจอริล ไวท์7.5ก,25,20,เครื่องสำอาง,28,4.90243E+12
แพนทีน70มล,25,20,ยาสระผมครีมนวด,19,4.90243E+12
แปรงสีฟันออรัลบี,25,21,ราคาสิินค้า,0,4.90243E+12
โอเลย์7.5ก,25,20,เครื่องสำอาง,50,4.90243E+12
ดาวร์นี้150มล,20,16,น้ำยาปรับผ้านุ่ม,20,4.90243E+12
ดาวร์นี้110มล,20,16,น้ำยาปรับผ้านุ่ม,18,4.90243E+12
โอเล่,25,20,เครื่องสำอาง,20,4.90243E+12
ดาวร์นี้540มล,55,45,น้ำยาปรับผ้านุ่ม,20,4.90243E+12
ดาวน์นี่ สูตรอ่อนโยน 1.35ลิตร,150,138,น้ำยาปรับผ้านุ่ม,120,4.90243E+12
เฮดแอนตี้,119,109,ราคาสิินค้า,-1,4.90243E+12
เฮดแอนตี้,119,109,ราคาสิินค้า,0,4.90243E+12
แพนทีน โททอล & แพนทีน ทรีมินิท,200,174,ยาสระผมครีมนวด,12,4.90243E+12
ร๊จอยส์,95,89,ราคาสิินค้า,0,4.90243E+12
รีจอยส์รีช,95,89,ราคาสิินค้า,0,4.90243E+12
ดาวนี่ฟ้า375มล.,45,35,น้ำยาปรับผ้านุ่ม,28,4.90243E+12
แกตบี้  ฮาร์ด100ก,0,49,เครื่องสำอาง,2,4.90281E+12
แกตบี้ซอฟท์100ก,49,42,เครื่องสำอาง,2,4.90281E+12
ลาวีเลีย ฟรุ๊ตตี้ฟลอรัส 100มล.,45,39,เครื่องสำอาง,50,4.90281E+12
ลาวีเลีย ไวท์ฟลอรัส 100มล.,0,45,เครื่องสำอาง,50,4.90281E+12
ลาวีเลีย สวีทฟลอรัส 100มล.,45,39,เครื่องสำอาง,50,4.90281E+12
ลาวีเลีย จู๊ซซี้ ฟลอรัส 100มล.,45,39,เครื่องสำอาง,50,4.90281E+12
แว็กซ์ผม25กรัม,35,30,แป้ง,30,4.90281E+12
สไปค์กี้25กรัม,35,30,แป้ง,30,4.90281E+12
ราคา491บาท,491,470,ราคาสิินค้า,200,491
ราคา492บาท,492,470,ราคาสิินค้า,200,492
ราคา493บาท,493,470,ราคาสิินค้า,200,493
ราคา494บาท,494,470,ราคาสิินค้า,199,494
ราคา495บาท,495,470,ราคาสิินค้า,200,495
ราคา496บาท,496,470,ราคาสิินค้า,200,496
ราคา497บาท,497,470,ราคาสิินค้า,200,497
ราคา498บาท,498,470,ราคาสิินค้า,200,498
คูลฟีเวอร์ ผู้ใหญ่ 6 Sheets,120,95,ราคาสิินค้า,120,4.98707E+12
คูลฟีเวอร์ เด็ก 6 Sheets,120,95,ราคาสิินค้า,120,4.98707E+12
ดาวน์นี่ กลิ่นหอมสดชื่นยามเช้า 330มล.,42,37,น้ำยาปรับผ้านุ่ม,120,4.98718E+12
ดาวนี่ กลิ่น ช่อดอกไม้ 490มล.,60,55,น้ำยาปรับผ้านุ่ม,117,4.98718E+12
ดาวน์นี่ กลิ่นหอมช่อดอกไม้ 490มล.,60,55,น้ำยาปรับผ้านุ่ม,8,4.98718E+12
รีจอยร์แชมพู105มล,29,25,ยาสระผมครีมนวด,50,4.98718E+12
รีจอยส์105มล,29,23,ยาสระผมครีมนวด,6,4.98718E+12
Orel-B ซอฟ&สลิม ,85,76,แปลงฟัน,120,4.98718E+12
ดาวน์นี่อะดอราเบิล500มล,60,53,น้ำยาปรับผ้านุ่ม,20,4.98718E+12
รีจอยส์140มล,35,30,ยาสระผมครีมนวด,11,4.98718E+12
รีจอยส์ 3อิน1 แชมพู แอนตี้-แดนดรัฟ 140มล.,35,28,ยาสระผมครีมนวด,6,4.98718E+12
รีจอยส์140มล,35,30,ยาสระผมครีมนวด,12,4.98718E+12
รีจอยส์140มล,35,30,ยาสระผมครีมนวด,12,4.98718E+12
ดาวน์นี่ กลิ่น ฤดูร้อน 1.3ลิตร,150,138,น้ำยาปรับผ้านุ่ม,120,4.98718E+12
ดาวน์นี่ กลิ่นหอมสดชื่นยามเช้า 470มล.,60,48,น้ำยาปรับผ้านุ่ม,-1,4.98718E+12
ดาวน์นี่ กลิ่นสวนดอกไม้ผลิ 470มล.,60,48,น้ำยาปรับผ้านุ่ม,-3,4.98718E+12
Downy กลิ่นหอมช่อดอกไม้ 450 มล.,60,0,น้ำยาปรับผ้านุ่ม,0,4.98718E+12
Downy มิสทีค 450 มล.,60,0,น้ำยาปรับผ้านุ่ม,0,4.98718E+12
Downy น้ำหอมพรีเมี่ยม 450มล.,60,0,น้ำยาปรับผ้านุ่ม,0,4.98718E+12
ดาวน์นี่ กลิ่นสวนลาเวนเดอร์ฝรั่งเศส 470มล.,60,48,น้ำยาปรับผ้านุ่ม,0,4.98718E+12
เฮดแอนด์โชเดอร์150มล,55,45,ยาสระผมครีมนวด,19,4.98718E+12
รีจอยส์140มล,35,30,ยาสระผมครีมนวด,12,4.98718E+12
เซฟการ์ด80ก,15,13,สบู่,8,4.98718E+12
ดาวน์นี่ สำหรับตากผ้าในร่ม 490มล.,60,45,น้ำยาปรับผ้านุ่ม,5,4.98718E+12
ยิลเลตตืบลู2,25,20,ราคาสิินค้า,-1,4.98718E+12
ดาวน์นี่530มล,60,45,น้ำยาปรับผ้านุ่ม,5,4.98718E+12
ดาวน์นี่ สวนดอกไม้ผลิ,4,3.2,น้ำยาปรับผ้านุ่ม,40,4.98718E+12
ดาวนืนี่ สำหรับตากผ้าในร่ม 20มล.,4,3,น้ำยาปรับผ้านุ่ม,13,4.98718E+12
Downy กลิ่นหอมสดชื่อยามเช้า 20มล.,5,3.2,น้ำยาปรับผ้านุ่ม,37,4.98718E+12
เฮดแอนโชว์เดอ140มล,49,39,ยาสระผมครีมนวด,4,4.98718E+12
ดาวร์นี่110มล,20,15,น้ำยาปรับผ้านุ่ม,6,4.98718E+12
เฮดสมูท,119,109,ราคาสิินค้า,0,4.98718E+12
รีจอยส์ แชมพู คอลเลคชั่นกุหลาบเจจูเกาหลี 370มล.,99,79.2,ราคาสิินค้า,2,4.98718E+12
Downy ปรับผ้านุ่มสีแดง 950มล.,120,0,น้ำยาปรับผ้านุ่ม,5,4.98718E+12
รีจอยส์140มล,35,30,ยาสระผมครีมนวด,0,4.98718E+12
แพนทีนแชมพู380มล,119,100,ยาสระผมครีมนวด,2,4.98718E+12
ดาวน์นี่ กลิ่นหอมดดและสวรดอกไม้ 470มล.,60,48,น้ำยาปรับผ้านุ่ม,0,4.98718E+12
ดาวน์นี่ มิส-ทีค 470 มล.,60,48,น้ำยาปรับผ้านุ่ม,-1,4.98718E+12
ดาวน์นี่ แพชชั่น,60,48,น้ำยาปรับผ้านุ่ม,-3,4.98718E+12
Head&shoulders 2in1 cool menthol 150ml,59,47,ยาสระผมครีมนวด,-2,4.98718E+12
Downy กลิ่นฝองสบู่และดอกไม้ 450มล.,60,0,น้ำยาปรับผ้านุ่ม,10,4.98718E+12
ดาวน์นี่ กลิ่นฟองสบู่และดอกไม้ 100มล.,20,0,น้ำยาปรับผ้านุ่ม,0,4.98718E+12
ดาวน์นี่ กลิ่นหอมละมุนจากฟองสบู่และดอกไม้ 470มล.,60,48,น้ำยาปรับผ้านุ่ม,0,4.98718E+12
Head&shoulders 2in1 150ml,59,47,ราคาสิินค้า,0,4.98718E+12
ดาวน์นี่ กลิ่นหอมละมุนจากฟองสบู่และดอกไม้ 20มล.,4,3.2,น้ำยาปรับผ้านุ่ม,11,4.98718E+12
Downy แอปเปิลเฟรช 470มล.,60,0,น้ำยาปรับผ้านุ่ม,0,4.98718E+12
ดาวน์นี่มิสทีค สูตรหอมแดด 100มล.,25,0,น้ำยาปรับผ้านุ่ม,0,4.98718E+12
Downy มิสทีค สูตรหอมแดด 470มล.,69,0,น้ำยาปรับผ้านุ่ม,0,4.98718E+12
คารา499บาท,499,475,ราคาสิินค้า,200,499
ราคา 5บาท,5,3,ราคาสิินค้า,485,5
ราคา50บาท,50,45,ราคาสิินค้า,409,50
ราคา500บาท,500,475,ราคาสิินค้า,197,500
ราคา501บาท,501,490,ราคาสิินค้า,200,501
ราคา502บาท,502,490,ราคาสิินค้า,200,502
กาวิสคอนน้ำ ซัสเพนชั้น 10มล.,25,23,ยา,29,50230112
ราคา503,503,490,ราคาสิินค้า,200,503
ราคา504บาท,504,490,ราคาสิินค้า,200,504
ราคา505บราท,505,490,ราคาสิินค้า,200,505
เข็มกลัด,15,10,น้ำยาปรับผ้านุ่ม,30,5.05218E+12
ราคา506บาท,506,490,ราคาสิินค้า,200,506
จอยมีท ป๊อป บลู 60ก.,20,16,ผงซักผ้า,2,5.06049E+12
ราคา507บาท,507,490,ราคาสิินค้า,200,507
ราคา508บาท,508,490,ราคาสิินค้า,200,508
ราคา509บาท,509,490,ราคาสิินค้า,200,509
ราคา51บาท,51,45,ราคาสิินค้า,499,51
ราคา510บาท,510,490,ราคาสิินค้า,200,510
ราคา511บาท,511,490,ราคาสิินค้า,200,511
กระดาษห่อเหรียญ,35,30,ของใช้ส่วนตัว,200,5.11258E+12
ราคา512บาท,512,490,ราคาสิินค้า,200,512
ราคา513บาท,513,490,ราคาสิินค้า,200,513
ราคา514บาท,514,490,ราคาสิินค้า,200,514
ราคา515บาท,515,490,ราคาสิินค้า,200,515
ราคา516,516,490,ราคาสิินค้า,200,516
ราคา517บาท,517,490,ราคาสิินค้า,200,517
ราคา518บาท,518,490,ราคาสิินค้า,200,518
ราคา519,519,490,ราคาสิินค้า,200,519
ราคา52บาท,52,45,ราคาสิินค้า,493,52
ราคา520บาท,520,490,ราคาสิินค้า,196,520
กระปิแม่เกษร,20,15,เครื่องปรุงอาหาร,100,5.20089E+12
ราคา521บาท,521,490,ราคาสิินค้า,200,521
ราคา522บาท,522,490,ราคาสิินค้า,200,522
ราคา523บาท,523,490,ราคาสิินค้า,200,523
ราคา524บาท,524,490,ราคาสิินค้า,200,524
ราคา525บาท,525,490,ราคาสิินค้า,200,525
ราคา526บาท,526,490,ราคาสิินค้า,200,526
ราคา527บาท,527,490,ราคาสิินค้า,200,527
ราคา528บาท,528,490,ราคาสิินค้า,198,528
ราคา529บาท,529,490,ราคาสิินค้า,200,529
ราคา53บาสท,53,45,ราคาสิินค้า,496,53
ราคา530บาท,530,490,ราคาสิินค้า,200,530
ราคา531บาท,531,490,ราคาสิินค้า,200,531
ราคา531,532,490,ราคาสิินค้า,200,532
ราคา533บาท,533,490,ราคาสิินค้า,200,533
ราคา534บาท,534,490,ราคาสิินค้า,200,534
ราคา535บาท,535,490,ราคาสิินค้า,200,535
ราคา536บาท,536,490,ราคาสิินค้า,200,536
ราคา537บาท,537,490,ราคาสิินค้า,200,537
ราคา538,538,490,ราคาสิินค้า,200,538
ราคา539บาท,539,490,ราคาสิินค้า,200,539
ราคา54บาท,54,46,ราคาสิินค้า,499,54
ราคา่540บาท,540,500,ราคาสิินค้า,200,540
ราคา541บาท,0,541,ราคาสิินค้า,200,541
ราคา542,542,500,ราคาสิินค้า,200,542
ราคา543บาท,543,500,ราคาสิินค้า,200,543
ราคา544บาม,544,500,ราคาสิินค้า,200,544
ราคา545บาท,545,500,ราคาสิินค้า,200,545
ราคา546บาท,546,500,ราคาสิินค้า,200,546
ราคา547บาท,547,500,ราคาสิินค้า,200,547
ราคา548บาท,548,500,ราคาสิินค้า,200,548
ถั่วเค็ม,5,3,ขนม+ไอสครีม,120,5.4802E+14
ราคา549บาท,549,500,ราคาสิินค้า,200,549
ราคา55บาท,55,50,ราคาสิินค้า,-73,55
ราคา550บาท,550,530,ราคาสิินค้า,200,550
น.เสื้อกันฟนเด็ก H08,59,42,ของใช้ส่วนตัว,11,55010427
ราคา551บาท,551,530,ราคาสิินค้า,200,551
ราคา552บาท,552,530,ราคาสิินค้า,-1,552
ราคา553บาท,553,530,ราคาสิินค้า,200,553
ราคา554บาท,554,530,ราคาสิินค้า,200,554
ราคา555บาท,555,530,ราคาสิินค้า,200,555
ราคา556บาท,556,530,ราคาสิินค้า,200,556
ราคา557บาท,557,530,ราคาสิินค้า,199,557
ราคา558บาท,558,530,ราคาสิินค้า,200,558
ราคา559,559,530,ราคาสิินค้า,200,559
ราคา56บาท,56,50,ราคาสิินค้า,10,56
ราคา560บาท,560,530,ราคาสิินค้า,200,560
ราคา561บาท,561,530,ราคาสิินค้า,200,561
ราคา561บาท,562,530,ราคาสิินค้า,200,562
ราคา563บาท,563,530,ราคาสิินค้า,200,563
ราคา564บาท,564,530,ราคาสิินค้า,200,564
ราคา565บาท,565,540,ราคาสิินค้า,200,565
ราคา566บาท,566,540,ราคาสิินค้า,200,566
ราคา567บาท,567,540,ราคาสิินค้า,250,567
ราคา568บาท,568,540,ราคาสิินค้า,200,568
ราคา569,569,540,ราคาสิินค้า,200,569
ราคา57บาท,57,52,ราคาสิินค้า,494,57
ราคา570บาท,570,560,ราคาสิินค้า,200,570
ราคา571บาท,571,560,ราคาสิินค้า,200,571
ราคา572บาท,572,560,ราคาสิินค้า,200,572
ราคา573บาท,573,560,ราคาสิินค้า,200,573
ราคา574บาท,574,560,ราคาสิินค้า,200,574
ราคา575บาท,575,560,ราคาสิินค้า,200,575
ราคา576บาท,576,560,ราคาสิินค้า,200,576
ราคา577บาท,577,560,ราคาสิินค้า,200,577
ราคา578บาท,578,560,ราคาสิินค้า,200,578
ราคา,579,560,ราคาสิินค้า,200,579
ราคา58บาท,58,52,ราคาสิินค้า,485,58
ราคา580บาท,580,570,ราคาสิินค้า,200,580
ราคา581บาท,581,570,ราคาสิินค้า,200,581
ราคา582บาท,582,570,ราคาสิินค้า,200,582
ราคา583บาท,583,570,ราคาสิินค้า,200,583
ราคา584บาท,584,570,ราคาสิินค้า,200,584
ราคา585บาท,585,570,ราคาสิินค้า,200,585
ราคา586บาท,586,570,ราคาสิินค้า,200,586
ราคา587บาท,587,570,ราคาสิินค้า,200,587
ราคา588บาท,588,570,ราคาสิินค้า,200,588
ราคา589บาท,589,570,ราคาสิินค้า,200,589
ราคา59บาท,59,55,ราคาสิินค้า,493,59
ราคา590บาท,590,570,ราคาสิินค้า,199,590
ราคา591บาท,591,570,ราคาสิินค้า,200,591
ราคา592บาท,592,570,ราคาสิินค้า,200,592
ราคา593บาท,593,570,ราคาสิินค้า,200,593
ราคา594บาท,594,570,ราคาสิินค้า,200,594
ราคา595บาท,595,570,ราคาสิินค้า,200,595
ราคา596บาท,596,580,ราคาสิินค้า,200,596
ราคา597บาท,597,580,ราคาสิินค้า,200,597
ราคา598บาท,598,580,ราคาสิินค้า,200,598
ราคา599บาท,599,580,ราคาสิินค้า,200,599
ราคา 6บาท,6,4,ราคาสิินค้า,964,6
ราคา60บาท,60,55,ราคาสิินค้า,396,60
ราคา600บาท,600,580,ราคาสิินค้า,200,600
ริบบิ้นม่วนเล็ก,15,10,ของใช้ส่วนตัว,30,600113
ราคา601บาท,601,550,ราคาสิินค้า,200,601
ราคา602บาท,602,550,ราคาสิินค้า,200,602
ราคา603บาท,603,550,ราคาสิินค้า,200,603
ราคา604บาท,604,550,ราคาสิินค้า,200,604
ราคา605บาท,605,550,ราคาสิินค้า,200,605
ราคา606บาท,606,550,ราคาสิินค้า,200,606
ราคา607บาท,607,550,ราคาสิินค้า,200,607
ราคา608บาท,608,550,ราคาสิินค้า,200,608
ราคา609บาท,609,550,ราคาสิินค้า,200,609
ราคา61บาท,61,55,ราคาสิินค้า,499,61
ราคา610บาท,610,560,ราคาสิินค้า,200,610
ราคา611บาท,611,560,ราคาสิินค้า,200,611
ราคา612บาท,612,560,ราคาสิินค้า,200,612
ราคา613บาท,613,560,ราคาสิินค้า,200,613
ราคา614บาท,614,560,ราคาสิินค้า,200,614
ราคา615บาท,615,560,ราคาสิินค้า,200,615
ราคา616บาท,616,560,ราคาสิินค้า,200,616
ราคา617บาท,617,560,ราคาสิินค้า,200,617
ราคา618บาท,618,560,ราคาสิินค้า,200,618
ราคา619บาท,619,560,ราคาสิินค้า,200,619
ราคา62บาท,62,55,ราคาสิินค้า,500,62
ราคา620บาท,620,560,ราคาสิินค้า,200,620
ราคา621บาท,621,560,ราคาสิินค้า,200,621
ราคา622บาท,622,560,ราคาสิินค้า,200,622
ราคา623บาท,623,600,ราคาสิินค้า,200,623
ราคา624บาท,624,600,ราคาสิินค้า,200,624
ราคา624บาท,625,600,ราคาสิินค้า,200,625
ราคา626บาท,626,600,ราคาสิินค้า,200,626
ราคา627บาท,627,600,ราคาสิินค้า,200,627
ราคา628บาท,628,600,ราคาสิินค้า,200,628
ราคา629บาท,629,600,ราคาสิินค้า,200,629
กระเทียมเจียวสำเร็จรูป,12,10,เครื่องปรุงอาหาร,11,6.29119E+12
ราคา63บาท,63,58,ราคาสิินค้า,496,63
ราคา630บาท,630,600,ราคาสิินค้า,200,630
ราคา631บาท,631,600,ราคาสิินค้า,200,631
ราคา632บาท,632,600,ราคาสิินค้า,200,632
ราคา633บาท,633,600,ราคาสิินค้า,200,633
ราคา634บาท,634,600,ราคาสิินค้า,200,634
ราคา635บาท,635,600,ราคาสิินค้า,200,635
ราคา636บาท,636,600,ราคาสิินค้า,200,636
ราคา637บาท,637,600,ราคาสิินค้า,200,637
ราคา638บาท,638,600,ราคาสิินค้า,200,638
ราคา639บาท,639,600,ราคาสิินค้า,200,639
ราคา64บาท,64,58,ราคาสิินค้า,499,64
ราคา640บาท,640,600,ราคาสิินค้า,199,640
ราคา641บาท,641,600,ราคาสิินค้า,200,641
ราคา642บาท,642,600,ราคาสิินค้า,200,642
ราคา643บาท,643,600,ราคาสิินค้า,200,643
ราคา644บาท,644,600,ราคาสิินค้า,200,644
ราคา645บาท,645,600,ราคาสิินค้า,200,645
ราคา646บาท,646,600,ราคาสิินค้า,200,646
เเก้วเก็บอุณหภูมิ 30oz./คละสี,120,100,พลาสติก,5,6.46049E+12
ราคา647บาท,647,600,ราคาสิินค้า,200,647
ราคา648บาท,648,600,ราคาสิินค้า,200,648
ราคา649บาท,649,600,ราคาสิินค้า,200,649
ราคา65บาท,65,60,ราคาสิินค้า,413,65
ราคา650บาท,650,600,ราคาสิินค้า,200,650
ราคา651บาท,651,600,ราคาสิินค้า,200,651
ราคา่652บาท,652,600,ราคาสิินค้า,200,652
ราคา653บาท,653,600,ราคาสิินค้า,200,653
ราคา654บาท,654,600,ราคาสิินค้า,200,654
ราคา655บาท,655,600,ราคาสิินค้า,200,655
ราคา656บาท,656,600,ราคาสิินค้า,200,656
ราคา657บาท,657,600,ราคาสิินค้า,200,657
ราคา658บาท,658,600,ราคาสิินค้า,200,658
ราคา659บาท,659,600,ราคาสิินค้า,200,659
ราคา66บาท,66,60,ราคาสิินค้า,497,66
ราคา660บาท,660,650,ราคาสิินค้า,200,660
ราคา661บาท,661,650,ราคาสิินค้า,200,661
ราคา662บาท,662,650,ราคาสิินค้า,200,662
ราคา663บาท,663,650,ราคาสิินค้า,200,663
ราคา664บาท,664,650,ราคาสิินค้า,200,664
ราคา665บาท,665,650,ราคาสิินค้า,200,665
ราคา666บาท,666,650,ราคาสิินค้า,200,666
ราคา667บาท,667,650,ราคาสิินค้า,200,667
ราคา668บาท,668,650,ราคาสิินค้า,200,668
ราคา669บาท,669,650,ราคาสิินค้า,200,669
ราคา67บาท,67,62,ราคาสิินค้า,498,67
ราคา670บาท,670,650,ราคาสิินค้า,200,670
กาวร้อน,20,10,ของใช้ส่วนตัว,50,67092624
ราคา671บาท,671,650,ราคาสิินค้า,200,671
ราคา672บาท,672,650,ราคาสิินค้า,200,672
ราคา673บาท,673,650,ราคาสิินค้า,200,673
ราคา674บาท,674,650,ราคาสิินค้า,200,674
ราคา675บาท,675,650,ราคาสิินค้า,200,675
ราคา676บาท,676,650,ราคาสิินค้า,200,676
ราคา677บาท,677,650,ราคาสิินค้า,200,677
ราคา678บาท,678,650,ราคาสิินค้า,200,678
ผักรวม คละ 30บ.,30,25,ผัก,8,678543
กระชาย 15บ.,15,11,ผัก,6,678555
ราคา679บาท,679,650,ราคาสิินค้า,200,679
ราคา68บาท,68,62,ราคาสิินค้า,498,68
ราคา680บาท,680,650,ราคาสิินค้า,200,680
ราคา681บาท,681,650,ราคาสิินค้า,200,681
ราคา682บาท,682,650,ราคาสิินค้า,200,682
ราคา683บาท,683,650,ราคาสิินค้า,200,683
ราคา684บาท,684,650,ราคาสิินค้า,200,684
ราคา685บาท,685,650,ราคาสิินค้า,200,685
ราคา686บาท,686,650,ราคาสิินค้า,200,686
ว้อนท์ ว้อนท์ UHT 125มล.,12,9.75,เครื่องดื่ม,8,6.86353E+11
ราคา687บาท,687,650,ราคาสิินค้า,200,687
ราคา688บาท,688,650,ราคาสิินค้า,200,688
ราคา689บาท,689,650,ราคาสิินค้า,200,689
ตราเเรด ใบมีดคัตเตอร์ 10/18mm.,25,15,อุปกรณ์สำนักงาน,12,6.89122E+12
Bliss กุญเเจเงิน-50,85,70,พลาสติก,120,6.89545E+12
Bliss กุญเเจทอง-30,35,28,พลาสติก,120,6.89545E+12
Bless กุญเเจทอง-50,85,70,พลาสติก,120,6.89545E+12
Bliss กุญเเจทอง-50,85,70,พลาสติก,120,6.89545E+12
ราคา69บาท,69,65,ราคาสิินค้า,496,69
ราคา690บาท,690,650,ราคาสิินค้า,200,690
ช็อกโกแลตนม ตรา m&m 13.5กรัม,10,8,ราคาสิินค้า,120,69025952
แชมพูแพนทีน300มล,150,135,ยาสระผมครีมนวด,100,6.90315E+12
ครีมนวดแพนทีน300มล,150,135,ยาสระผมครีมนวด,100,6.90315E+12
แชมพูแพนทีน300มล,150,135,ยาสระผมครีมนวด,100,6.90315E+12
ครีมนวดแพนทีน300มล,150,135,ยาสระผมครีมนวด,100,6.90315E+12
น็อต,25,20,ของใช้ส่วนตัว,30,6.90354E+12
ลูกอมโคล่าโบน20ก,5,3,ขนม+ไอสครีม,199,6.90691E+12
สมอล โบน 20ก,5,3,ขนม+ไอสครีม,200,6.90691E+12
ราคา691บาท,691,650,ราคาสิินค้า,200,691
M&M's ช็อคโกเเลตนม 14.5ก.,10,7,ขนม+ไอสครีม,118,6.91497E+12
เอ็มแอนด์เอ็ม 14.5 กรัม,10,8,ราคาสิินค้า,16,6.91497E+12
ราคา691บาท,692,650,ราคาสิินค้า,200,692
คอลเกต โททอล ดีพ คลีน 80ก.,55,47,ยาสีฟัน,6,6.92035E+12
คอลเกต2-5ปี,25,22,ยาสีฟัน,100,6.92035E+12
คอลเกต ไวท์40ก,30,25,ยาสีฟัน,50,6.92035E+12
คอลเกตชาร์โคลครีน100ก.,60,55,ราคาสิินค้า,100,6.92035E+12
Mask ผ้าคละสี,20,15,ของใช้ส่วนตัว,0,6.92055E+12
เมนทอส เรนโบว์ เเคนดี้ 37กรัม,10,8,ขนม+ไอสครีม,100,6.92121E+12
กาว,15,10,ของใช้ส่วนตัว,30,6.92173E+12
สาหร่าย ปรุุงรสดั้งเดิม,20,15,ราคาสิินค้า,119,6.92365E+12
โว้ค เอนจอย เปเปอร์มิ้นท์ 1.6กรัม,5,3,ขนม+ไอสครีม,120,6.924E+11
สติ๊กมาร์ชแมลโลว์,5,4,ขนม+ไอสครีม,30,6.92593E+12
มาสเมโร พลัส รสสตอเบอร์รี่,5,4,ราคาสิินค้า,199,6.92593E+12
ออโก้ สติ๊ก มาร์ชเเมลโลว์ 20กรัม,5,3,ขนม+ไอสครีม,10,6.92593E+12
เออโก้ มาร์ชเเมบลโลว์ เเยมสตรอเบอร์รี่ 17กรัม,5,4,ขนม+ไอสครีม,19,6.92593E+12
เออโก้ มาร์ชเเมบลโลว์ เเยมองุ่น 17กรัม,5,4,ขนม+ไอสครีม,19,6.92593E+12
ตะกร้าใส่ของ,25,20,ของใช้ส่วนตัว,20,6.92612E+12
แปลง,25,20,ของใช้ส่วนตัว,30,6.92872E+12
ลอรีอัล5ก,35,29,เครื่องสำอาง,50,6.92882E+12
ราคา693บาท,693,650,ราคาสิินค้า,200,693
เห็ดหิมะ 150g.,20,17,ราคาสิินค้า,118,6.93027E+12
Speed เครื่องเย็บกระดาษ SP-10,35,26,พลาสติก,120,6.93104E+12
แปลงขัดห้องน้ำ,25,20,ของใช้ส่วนตัว,29,6.9352E+12
ลิขวิด,20,15,ของใช้ส่วนตัว,30,6.9362E+12
108 เห็ดเข็ม ,20,18,ราคาสิินค้า,120,6.93649E+12
ถุงเท้า,20,15,ราคาสิินค้า,100,6.9366E+12
แม็กเย็บกระดาษพร้อมลูก,25,20,น้ำยาปรับผ้านุ่ม,30,6.93754E+12
AM Boss HB-065 ปืนจัดเเก๊ส ,25,17,พลาสติก,12,6.93856E+12
ลิปสติกลายเสือ KR,25,19,เครื่องสำอาง,50,6938851057
ลิปสติก MATTE 3.5ก.,49,44,เครื่องสำอาง,50,6938851770
คิ้วเหล็ก,20,15,เครื่องสำอาง,50,6938853053
ราคา694บาท,694,650,ราคาสิินค้า,200,694
วงเวียน-คละสี,20,12,อุปกรณ์สำนักงาน,12,6.94151E+12
แม็กเย็บ,25,20,ของใช้ส่วนตัว,30,6.94699E+12
ยางลบ,5,4,ของใช้ส่วนตัว,30,6.94903E+12
IVS,20,15,เครื่องสำอาง,50,6.94933E+12
แบล็คแฮร์แชมพู,20,15,เครื่องสำอาง,50,6.94933E+12
IVS,20,15,เครื่องสำอาง,50,6.94933E+12
ราคา694บาท,695,650,ราคาสิินค้า,200,695
มี-ไลค์ สตรอเบอร์รี่ 14กรัม,5,3,ขนม+ไอสครีม,120,6.95058E+12
EHS ช็อคโกเเลต 13กรัม,5,4,ขนม+ไอสครีม,119,6.9522E+12
ลามุน กระดาษเช็ดหน้า 150แผ่น,25,20,ของใช้ส่วนตัว,119,6.9528E+12
ราคา696,696,650,ราคาสิินค้า,200,696
ไม้จิ้มฟัน,20,15,ราคาสิินค้า,0,6.96752E+12
ราคา697บาท,697,650,ราคาสิินค้า,200,697
หวาน หวานสดชื้น10ก,5,3,ขนม+ไอสครีม,200,6.97084E+12
กระดาษลายดอกไม้,10,8,ราคาสิินค้า,10,6.97213E+12
บิสกิตแท่งกับครีมรสช็อกโกแลต ตราอลิซ 20ก.,5,3.84,ขนม+ไอสครีม,24,6.9722E+12
SMT ไหมขัดฟัน 50pcs.,15,7.5,ของใช้ส่วนตัว,19,6.97228E+12
yasitai รสส้ม 15กรัม,5,4,ราคาสิินค้า,120,6.97241E+12
ทิชชูเปียก,15,10,ราคาสิินค้า,10,6.97276E+12
ไม้จิ้มฟัน,20,15,ราคาสิินค้า,0,6.97418E+12
ราคา698บาท,698,650,ราคาสิินค้า,200,698
ชุดเข็มเย็บผ้า,25,19,ของใช้ส่วนตัว,50,6.98886E+12
ราคา699บาท,699,650,ราคาสิินค้า,200,699
Mask ผ้าคละสี,20,15,ของใช้ส่วนตัว,20,6.99031E+12
Mask ผ้าคละสี,25,19,ของใช้ส่วนตัว,10,6.99082E+12
กาวใส,25,20,ของใช้ส่วนตัว,50,6.99465E+12
ราคา 7บาท,7,5,ราคาสิินค้า,703,7
ราคา70บาท,70,65,ราคาสิินค้า,455,70
ราคา700บาท,700,680,ราคาสิินค้า,200,700
XuanXuan แปรงล้างขวด,25,17,ของใช้ส่วนตัว,12,7E+12
ราคา701บาท,701,680,ราคาสิินค้า,200,701
ราคา702บาท,702,680,ราคาสิินค้า,200,702
ราคา703บาท,703,680,ราคาสิินค้า,200,703
ราคา704บาท,704,680,ราคาสิินค้า,200,704
ราคา705บาท,705,680,ราคาสิินค้า,200,705
ราคา706บาท,706,680,ราคาสิินค้า,200,706
ราคา707บาท,707,680,ราคาสิินค้า,200,707
ราคา708บาท,708,680,ราคาสิินค้า,200,708
ราคา709บาท,709,680,ราคาสิินค้า,200,709
ราคา71บาท,71,65,ราคาสิินค้า,500,71
ราคา710บาท,710,680,ราคาสิินค้า,200,710
ราคา710บาท,711,680,ราคาสิินค้า,200,711
ราคา712บาท,712,680,ราคาสิินค้า,200,712
ราคา712บาท,713,680,ราคาสิินค้า,200,713
ราคา714บาท,714,680,ราคาสิินค้า,200,714
ราคา715บาท,715,680,ราคาสิินค้า,200,715
ราคา716บาท,716,680,ราคาสิินค้า,200,716
ราคา717บาท,717,680,ราคาสิินค้า,200,717
ราคา718บาท,718,680,ราคาสิินค้า,200,718
ราคา719บาท,719,680,ราคาสิินค้า,200,719
ราคา72บาท,72,65,ราคาสิินค้า,496,72
ราคา720บาท,720,680,ราคาสิินค้า,200,720
ราคา721บาท,721,680,ราคาสิินค้า,200,721
ราคา722บาท,722,680,ราคาสิินค้า,200,722
ราคา723บาท,723,680,ราคาสิินค้า,200,723
ราคา724บาท,724,680,ราคาสิินค้า,200,724
ราคา725บาท,725,680,ราคาสิินค้า,200,725
ปรับอาการ,25,20,ราคาสิินค้า,3,7.25791E+11
ราคา726บาท,726,680,ราคาสิินค้า,200,726
ราคา727บาท,727,680,ราคาสิินค้า,200,727
ราคา728บาท,728,680,ราคาสิินค้า,200,728
ราคา729บาท,729,680,ราคาสิินค้า,200,729
ราคา73บาท,73,65,ราคาสิินค้า,500,73
ราคา730บาท,730,680,ราคาสิินค้า,200,730
น้ำกระเทียมดอง1000มล,15,12,เครื่องปรุงต่างๆ,97,73070702
เย็นตาโฟ850มล,20,15,เครื่องปรุงต่างๆ,50,73070703
น้ำดีวัวแท้,25,20,เครื่องปรุงอาหาร,30,73070908
น้ำกระเทียม500มล,10,6.7,เครื่องปรุงต่างๆ,97,73071301
เย็นตาโฟ500มล,15,10,เครื่องปรุงต่างๆ,50,73071302
กระเทียมเจียว,10,8,อาหารสำเร็จรูป,50,73071601
ราคา731บาท,731,680,ราคาสิินค้า,200,731
ราคา732บาท,732,680,ราคาสิินค้า,200,732
ราคา733บาท,733,680,ราคาสิินค้า,200,733
ราคา734บาท,734,680,ราคาสิินค้า,200,734
ราคา735บาท,735,680,ราคาสิินค้า,200,735
ราคา736บาท,736,680,ราคาสิินค้า,200,736
ราคา737บาท,737,680,ราคาสิินค้า,200,737
ราคา738บาท,738,680,ราคาสิินค้า,200,738
ราคา739บาท,739,680,ราคาสิินค้า,200,739
ราคา74บาท,74,65,ราคาสิินค้า,499,74
ราคา740บาท,740,680,ราคาสิินค้า,200,740
ราคา741บาท,741,680,ราคาสิินค้า,200,741
ราคา742บาท,742,680,ราคาสิินค้า,200,742
ราคา743บาท,743,680,ราคาสิินค้า,200,743
ราคา744บาท,744,680,ราคาสิินค้า,200,744
ราคา745บาท,745,680,ราคาสิินค้า,200,745
ราคา746บาท,746,680,ราคาสิินค้า,200,746
ราคา747บาท,747,680,ราคาสิินค้า,200,747
ราคา748บาท,748,680,ราคาสิินค้า,200,748
ราคา749บาท,749,680,ราคาสิินค้า,200,749
ราคา75บาท,75,70,ราคาสิินค้า,472,75
ราคา750บาท,750,680,ราคาสิินค้า,200,750
บอนโอบอน,5,3,ขนม+ไอสครีม,0,7.50044E+12
ข้าวเหนียวเด็ก5กก,180,166,ข้าว,5,750407002
ข้าวเด็ก1กก,37,31,ข้าว,100,75040701
หมูน้อย 14ก.,415,399,ข้าว,100,75040706
ข้าวเด็ก5กก,155,143,ราคาสิินค้า,20,75040720
ข้าวตราส้ม5กก,110,98,ราคาสิินค้า,5,75060210
ร.ข้าวเปลือก10กก,128,111,ยาสระผมครีมนวด,10,75080101
ราคา751บาท,751,700,ราคาสิินค้า,200,751
ราคา752บาท,752,700,ราคาสิินค้า,200,752
ราคา753บาท,753,700,ราคาสิินค้า,200,753
ราคา754บาท,754,700,ราคาสิินค้า,200,754
ราคา755บาท,755,700,ราคาสิินค้า,200,755
ราคา756บาท,756,700,ราคาสิินค้า,200,756
ราคา757บาท,757,700,ราคาสิินค้า,200,757
ราคา758บาท,758,700,ราคาสิินค้า,200,758
เเม่สมบูรณ์ มะม่วงกวนเผ็ด ,20,18,ขนม+ไอสครีม,120,75846600
ราคา759บาท,759,700,ราคาสิินค้า,200,759
ราคา76บาท,76,70,ราคาสิินค้า,499,76
ราคา760บาท,760,700,ราคาสิินค้า,200,760
น้ำตาลทรายแดง1ก,25,20,เครื่องปรุงต่างๆ,100,76010202
น้ำตาลโชคสุชาวดี,22,19,เครื่องปรุงอาหาร,290,76020105
น้ำตาลโชคสุชาวดี,37,33,เครื่องปรุงอาหาร,29,76020107
น้ำตาลกรวด,35,30,เครื่องปรุงอาหาร,30,76060102
โอวันติล ออริจินอล 180มล.,12,10,เครื่องดื่ม,48,7.6121E+12
โอวัลติน ออริจินอล 180มล./4,45,38,เครื่องดื่ม,16,7.6121E+12
โอวัลติน UHT รสมอลต์ 225 มล.,12,10.3,เครื่องดื่ม,120,7.6121E+12
โอวัลติน UHT รสมอลต์ 225 มล.x6 ,70,62,เครื่องดื่ม,120,7.6121E+12
โอวันติล110มล.,7,5,เครื่องดื่ม,40,7.6121E+12
โอวัลตินแพคเล็ก,28,25,เครื่องดื่ม,20,7.6121E+12
โอวัลติน18กรัม,5,4,กาแฟ,20,7.6121E+12
โอวันตินสอดไส้,5,3,ขนม+ไอสครีม,10,7.6121E+12
L&Mเขียว เล็ก,75,67,บุหรี่+ยาเส้น,19,76164064
สบู่อาเซปโซ ออริจินัล,22,20,ยา,97,7.64013E+12
สบู่อาเซปโซ ป้องกลิ่นกาย,15,12,สบู่,29,7.64013E+12
สบู่อาเซปโซ โจโจบา,15,12,สบู่,30,7.64013E+12
สบู่อาเซปโซ ไฮจินิค,22,20,สบู่,18,7.64014E+12
สบู่อาเซฟโซ80ก,55,50,สบู่,20,7.64014E+12
อาเซปโซ 70ก,15,13,สบู่,100,7.64014E+12
อาเซปโซ 70ก,15,13,สบู่,100,7.64014E+12
ราคา77บาท,77,75,ราคาสิินค้า,496,77
พริกเเดง-สด,10,9,เครื่องปรุงต่างๆ,120,77882712
พริกเเดง-เเห้ง,10,8,เครื่องปรุงต่างๆ,119,77882715
พริกขี้หนู,10,8,เครื่องปรุงต่างๆ,120,77882722
พริกป่น,10,8,เครื่องปรุงต่างๆ,120,77882733
พริกไทยเม็ด ขาว-ดำ,5,4,เครื่องปรุงต่างๆ,120,77882744
พริกหยวก,10,8,เครื่องปรุงต่างๆ,120,77882755
มะนาว,10,8,เครื่องปรุงต่างๆ,120,77882766
ข้าวคั้ว,10,7,เครื่องปรุงต่างๆ,110,77882777
ยางวง(คละสี),5,4,เครื่องปรุงต่างๆ,120,77882785
"ถุงร้อน 5*9,6*9",5,3,เครื่องปรุงต่างๆ,120,77882787
หอมหัวใหญ่,10,8,เครื่องปรุงต่างๆ,100,77882788
ไข่เยียวม้า(เเพ็ึค),30,27,เครื่องปรุงต่างๆ,120,778827881
ไข่เค็ม(เเพ็ค),30,27,เครื่องปรุงต่างๆ,120,7788278823
แคบหมูติดมัน,20,18,เครื่องปรุงต่างๆ,120,778827883
มะขามเปียก,10,7,เครื่องปรุงต่างๆ,100,77882789
หอมเเดง ,10,8,เครื่องปรุงต่างๆ,119,77882799
กระเทียม-เล็ก,10,8,เครื่องปรุงต่างๆ,120,77882814
กระเทียม-ใหญ่,10,8,เครื่องปรุงต่างๆ,119,77882899
ไข่ไก่ 5 ฟอง,20,15,เครื่องปรุงต่างๆ,120,7788552200
มะเขือเทศ,10,8,เครื่องปรุงต่างๆ,120,778890
บอนโอบอน14ก,5,4,ขนม+ไอสครีม,45,7.79058E+12
ราคา78บาท,78,75,ราคาสิินค้า,498,78
ละมุด ,35,30,ผัก,4,7.81007E+12
มะเขือเทศ,10,7,อาหารสำเร็จรูป,5,7.82001E+12
มะเขือพวง,15,11.5,อาหารสำเร็จรูป,3,7.82004E+12
มะระ ขี้นก,10,7,อาหารสำเร็จรูป,2,7.82005E+12
ขิงซอย 0.070กก.,10,8.05,ราคาสิินค้า,120,7.82054E+17
ขิงซอย 0.075กก.,10,8.63,ราคาสิินค้า,120,7.82054E+17
ขมิ้น-เหลือง0.080กก.,6,4.8,ราคาสิินค้า,120,7.821E+17
ขมิ้น-เหลือง 0.085กก.,6,5.1,ราคาสิินค้า,120,7.821E+17
กระชายซอย 0.070กก,8,5.25,ราคาสิินค้า,120,7.82126E+17
ปลาสัว-งา,25,19,อาหารสำเร็จรูป,12,7.84001E+12
ปลาสั่ว-งา 0.152กก.,35,28,อาหารสำเร็จรูป,120,7.84001E+12
ปลาลิ้นหมา(เเห้ง),25,19,อาหารสำเร็จรูป,120,7.84001E+12
ปลาลิ้นหมา (เเห้ง),25,19,อาหารสำเร็จรูป,12,7.84001E+12
ปลาลิ้นหมา(เเห้ง),25,19,อาหารสำเร็จรูป,12,7.84001E+12
เทสโต รสซอลธ์เเอนด์ซาวร์ 11กรัม,5,4,ขนม+ไอสครีม,120,7.85108E+12
แอนตาซิลเยล240มล,55,38,ยา,6,7.85141E+12
สกินแฮร์100ก,75,70,เครื่องสำอาง,50,7.85167E+12
บีไน  อาบน้ำ180มล,120,97,สบู่,20,7.8852E+13
ราคา79บาท,79,75,ราคาสิินค้า,499,79
นลินนิภา ถั่วตัด 80กรัม,10,7,ขนม+ไอสครีม,120,79020106
หมูยอแผ่น สูตรพริกไทยดำ,40,35,อาหารสำเร็จรูป,102,79060013
ผักชีฝรัง,10,7,อาหารสำเร็จรูป,3,79080309
พริกจินดา,10,7,อาหารสำเร็จรูป,5,79080336
ขนมจีน แม่ลิ้นจี่ 1/2ก.,15,13,อาหารสำเร็จรูป,120,79080351
เห็ดรวม 1 เเพค,25,20,อาหารสำเร็จรูป,120,79080371
ปลาทูหอม-เเพ็ค,35,30,อาหารสำเร็จรูป,120,79080678
น้ำปลาร้ากาฬสิน,15,10,เครื่องปรุงอาหาร,20,79130662
เกลือเม็ดตราพีพี,15,10,เครื่องปรุงอาหาร,20,79131746
กะเพาะไก่ 150กรัม,65,50,อาหารสำเร็จรูป,3,79270127
ขาหมูเลาะ ,50,45,อาหารสำเร็จรูป,10,79271192
หมูสไลด์,100,80,อาหารสำเร็จรูป,12,79271238
ราคา 8บาท,8,5,ราคาสิินค้า,962,8
ราคา80บาท,80,75,ราคาสิินค้า,162,80
กิ๊บดำ,10,8,เครื่องสำอาง,20,8E+11
ราคา81บาท,81,75,ราคาสิินค้า,500,81
เเซนด์วิชหมูหยอง,5,4,ขนม+ไอสครีม,10,81050055
ราคา82บาท,82,75,ราคาสิินค้า,500,82
ไม่เสียบอนามัย 8 นิ้ว,20,15,ของใช้ส่วนตัว,123,82230104
ไม้เสียบ,25,22,ไม้เสียบ,6,82230108
ไม่เสียบอานามัย 5*12,20,0,ของใช้ส่วนตัว,20,82230110
ราคา83บาท,83,75,ราคาสิินค้า,497,83
ต้นไผ่ ถุงร้อนใส 4/2 *7,38,32,ของใช้ส่วนตัว,24,83010104
ถุงร้อน6*9,40,35,ของใช้ส่วนตัว,40,83010106
11-Jul,45,38,ราคาสิินค้า,0,83010107
ถุงหิ้ว6*11,10,8,ของใช้ส่วนตัว,20,83030102
ถุงหิ้ว6*14,10,8,ของใช้ส่วนตัว,40,83030103
VR ถุงหิ้ว 5*9,5,3,ของใช้ส่วนตัว,12,83040101
VR ถุงหิ้ว 6*11,10,8,ของใช้ส่วนตัว,24,83040102
VR ถุงหิ้ว 6*14,10,8,ของใช้ส่วนตัว,24,83040103
ถุงppหนา4*4,40,35,ของใช้ส่วนตัว,20,83060123
ราคา84บาท,85,76,ราคาสิินค้า,499,84
BBQ ปืนจุกเเก๊ส SY-065,25,20,ของใช้ส่วนตัว,48,8.46837E+12
ราคา85บาท,85,76,ราคาสิินค้า,485,85
BOBO กระดาษห่อเหรียญ,35,30,ของใช้ส่วนตัว,100,8.52212E+12
ดัชมิวคิดรสผลไม้รวม,18,16,เครื่องดื่ม,48,8.54172E+12
ราคา86บาท,86,80,ราคาสิินค้า,500,86
ราคา87บาท,87,80,ราคาสิินค้า,497,87
สามดาวฯ ขนมปังกรอบ หน้ากระเทียม ,20,16,ขนม+ไอสครีม,118,87090101
บลูเเบนด์ มาการีน รสออริจินอล 150 ก.,45,40,เครื่องปรุงต่างๆ,120,8.7192E+12
บลูเเบนด์ เนยเทียม รสหวาน 150 ก.,48,42,เครื่องปรุงอาหาร,120,8.7192E+12
M-150เทอร์ปีน150มล,12,10,เครื่องดื่ม,50,8.77213E+11
ราคา88บาท,88,80,ราคาสิินค้า,493,88
คอฟฟี่เมตมิลค์,38,30,กาแฟ,20,8.80106E+12
ซัมยัง บลูดัก ราเมง สูตรเผ็ด 145ก.,45,32,อาหารสำเร็จรูป,117,8.80107E+12
Samyang Buldak ซีส 130g. ,45,32,อาหารสำเร็จรูป,12,8.80107E+12
ซัมยัง บลูดัก ราเมง สูตรเผ็ดมาก 145ก.,45,36,อาหารสำเร็จรูป,10,8.80107E+12
Samyang Buldak คาโบนาล่า 130g. ,45,32,อาหารสำเร็จรูป,11,8.80107E+12
ซัมยัง บลูดัก รสชีส 4 ชนิด 145ก.,45,36,อาหารสำเร็จรูป,120,8.80107E+12
เบสไวท์โคเรียนอโรล่า,29,20,เครื่องสำอาง,0,8.80906E+12
เบสทืโคเรียไวท์เลม่อน,29,20,เครื่องสำอาง,-1,8.80906E+12
เบสทืโคเรียรไวท์มะเขือเทศ,29,20,เครื่องสำอาง,0,8.80906E+12
แอคทีฟไวท์5มล,39,34,เครื่องสำอาง,50,8.80906E+12
โลจูคีส ไวท์,35,30,เครื่องสำอาง,50,8.80906E+12
โรจูคิส,39,34,เครื่องสำอาง,50,8.80906E+12
ไวท์บูสติ้งครีม,35,30,เครื่องสำอาง,50,8.8094E+12
อโรฮา8มล,29,24,เครื่องสำอาง,50,8.80946E+12
โรจูคิส เฟิร์ม เรด เดย์ 8มล.,29,23.34,เครื่องสำอาง,6,8.80978E+12
ข้าวสกลชมพู มะลิ 55% 15กิโล,325,315,ข้าว,100,8.81507E+11
เฟรนฟราย 200g.,20,18,อาหารสำเร็จรูป,28,8.82745E+12
C.P.D.M. ธูปกันยุ่ง  ,20,7.2,พลาสติก,155,8.8493E+12
ซอลส์ออริจินัล40ก,13,10,ยาสีฟัน,50,8.85E+12
โคโดโม โปรเฟสชั้นเนล,30,24,แปลงฟัน,55,8.85E+12
แปรงสีฟันเด็กโคโดโม,20,15,ราคาสิินค้า,100,8.85E+12
โคโดโม50กรัม,12,10,แป้ง,30,8.85E+12
โคโดโมฟ้า 180กรัม,30,25,แป้ง,29,8.85E+12
โคโดโมฟ้า 400กรัม,50,45,แป้ง,30,8.85E+12
แป้งโคโดโม,12,10,แป้ง,19,8.85E+12
โคโดโมชมพู180กรัม,30,25,แป้ง,30,8.85E+12
โคโดโม400กรัม,50,45,แป้ง,29,8.85E+12
โคโดโม 40ก,25,20,ยาสีฟัน,100,8.85E+12
โคโดโม40กรัม,25,19,ยาสีฟัน,30,8.85E+12
ซอลส์90กรัม,35,30,ยาสีฟัน,25,8.85E+12
ซอลส์40ก,15,12,ยาสีฟัน,97,8.85E+12
ซอลส์90กรัม,35,30,ยาสีฟัน,23,8.85E+12
ซอลส์เฟรช160กรัม,45,40,ยาสีฟัน,0,8.85E+12
ไลปอนเอฟ550มล.,25,20,น้ำยาล้างจาน,29,8.85E+12
ไลปอนเอฟ150 มล.,12,10,น้ำยาล้างจาน,26,8.85E+12
ไลปอนเอฟ500มล.,30,27,น้ำยาล้างจาน,26,8.85E+12
เอสเซ้นซ์ สูตรลดกลิ่นอับ กลิ่นดอกไม้ 400มล.,40,34,ผงซักผ้า,50,8.85E+12
เอสเซ้นซ์,50,45,ราคาสิินค้า,0,8850002011953gvl
ไฟท์ขจัดคราบ,35,30,ราคาสิินค้า,100,8.85E+12
ไฮคลาส600มล,15,12,น้ำยาปรับผ้านุ่ม,99,8.85E+12
ไฮคลาสสีส้ม,15,10,น้ำยาปรับผ้านุ่ม,27,8.85E+12
ไลปอน500มล,30,25,น้ำยาล้างจาน,50,8.85E+12
ไลปอน500มล,25,20,น้ำยาล้างจาน,49,8.85E+12
โปร400มล.,10,8,น้ำยาล้างจาน,4,8.85E+12
ซันไล300มล,20,16,น้ำยาล้างจาน,20,8850002012516_x001E_
โชกุบุซึ200มล,45,35,แป้ง,100,8.85E+12
โคโดโมะส้ม,25,20,แป้ง,0,8.85E+12
ฟลอเเร่ แพค4,38,35,สบู่,20,8.85E+12
สบู่ฟลอเร่80ก,10,8,สบู่,50,8.85E+12
ฟลอเร่ แพค4,28,25,สบู่,20,8.85E+12
ฟลอเร่80ก,12,10,ยาสระผมครีมนวด,98,8.85E+12
ฟลอเร่ แพค4,38,35,สบู่,20,8.85E+12
โชกุบุสซึโมโนกาตาริ100มล.,30,28,แป้ง,30,8.85E+12
แป้งโคโดโม,12,10,แป้ง,30,8.85E+12
โคโดโม40กรัม,20,17,ยาสีฟัน,19,8.85E+12
โคโดโม40กรัม,20,17,ยาสีฟัน,20,8.85E+12
โคโดโมะกลิ่นองุ่น,26,21,ยาสีฟัน,0,8.85E+12
คอลเกตรสสตรอเบอร์รี่40ก.,19,15,ยาสีฟัน,100,8.85E+19
ซอลส์40ก,13,10,ยาสีฟัน,50,8.85E+12
ซอลส์90กรัม,35,24,ยาสีฟัน,16,8.85E+12
โคโดโม40กรัม,25,20,ยาสีฟัน,18,8.85E+12
ฟลอเร่80ก,12,10,ยาสระผมครีมนวด,98,8.85E+12
ไฮคลาสปรับผ้า550มล,15,12,น้ำยาปรับผ้านุ่ม,19,8.85E+12
เปาวินวอช1700กรัม,145,135,ผงซักผ้า,20,8.85E+12
เปา วินวอช สูตรเข้มข้น 800กรัม,75,58,ผงซักผ้า,19,8.85E+12
ไฮคลาส550มล,15,10,น้ำยาปรับผ้านุ่ม,50,8.85E+12
ซิสเทมม่า,35,30,เครื่องสำอาง,0,8.85E+12
เปา วินวอช ซอฟท์ 800กรัม,75,0,ผงซักผ้า,0,8.85E+12
3พลังแจ๋ว1000กรัม,45,39,ถุงพลาสติก,-8,8.85E+12
3พลังแจ๋ว3500กรัม,155,129,ผงซักผ้า,7,8.85E+12
ไลปอนเอฟ 500มล.,30,27,ราคาสิินค้า,100,8.85E+12
3พลังแจ๋ว350กรัม,20,17,ผงซักผ้า,16,8.85E+12
ไลปอนเอฟ150 มล.,12,10,น้ำยาล้างจาน,20,8.85E+12
ไฮคลาสกลิ่นฮานาพิ้งค์เก้500มล.,15,10,น้ำยาปรับผ้านุ่ม,17,8.85E+12
hiclassสีชมพู3ถุง,35,30,น้ำยาปรับผ้านุ่ม,10,8.85E+12
ครีมอาบน้ำโชกุสบุสึ500มล,95,90,แป้ง,30,8.85E+12
ครีมอาบน้ำโชกุสบุสึ500มล.,95,90,แป้ง,30,8.85E+12
เปาวินซอส,50,45,ผงซักผ้า,0,8.85E+12
เปาวินวอช700มล,60,55,ผงซักผ้า,50,8.85E+12
โชกุบุซึ200มล,50,45,เครื่องสำอาง,100,8.85E+12
เปา วินวอช2500ก,150,135,น้ำยาปรับผ้านุ่ม,50,8.85E+12
ไฮคลาสกลิ่นฮานาบูเกต์500มล.,15,10,น้ำยาปรับผ้านุ่ม,20,8.85E+12
เปาคัลเลอร์110ก,10,8.4,ผงซักผ้า,12,8.85E+12
ไฮคลาสฮานาโรเซ่500มล.,15,10,น้ำยาปรับผ้านุ่ม,20,8.85E+12
ไฮคลาสกลิ่นฮานาไชน์เน่500มล.,15,10,น้ำยาปรับผ้านุ่ม,18,8.85E+12
Hiclass,55,50,น้ำยาปรับผ้านุ่ม,10,8.85E+12
Hiclass สีแดง,55,50,น้ำยาปรับผ้านุ่ม,10,8.85E+12
สไปรัล ชาโคล,79,70,แปลงฟัน,20,8.85E+12
โคโดโม180ก,30,20,แป้ง,50,8.85E+12
โคโดโมสวีทตี้คูล400,50,45,แป้ง,20,8.85E+12
เปาวินวอช700มล,60,55,ผงซักผ้า,50,8.85E+12
โปร2900กรัม,125,115,ผงซักผ้า,30,8.85E+12
คิวลีน เฟรช คลู70มล.,25,22,ยาสระผมครีมนวด,10,8.85E+12
คิวลีน(แชมพู)70มล.,25,23,ยาสระผมครีมนวด,18,8.85E+12
คิวลีนแชมพู70มล,25,20,ยาสระผมครีมนวด,100,8.85E+12
โคโดโม,45,40,แป้ง,20,8.85E+12
ซอลส์90ก,35,30,ยาสีฟัน,97,8.85E+12
โคโดโมะเด็กแพ็คคู่,55,50,แปลงฟัน,20,8.85E+12
โปร750มล.,28,23.5,น้ำยาล้างจาน,12,8.85E+12
โปร750มล.,25,20,น้ำยาล้างจาน,19,8.85E+12
โปร400มล.,12,10,น้ำยาล้างจาน,20,8.85E+12
โปรสูตรเบอรี่,30,25,น้ำยาล้างจาน,10,8.85E+12
เปา วินวอช700มล,60,55,ผงซักผ้า,50,8.85E+12
108Shop 3เเจ๋ว+เเจ่ม 3200กรัม,140,122,ผงซักผ้า,119,8.85E+12
แจ๋ว320ก,20,18,ผงซักผ้า,49,8.85E+12
เซ็นท์แอนดรูว์50ก,12,10,แป้ง,50,8.85E+12
ครีมอาบน้ำโชกุ200มล,45,35,ยาสระผมครีมนวด,20,8.85E+12
โปร750มล,25,20,น้ำยาล้างจาน,50,8.85E+12
เปาวินวินวอช800ก,75,70,ผงซักผ้า,100,8.85E+12
เปาวินวอช800ก,75,70,ผงซักผ้า,99,8.85E+12
ไลปอนเอฟเจแปนนีสพีช500 มล.,25,20,ราคาสิินค้า,120,8.85E+12
โปรปรับผ้านุ้ม500มล,10,8,น้ำยาปรับผ้านุ่ม,20,8.85E+12
โปรปรับผ้านุ้ม500มล,12,8,น้ำยาปรับผ้านุ่ม,18,8.85E+12
โปรปรับผัานุ่ม500มล,10,8,น้ำยาปรับผ้านุ่ม,20,8.85E+12
เปาซุปเปอร์ไวท์750ก,40,33.5,ผงซักผ้า,3,8.85E+12
108shop 3พลังแจ๋ว+แจ่ม 2600กรัม,110,88,ผงซักผ้า,0,8.85E+12
โชกุบุสซึ โพรเทคทีฟ ชาร์โคล 260ก.,50,44,แป้ง,3,8.85E+12
โชกุบุสซึ สปอร์ต คูลลิ่ง 260ก.,50,44,แป้ง,3,8.85E+12
เอสเซ้นช์ กลิ่น ดอกไม้ 225มล,35,30,ผงซักผ้า,15,8.85E+12
เอสเซ้นซ์ กลิ่น ดอกไม้ 450มล.,65,55,น้ำยาปรับผ้านุ่ม,55,8.85E+12
เอสเซนช์ กลิ่น บลอสซั่ม 225มล,35,30,ผงซักผ้า,50,8.85E+12
เอสเซ้นซ์ กลิิ่น บลอสซั่ม 450มล.,65,55,น้ำยาปรับผ้านุ่ม,55,8.85E+12
อองฟองต์50กรัม,12,10,แป้ง,18,8.85E+12
อองฟองต์ เด็กฟ้า 160กรัม,35,27,แป้ง,20,8.85E+12
อองฟองต์ อ่อนโยน 350g.,55,45,แป้ง,50,8.85E+12
เอสเซ้นม่วง,15,10,น้ำยาปรับผ้านุ่ม,0,8.85E+12
ชุกุบุซึชมพู,30,25,แป้ง,100,8.85E+12
ครีมอาบน้ำโชกุ200มล,45,35,ยาสระผมครีมนวด,50,8.85E+12
ชุกุบุสซึเขียว,30,20,แป้ง,100,8.85E+12
โชกุบุซึ200มล,45,35,เครื่องสำอาง,100,8.85E+12
เอสเซนซ์ชมพู600มล.,20,16,น้ำยาปรับผ้านุ่ม,3,8.85E+12
อองฟองต์ เด็กชมพู 160กรัม,35,27,แป้ง,18,8.85E+12
อองฟองต์ ลดผดผื่น 350ก.,55,50,แป้ง,0,8.85E+12
เอสเซนซ์ฟ้า600มล.,20,15,น้ำยาปรับผ้านุ่ม,20,8.85E+12
เอสเซ้นซ์ชมพู,15,10,น้ำยาปรับผ้านุ่ม,-1,8.85E+12
เอสเซ้นช์600มล,20,15,น้ำยาปรับผ้านุ่ม,20,8.85E+12
เอสเซ้นซ์ฟ้า,15,10,น้ำยาปรับผ้านุ่ม,0,8.85E+12
เฟรช-ซอฟ400มล,30,25,ผงซักผ้า,20,8.85E+12
เอสเซ้นซ์ สูตรมาตรฐาน 500กรัม,40,35,ผงซักผ้า,17,8.85E+12
เอสเซ้นซ์ มาตรฐาน 1100ก.,65,59,ราคาสิินค้า,120,8.85E+12
เอสเซนซ์ยีน600มล.,20,15,น้ำยาปรับผ้านุ่ม,20,8.85E+12
เอสเซ้น1200ก,65,50,ผงซักผ้า,20,8.85E+12
เอสเซนซ์330มล.,40,30,น้ำยาปรับผ้านุ่ม,20,8.85E+12
เอสเซนซ์แดง330มล.,40,35,น้ำยาปรับผ้านุ่ม,20,8.85E+12
เอสเซ้นช์30มล,5,3,ผงซักผ้า,95,8.85E+12
เอสเซ้นซ์450ก,40,35,ผงซักผ้า,20,8.85E+12
เอสเซ้น1100ก,65,50,ผงซักผ้า,20,8.85E+12
เอสเซ้น ซักผ้า35มล,5,4,น้ำยาปรับผ้านุ่ม,24,8.85E+12
เอสเซน่ซักผ้า35มล,5,4,ผงซักผ้า,20,8.85E+12
เอสเซน ปรับ ถุง600มลแพ็ค3,55,44,น้ำยาปรับผ้านุ่ม,50,8.85E+12
เซ็นท์แอนดรูว์50ก,12,10,แป้ง,50,8.85E+12
คอลเกตยาสีฟัน เฟรชคูลมินท์ 150กรัม,60,50,ยาสีฟัน,117,8.85001E+12
คอลเกต90กรัม,27,25,ยาสีฟัน,17,8.85001E+12
คอลเกต เเคลเซียม 35กรัม,16,13,ยาสีฟัน,15,8.85001E+12
คอลเกต รสยอดนิยม 150ก.,60,50,ยาสีฟัน,112,8.85001E+12
คอลเกต90กรัม,27,25,ยาสีฟัน,17,8.85001E+12
คอลเกต ยอดนิยม 35ก,16,13,ยาสีฟัน,95,8.85001E+12
คอลเกตยาสีฟัน ริ้วใสเย็นสดชื่น140g,60,52,ยาสีฟัน,6,8.85001E+12
คอลเกต80กรัม,27,25,ยาสีฟัน,19,8.85001E+12
คอลเกต35กรัม,13,11,ยาสีฟัน,20,8.85001E+12
คอลเกต เปปเปอร์มินท์250มล,50,30,น้ำยาบ้วนปาก,19,8.85001E+12
คอลเกต เกลือสมุนไพร250มล,50,40,น้ำยาบ้วนปาก,49,8.85001E+12
คอลเกต พลักซ์ เกลือสมุนไพร 500มล.,75,70,น้ำยาบ้วนปาก,1,8.85001E+12
คอลเกตฟรุตตี้,60,55,ยาสีฟัน,20,8.85001E+12
คอลเกต พลักซ์ ฟรุ้ตตี้,75,70,น้ำยาบ้วนปาก,10,8.85001E+12
คอนเกตพลัส,25,20,ยา,17,8.85001E+12
คอลเกต100มล,25,20,ยาสีฟัน,20,8.85001E+12
คอลเกตพลักซ์250มล.,65,60,ราคาสิินค้า,100,8.85001E+12
คอลเกตพลักซ์500ก.,65,60,ราคาสิินค้า,100,8.85001E+12
คอลเกต 500มล,79,70,ยาสีฟัน,19,8.85001E+12
คอลเกต ปัญจเวท250มล,50,40,น้ำยาบ้วนปาก,50,8.85001E+12
คอลเกต40กรัม,25,20,ยาสีฟัน,19,8.85001E+12
คอนเกตไวท์นิ่ง,55,50,ยาสีฟัน,0,8.85001E+12
คอลเกตเกลือสมุนไพร150ก.,60,50,ราคาสิินค้า,98,8.85001E+12
คอลเกต เกลือสมุนไพร35ก.,16,13,ยาสีฟัน,10,8.85001E+12
คอลเกต80ก,27,25,ยาสีฟัน,100,8.85001E+12
คอลเกต35กรัม,19,17,ยาสีฟัน,20,8.85001E+12
คอลเกลโทเทล150ก,70,65,ยาสีฟัน,99,8.85001E+12
คอลเกต มินท์ 30กรัม,15,13,ยาสีฟัน,15,8.85001E+12
คอลเกต60กรัม,35,30,ยาสีฟัน,19,8.85001E+12
คอลเกต แปลงสีฟัน เอ็กซ์ตร้าคลีน 2เเถม1,50,41,แปลงฟัน,119,8.85001E+12
คลอเกตเอ็กตร้า,20,15,แปลงฟัน,14,8.85001E+12
colgate,20,16,แปลงฟัน,10,8.85001E+12
คอลเกต เดอลุกซ์ พลัส,15,10,แปลงฟัน,9,8.85001E+12
คอลเกต กัมคลีน,25,19,แปลงฟัน,55,8.85001E+12
คอลเกตเซต,55,50,ราคาสิินค้า,100,8.85001E+12
คลอเกต40กรัม,25,20,ยาสีฟัน,20,8.85001E+12
คอลเกตโททอล ชาร์โคลดีพคลีน 80กรัม,55,47,ยาสีฟัน,5,8.85001E+12
คอนเกต,47,42,ยาสีฟัน,100,8.85001E+12
คอนเกต,47,42,ยาสีฟัน,50,8.85001E+12
คอลเกต140กรัม,47,45,ยาสีฟัน,19,8.85001E+12
คอลเกต150ก,55,50,ยาสีฟัน,95,8.85001E+12
คอลเกตเกลือชาโคล,30,25,ยาสีฟัน,98,8.85001E+12
คอลเกต150กรัม,60,50,ยาสีฟัน,19,8.85001E+12
คอลเกต150ก,55,50,ยาสีฟัน,99,8.85001E+12
คอลเกต170ก,47,43,ยาสีฟัน,100,8.85001E+12
คอลเกต170ก,47,35,ยาสีฟัน,100,8.85001E+12
โฟรเทคส์ เมน65กแพค4,55,50,สบู่,20,8.85001E+12
โฟรเทคส์65ก แพค4,55,50,สบู่,20,8.85001E+12
แคร์คลาสสิค180กรัม,30,25.66,แป้ง,14,8.85001E+12
แคร์คลาสสิค60กรัม,13,10,แป้ง,30,8.85001E+12
แคร์คลาสสิค400กรัม,55,50,แป้ง,19,8.85001E+12
แคร์พิงค์ซอฟท์180กรัม,30,28,แป้ง,17,8.85001E+12
แป้งเด็กน่ารัก มะเขือเทศและเเครอต,0,0,แป้ง,0,8.85001E+19
แป้งแคร์60กรัม,13,12,แป้ง,17,8.85001E+12
แคร์พิงค์ซอฟท์400กรัม,55,50,แป้ง,16,8.85001E+12
แคร์ทริปเปิ้ลแอคชั่น400กรัม,55,50,แป้ง,20,8.85001E+12
แคร์เวรี่เบอร์รี่216กรัม,30,28,แป้ง,20,8.85001E+12
แป้งแคร์60กรัม,13,12,แป้ง,20,8.85001E+12
แคร์ซากุระ,13,10,แป้ง,-2,8.85001E+12
แคร์ซากุระ400กรัม,55,45,แป้ง,19,8.85001E+12
สบู่แคร์65ก,15,13,สบู่,100,8.85001E+12
แป้งเด็กแคร์380ก,50,45,แป้ง,49,8.85001E+12
แป้งแคร์60ก,13,10,แป้ง,50,8.85001E+12
แป้งเย็นโพรเทคส์60กรัม,15,12,แป้ง,19,8.85001E+12
โพรเทคฟไอซ์ซี่คูล280กรัม,55,50,แป้ง,17,8.85001E+12
โปรเทค ไอช์คูล280กแพ็คคู่,79,69,แป้ง,20,8.85001E+12
แป้งเย็นโพรเทคส์60กรัม,15,13,แป้ง,20,8.85001E+12
โพรเทคส์(ครีมอาบน้ำ)70มล.,20,18,แป้ง,19,8.85001E+12
โพรเทคเฟรช,22,18,แป้ง,0,8.85001E+12
โปรเทค สดช์้น140ก,30,28,แป้ง,50,8.85001E+12
โพรเทคสบลอสซัม140กรัม,35,28,แป้ง,19,8.85001E+12
โพรเทคไอซ์ซี่คูล140กรัม,35,28,แป้ง,14,8.85001E+12
โพรเทคฟอร์เมนสปอร์ต280กรัม,55,50,แป้ง,19,8.85001E+12
โพรเทคส์ สปอร์ต 140ก,35,30,แป้ง,20,8.85001E+12
แป้งเย็นโพรเทคส์60กรัม,15,12,แป้ง,19,8.85001E+12
โพรเทคส์ดับเบิ้ล280กรัม,55,50,แป้ง,20,8.85001E+12
โปรเทค140ก,30,28,แป้ง,49,8.85001E+12
สบู่เหลวล้างมีอ250มล,60,45,สบู่,20,8.85001E+12
แป้งเย็นโพรเทคส์60กรัม,14,12,แป้ง,20,8.85001E+12
โปรเทค65ก,15,12,สบู่,100,8.85001E+12
โพรเทคฟอรเมน280กรัม,55,50,แป้ง,20,8.85001E+12
โพรเทคฟอรเมน140กรัม,32,28,แป้ง,18,8.85001E+12
สบู่โพรเทคส์ 130 กรัม,45,38,สบู่,20,8.85001E+12
โพรเทคล์280ก,55,48,แป้ง,21,8.85001E+12
แป้งโปรเทคฟลอรัลพิงค์280ก,55,45,แป้ง,20,8.85001E+12
โพรเทคเมนทอลแคปซูล,13,10,แป้ง,0,8.85001E+12
โปรเทค เทอราพี75ก,29,25,เครื่องสำอาง,100,8.85001E+12
โปรเทค เทอราพี30ก,45,40,เครื่องสำอาง,100,8.85001E+12
โพรเทคส์อาบน้ำ450มล,150,135,สบู่,20,8.85001E+12
โพรเทค บลอสซัม 280ก.,65,55,ราคาสิินค้า,119,8.85001E+12
โพรเทคบอสซั่ม,55,50,แป้ง,0,8.85001E+19
แอคชั่น18.5ก,25,20,เครื่องสำอาง,50,8.85001E+12
แคร์ คลาสสิค  65 กรัม,15,12,สบู่,49,8.85001E+12
แคร์ พิงค์,15,12,สบู่,29,8.85001E+12
โพรเทคส์ สดชื่น65กรัม,15,12,สบู่,30,8.85001E+12
สบู่โพรเทคส์  ครีม 65 กรัม,15,12,สบู่,28,8.85001E+12
สบู่โพรเทคส์ คูล,15,12,สบู่,47,8.85001E+12
โพรเทคส์ มะขาม 65ก.,15,10,สบู่,98,8.85001E+12
แคร์เบอรรี่,15,10,สบู่,0,8.85001E+12
สบู่โพรเทคส์ สปอร์ต 65กรัม,15,12,สบู่,20,8.85001E+12
โปรเทค65ก,15,12,สบู่,100,8.85001E+12
โพรเทคฟอร์เมน,15,10,สบู่,96,8.85001E+12
คอลเกต โททอล60ก,35,30,ยาสีฟัน,50,8.85001E+12
โพรเทคส์เมน อาบน้ำ450มล,150,135,สบู่,20,8.85001E+12
โพรเทคส์มอยช์เจอร์450มล,150,134,สบู่,20,8.85001E+12
คอลเกตกัมคลีนชาร์โคล,29,25,ราคาสิินค้า,99,8.85001E+12
โพรเทคส์ ไทย เทอราพี น้ำนมข้าว 160ก.,30,26,ราคาสิินค้า,119,8.85001E+12
สบู่โพรเทคส์ทานาคา160ก,30,25,สบู่,47,8.85001E+12
คอลเกตเกลือสมุนไพร,45,40,ราคาสิินค้า,97,8.85001E+12
คอลเกตเกลือเฟรชมิ้ท์ 100ก.,45,40,ราคาสิินค้า,96,8.85001E+12
โปรเทคร์160ก,30,25,แป้ง,20,8.85001E+12
แป้งโปรเทคส์280ก,55,45,แป้ง,20,8.85001E+12
แคร์180ก,30,25,แป้ง,20,8.85001E+12
โพรเทคลาเวนเดอร์2,85,96,แป้ง,20,8.85001E+12
คอลเกต เกลือ ชาร์โคล 100ก.,45,35,ยาสีฟัน,47,8.85001E+12
คอลเกต โททอล แอคทีฟ เฟรช 80ก.,55,47,ยาสีฟัน,0,8.85001E+12
แคร์แป้งเด็กฟ้า50ก,13,9,แป้ง,23,8.85001E+12
คอลเกต-ยอดนิยม100ก,39,28,ยาสีฟัน,10,8.85001E+12
คอลเกตยาสีฟัน เฟรชคูลมินท์ 100กรัม,39,28,ยาสีฟัน,13,8.85001E+12
คอลเกต-ริ้วใส90ก,39,35,ยาสีฟัน,12,8.85001E+12
คอลเกต เกลือ ฟันขาว 100ก.,45,37,ยาสีฟัน,6,8.85001E+12
โพรเทคส์ทับทิม,65,55,ราคาสิินค้า,2,8.85001E+12
โพรเทคส์คูล,20,15,ราคาสิินค้า,11,8.85001E+12
โพรเทคส็บลอสซ้ม,20,15,ราคาสิินค้า,12,8.85001E+12
โพรเทคส์,20,15,ราคาสิินค้า,11,8.85001E+12
แป้งเย็นโพรเทคส์ เมน แอคทีฟอะควอทิค 280กรัม,55,46,แป้ง,1,8.85001E+12
Colgate slimsoft 0.01,65,58.5,แปลงฟัน,6,8.85001E+12
คอลเกต เกลือ ใบฝรั่ง 150 กรัม,60,45,ยาสีฟัน,6,8.85001E+12
จอหนสัน100ก,20,15,แป้ง,20,8.85001E+12
จอห์นสันบลอสซั่ม200กรัม,30,28,แป้ง,27,8.85001E+12
จอห์นสันบอสซั่ม400กรัม,50,45,แป้ง,29,8.85001E+12
จอห์นสันคลาสสิค200กรัม,30,28,แป้ง,30,8.85001E+12
จอห์สัน380ก,50,45,แป้ง,49,8.85001E+12
เบบี้ พาวเดอร์200ก,30,25,แป้ง,49,8.85001E+12
เบบี้ มิ้ว 200ก,30,28,แป้ง,48,8.85001E+12
เบบี้ พาวร์เดอร์200ก,30,28,แป้ง,50,8.85001E+12
จอห์นสันบลอสซั่ม45กรัม,10,8,แป้ง,17,8.85001E+12
จอห์นสันบลอสซั่ม45กรัม,10,8,แป้ง,30,8.85001E+12
จอนร์สัน65ก,13,10,แป้ง,49,8.85001E+12
จอนร์สัน65ก,13,10,แป้ง,48,8.85001E+12
สบู่่จอห์นสัน เบบี้โซฟ 75กรัม,17,12,สบู่,30,8.85001E+12
สบู่จอร์นสัน บรอสซั้ม75กรัม,17,12,สบู่,30,8.85001E+12
จอห์นสัน75ก,15,13,สบู่,100,8.85001E+12
จอร์นสัน เบบี้-โลชั่น 100มล.,50,41,เครื่องสำอาง,11,8.85001E+12
เบบี้โลชั่น,35,30,เครื่องสำอาง,50,8.85001E+12
เบบี้ออย,45,40,เครื่องสำอาง,49,8.85001E+12
โมเดส5ชื้น,12,10,น้ำยาปรับผ้านุ่ม,30,8.85001E+12
โมเดส,45,40,น้ำยาปรับผ้านุ่ม,100,8.85001E+12
โมเดส,25,20,น้ำยาปรับผ้านุ่ม,50,8.85001E+12
โมเดส4+1ชิ้น,10,8,น้ำยาปรับผ้านุ่ม,30,8.85001E+12
โมเดส4ชิ้น,12,10,น้ำยาปรับผ้านุ่ม,30,8.85001E+12
โมเดส สปีริต5ชิ้น,12,10,กระดาษทิชชู,50,8.85001E+12
โมเดสสปิริต,23,18,ราคาสิินค้า,0,8.85001E+12
โมเดส,10,8,น้ำยาปรับผ้านุ่ม,49,8.85001E+12
แอคเน่ -ครีนเครียร์40ก,39,32,เครื่องสำอาง,3,8.85001E+12
ลิสเติรีน,75,70,ยาสีฟัน,0,8.85001E+12
ลิสเตอรีนเฮตตี้ไบร์ท,75,70,ยาสีฟัน,20,8.85001E+12
ไทลินอล 500,15,12,ยา,36,8.85001E+12
เนสท์เล่ โยเกิร์ต เเอนด์ เกรฟ เฟลเวอร์ 67ก.,20,16,ขนม+ไอสครีม,119,8.85001E+12
เนสกาแฟ เเบล็ค โรสต์ 70กรัม,85,69,กาแฟ,3,8.85001E+12
เนสท์เล่ ช็อกป๊อป สตรอเบอร์รี่ 57ก.,20,16,ขนม+ไอสครีม,120,8.85001E+12
เนสเล่ โมจิ บราวน์ชูการ์ 50กรัม,20,18,ขนม+ไอสครีม,117,8.85001E+12
บลูเบอร์รี่ ชีสเค้ก,25,18,ขนม+ไอสครีม,23,8.85001E+12
เนสกาแฟ เรดคัฟ+ คอฟฟีเมต ,65,58,ราคาสิินค้า,120,8.85001E+12
เนสกาแฟ100ซอง,360,281,กาแฟ,18,8.85001E+12
เนสกาแฟ100ซอง,295,275,กาแฟ,10,8.85001E+12
เนสกาเเฟ โรบัสต้า เเบล็ค โรสต์ 180มล.,16,15,เครื่องดื่ม,11,8.85001E+12
Nescafe Black Roast 12.2g,5,4,กาแฟ,25,8.85001E+12
เนสกาแฟ เเบล็ค โรสต์ 329.4กรัม,125,103,กาแฟ,119,8.85001E+12
เอ็กซ์ตรีม วนิลลา&สตรอเบอร์รี่ 47กรัม,15,11,ขนม+ไอสครีม,119,8.85001E+12
ฮันนี่,5,3,ขนม+ไอสครีม,10,8.85001E+12
โมจิ งาดำ ,20,14.95,ขนม+ไอสครีม,24,8.85001E+12
เนสท์เล่ นมเปรี้ยว เยลลี่ส้ม,10,7.48,ขนม+ไอสครีม,24,8.85001E+12
ไอศกรีนหวานเย็นชาเขียว กลิ่นฮันนี่เลม่อน,15,13,ราคาสิินค้า,120,8.85001E+12
อิ่มดี รสช็อกโกแลต,5,4,กาแฟ,7,8.85001E+12
นม น้ำผึ้ง,15,12,ราคาสิินค้า,21,8.85001E+12
เนส เอสเรส์โซ100ซอง,360,281,กาแฟ,5,8.85001E+12
สำลีก้านเชอร่รี่,25,20,ราคาสิินค้า,0,8.85001E+12
L&M เขียว 7.1,75,69,บุหรี่+ยาเส้น,120,88500164
กะทิทวีรส250มล,22,20,ราคาสิินค้า,100,8.85002E+12
นีเวีย เมน,20,15,เครื่องสำอาง,50,8.85003E+12
นิเวีย เมน สเตรส โพรเทค 25ml.,49,44,ของใช้ส่วนตัว,120,8.85003E+12
นีเวีย(โฟมล้าหน้า)20กรัม,20,18,เครื่องสำอาง,40,8.85003E+12
นีเวียโฟมไกลสิว,50,45,ราคาสิินค้า,-1,8.85003E+12
นีเวีย(ครีม)6กรัม,5,4,เครื่องสำอาง,40,8.85003E+12
นีเวีย(ครีม)8กรัม,10,8,เครื่องสำอาง,40,8.85003E+12
สเปรย์นีเวียดีโอ50มล.,55,50,เครื่องสำอาง,30,8.85003E+12
นีเวีย เอ็กซ์ตร้า ไบร์ (โรลออน)12มล.,35,29,เครื่องสำอาง,31,8.85003E+12
นีเวีย คูล คิก (โรลออน)25มล.,35,29,เครื่องสำอาง,34,8.85003E+12
นีเวีย B&W (โรลออน)12มล.,35,29,เครื่องสำอาง,37,8.85003E+12
นีเวียไฮโดร ลิป เเคร์ 48*2ชิ้น,89,81,เครื่องสำอาง,50,8.85003E+12
นีเวีย25มล,49,42,เครื่องสำอาง,48,8.85003E+12
นีเวีย(ครีม)8กรัม,15,13,เครื่องสำอาง,30,8.85003E+12
ยีเวย์,90,85,สบู่,0,8.85003E+12
นีเวีย20มล,20,18,เครื่องสำอาง,50,8.85003E+12
นีเวย์เล็ก,50,45,เครื่องสำอาง,0,8.85003E+12
ยีเวีย ดิโอเพิร์ล 60มล.,65,60,เครื่องสำอาง,2,8.85003E+12
โคลนโฟม,53,47,ราคาสิินค้า,0,8.85003E+12
นีเวีย,53,47,ราคาสิินค้า,0,8850029014654นีเวีย
นีเวีย(โฟมล้างหน้า)100กรัม,80,78,แป้ง,30,8.85003E+12
นีเวีย(โฟมล้างหน้า)10กรัม,10,9,เครื่องสำอาง,30,8.85003E+12
นีเวีย เมน เอ๊กซ์ตร้า8มล.,15,10,เครื่องสำอาง,39,8.85003E+12
นีเวีย(ครีม)8กรัม,20,15,เครื่องสำอาง,30,8.85003E+12
นีเวีย(ครีม)8กรัม,15,13,เครื่องสำอาง,28,8.85003E+12
นีเวีย พาวเวอร์8มล,20,15,เครื่องสำอาง,199,8.85003E+12
นีเวีย(ครีม)7กรัม,15,13,เครื่องสำอาง,30,8.85003E+12
นิวเวีย โพรเทคแอนด์แคร์ สเปรย์,65,60,เครื่องสำอาง,1,8.85003E+12
นีเวีย(โฟมล้างหน้า)20มล.,20,18,เครื่องสำอาง,40,8.85003E+12
นีเวีย125มล,69,63,เครื่องสำอาง,50,8.85003E+12
นีเวย์,69,60,เครื่องสำอาง,0,8.85003E+12
นิวเวีย เมน ครีมทาหน้า ,15,7,น้ำยาปรับผ้านุ่ม,120,8.85003E+12
นีเวียไวท์7มล,15,12,เครื่องสำอาง,48,8.85003E+12
นีเวีย25มล,52,43,เครื่องสำอาง,52,8.85003E+12
นีเวีย Extra White200มล,55,43,เครื่องสำอาง,20,8.85003E+12
นีเวียไบรืโลชั่น,69,65,ราคาสิินค้า,0,8.85003E+12
นีเวีย-ไวโรชั้น200มล,55,43,เครื่องสำอาง,3,8.85003E+12
นีเวียเอ็กชืตร้า,69,65,ราคาสิินค้า,0,8.85003E+12
นีเวีย50มล,55,48,เครื่องสำอาง,5,8.85003E+12
นีเวีย เมน ดีพ ราพิด แอคเน่ เครียร์ เซรั่ม 8 มล.,20,15,ราคาสิินค้า,49,8.85003E+12
นีเวีย เอ็กซ์ตร้า ไวท์ C&E วิตามิน โลชั่น,29,25,ราคาสิินค้า,-1,8.85003E+12
นีเวีย เอ็กซ์ตร้า ไวท์ C&A วิตามิน โลชั่น 30 มล. ,29,25,ราคาสิินค้า,100,8.85003E+12
นีเวีย เรเดียนท์ โรส ไวท์ โลชั่น 200มล.,49,42,เครื่องสำอาง,120,8.85003E+12
นีเวียไมโครเคลนเซอรื,65,60,ราคาสิินค้า,0,8.85003E+12
นีเวียไบรทืเซ่รั่ม,70,65,ราคาสิินค้า,0,8.85003E+12
นีเวียไบรทืชูเปอรืซี,75,70,ราคาสิินค้า,0,8.85003E+12
นีเวียเมน,20,17,ราคาสิินค้า,0,8850029039268o
NiveaMen Anti-age 4Deffect 7ml,20,16,เครื่องสำอาง,6,8.85003E+12
นิเวีย ดีโอ เพียว 25ml.,49,44,เครื่องสำอาง,50,8.85003E+12
นีเวีย(โรลออน)25มล.,53,48,เครื่องสำอาง,42,8.85003E+12
นีเวียดราย25มล,53,43,เครื่องสำอาง,46,8.85003E+12
นิเวีย เมน ดราย อิมเเพ็ค 25ml.,52,49,เครื่องสำอาง,0,8.85003E+12
นีเวีย(โรลออน)25มล.,49,40,เครื่องสำอาง,39,8.85003E+12
นีเวีย ซอฟท์ โรส 4.8ก.*2ชิ้น,89,81,เครื่องสำอาง,50,8.85003E+12
โลโบ้ซอสปรุงผัดไทย,25,20,เครื่องปรุงอาหาร,40,8.85003E+12
ผลพะโล้,25,20,เครื่องปรุงต่างๆ,0,8.85003E+12
ผงวุ้นกาแฟ,30,25,เครื่องปรุงต่างๆ,50,8.85003E+12
เกล็กขนมปัง,30,25,เครื่องปรุงอาหาร,0,8.85003E+12
กระดาษเช้ดหน้าเลดี้สก้อตตื,45,40,ราคาสิินค้า,0,8.85003E+12
ผักกาดดองเค็ม140ก,20,16,อาหารสำเร็จรูป,20,8.85004E+12
ผักกาดดองเค็ม,25,19,ปลากระป๋อง,87,8.85004E+12
ผักกาดดอง91ก,20,18,เครื่องปรุงอาหาร,100,8.85004E+12
ผักกาดดองเค็ม150ก,35,27.5,ปลากระป๋อง,93,8.85004E+12
ยำเกี่ยมฉาย,20,15,เครื่องปรุงอาหาร,40,8.85004E+12
กาดดอง หวาน91ก,20,15,เครื่องปรุงอาหาร,48,8.85004E+12
กาดดองสามรส91ก,20,15,เครื่องปรุงอาหาร,100,8.85004E+12
ผักผสมดองดค็ม,20,15,ปลากระป๋อง,49,8.85004E+12
นกคู่ เงาะในน้ำเชื่อม 540ก.,0,45,เครื่องดื่ม,120,8.85004E+12
นกพิราบคู่,15,10,เครื่องปรุงอาหาร,40,8.85004E+12
ปลาแม็กเคอเรล,15,13,ปลากระป๋อง,98,8.85004E+12
ปลากระป๋องนกพิราบ155ก,17,13.4,ปลากระป๋อง,15,8.85004E+12
ซอสปรุงรสตราฉลากทอง,25,20,เครื่องปรุงต่างๆ,40,8.85004E+12
ซอสหอยนางรม150ซม.,26,21,เครื่องปรุงต่างๆ,11,8.85004E+12
ซอสหอยนางรม300ซม.,38,33,เครื่องปรุงต่างๆ,170,8.85004E+12
ซอสหอยนางรม600ซม.,52,49,เครื่องปรุงต่างๆ,179,8.85004E+12
สก็อตต์ ซีเลคค์ เเพ็ค 12,100,85,ของใช้ส่วนตัว,12,8.85004E+12
สก็อตต์ ซีเลคท์ 50แผ่น,10,7,ของใช้ส่วนตัว,0,8.85004E+12
สก็อตต์ เอ็กซ์ตร้า 86แผ่น,15,9,ของใช้ส่วนตัว,120,8.85004E+12
คลีเน็กซ์ กระดาษเช็ดหน้า 60เเผ่น,25,19,ของใช้ส่วนตัว,120,8.85004E+12
คลีเน็กซ์ 140แผ่น,45,38,กระดาษทิชชู,120,8.85004E+12
คลีแม็กซ์10แผ่น,3,2,กระดาษทิชชู,40,8.85004E+12
เซลล็อกซ์1ม่วน,10,8,กระดาษทิชชู,36,8.85005E+12
เซลล็อกซ์ กระดาษเว็ดหน้า,3,1,ของใช้ส่วนตัว,120,8.85005E+12
เซลล็อกซ์,45,40,กระดาษทิชชู,40,8.85005E+12
Zilk จัมโบ กระดาษทิชชู 6ม้วน,50,44,กระดาษทิชชู,120,8.85005E+12
เบลล์ กระดาษชำระ,30,25,ของใช้ส่วนตัว,19,8.85005E+12
ซิลค์ 120แผ่น,35,30,กระดาษทิชชู,39,8.85005E+12
Zilk กระดาษเช็ดหน้า 120แผ่น,35,30,กระดาษทิชชู,10,8.85005E+12
กระดาษเช้ดหน้า,45,40,ราคาสิินค้า,0,8.85005E+12
cellox,10,8,กระดาษทิชชู,10,8.85005E+12
เบลล์กระดาษเช็ดหน้า,25,20,กระดาษทิชชู,50,8.85005E+12
เซลล็อกซ์ ป๊อป-อัพ,15,8,ของใช้ส่วนตัว,120,8.85005E+12
MaxMo กระดาษอเนกประสงค์ 2ม้วน,60,55,กระดาษทิชชู,120,8.85005E+12
น้ำปลาผสม พันท้ายนรสิงห์,20,18,เครื่องปรุงอาหาร,6,8.85006E+12
น้ำจิ้มไก่พันท้าย220มล,30,26,เครื่องปรุงต่างๆ,6,8.85006E+12
น้ำจิ้มสุกี้พันท้าย330กรัม,55,50,เครื่องปรุงอาหาร,95,8.85006E+12
พันท้ายกวางตุ้ง830มล,96,91,เครื่องปรุงอาหาร,198,8.85006E+12
น้ำจิ้มไก่ตราพันท้าย220กรัม,36,30,เครื่องปรุงอาหาร,40,8.85006E+12
พันท้าย800มล,86,81,เครื่องปรุงอาหาร,49,8.85006E+12
พันท้าย330มล,50,45,เครื่องปรุงอาหาร,46,8.85006E+12
ปรุงทิพย์ 500กรัม,10,8,เครื่องปรุงอาหาร,37,8.85007E+12
ปรุงทิพย์150กรัม,50,3,เครื่องปรุงอาหาร,40,8.85007E+12
ปรุงทิพย์ เกลือ 120ก.,12,9,เครื่องปรุงอาหาร,6,8.85007E+12
เกลือปรุงทิพย์ 330ก.,20,13,เครื่องปรุงอาหาร,50,8.85007E+12
เกลือทิพย์220ก,5,4,เครื่องปรุงต่างๆ,100,8.85007E+12
เยนเชียนไวโอเลต,12,10,ยา,-1,8.85008E+12
มหาหิงค์,45,40,ยา,0,8.85008E+12
 ปลาทอดราดพริกทีซีบี,25,20,อาหารสำเร็จรูป,40,8.85008E+12
ทีซีบีราดพริก85ก,20,15,อาหารสำเร็จรูป,100,8.85008E+12
ทีซีบี,15,10,ยาสระผมครีมนวด,200,8.85008E+12
ฟลูโอคารีล160ก,55,45,ยาสีฟัน,50,8.85008E+12
Fluocaril,15,10,แปลงฟัน,4,8.85008E+12
โอวัลติน มอลต์ 100 กรัม,40,32,กาแฟ,4,8.85009E+12
โอวัลติน31กรัม,8,7.3,กาแฟ,11,8.85009E+12
โอวัลติน150กรัม,28,20,กาแฟ,19,8.85009E+12
โอวันติน Smart 165มล.,10,9,ราคาสิินค้า,111,8.85009E+12
โอวัลติล165มล,10,8,เครื่องดื่ม,38,8.85009E+12
โอวัลติน สมาร์ท มอลช็อก 170มล.,12,9,เครื่องดื่ม,12,8.85009E+12
โอวัลตินซอยย์,5,4,กาแฟ,20,8.85009E+12
โอวัลติน31ก36ชอง,130,119,กาแฟ,50,8.85009E+12
โอวันติน UHT สมาร์ท รสมอลต์ 165*4,38,28,เครื่องดื่ม,115,8.85009E+12
โอวัลติน สมาร์ท มอลช็อก 170มล./4,45,38,เครื่องดื่ม,12,8.85009E+12
โอวัลติน สมาร์ท รสมอลต์ผสมนม 170มล.,45,38,ขนม+ไอสครีม,120,8.85009E+12
โวัลติน29ก12ซอง,95,88,กาแฟ,2,8.85009E+12
โอวันติน สมาร์ท 17ซอง,115,109,ราคาสิินค้า,119,8.85009E+12
โอวันติน 3in1 16ซอง,110,98,กาแฟ,115,8.85009E+12
ปุ้มปุ้ยเข้มข้น,20,15,ปลากระป๋อง,16,8.85009E+12
ปุ้มปุ้ย155ก,20,15,ปลากระป๋อง,20,8.85009E+12
ปุ่มปุ้ย155ก,15,13,ราคาสิินค้า,200,8.85009E+12
ปุ้มปุ้ยหอยลายขี้เมา,25,20,อาหารสำเร็จรูป,20,8.85009E+12
ปุ้มปุ้ยหอยลายผัดฉ่า,25,20,ยาสระผมครีมนวด,20,8.85009E+12
ปุ้มปุ้ย ลาบปลา 80ก.,29,24,อาหารสำเร็จรูป,6,8.85009E+12
ปุ้มปุ้ยราดพริก,28,24,ปลากระป๋อง,3,8.85009E+12
ปุ้มปุ้ยหอยลาย40ก,25,20,อาหารสำเร็จรูป,99,8.85009E+12
ปุ้มปุ่ยหอยแครง,25,20,อาหารสำเร็จรูป,20,8.85009E+12
ปุ้มปุย น้ำปลาร้า,30,25,น้ำปลาร้า,3,8.85009E+12
วิกซอล ไวท์,30,25,น้ำยาล้างห้องน้ำ,50,8.85009E+12
วิกซอล พิ้งค์ 450มล.,30,27,ราคาสิินค้า,100,8.85009E+12
วิกซอล900มล,35,30,น้ำยาล้างห้องน้ำ,50,8.85009E+12
วิกซอล,30,27,ราคาสิินค้า,100,8.85009E+12
วิซโนดัสต์520มล,45,40,น้ำยาล้างจาน,50,8.85009E+12
วิซโนดัสต์520มล,45,40,น้ำยาล้างจาน,50,8.85009E+12
วิซฟลอรัล,45,40,พลาสติก,20,8.85009E+12
วิช800มล,55,50,น้ำยาล้างห้องน้ำ,50,8.85009E+12
วิซแฟรช,45,40,พลาสติก,20,8.85009E+12
วิช900มล,60,50,พลาสติก,50,8.85009E+12
วิซแพชชั่น,45,40,พลาสติก,20,8.85009E+12
วิช800มล,55,50,พลาสติก,50,8.85009E+12
ไฮยีน 250มล.,20,15,ผงซักผ้า,24,8.85009E+12
ไฮยีนซักผ้าขาว600มล.,35,30,ราคาสิินค้า,100,8.85009E+12
ไฮยีนซักผ้าขาว,20,18,ผงซักผ้า,104,8.85009E+12
ไฮยีนซักผ้าขาว 600มล.,35,30,ราคาสิินค้า,100,8.85009E+12
ไฮยีนผ้าสีี,20,18,ผงซักผ้า,2,8.85009E+12
ไฮยีน-ซักผ้าขาว+สี 500มล.,40,30,ผงซักผ้า,120,8.85009E+12
ไฮยีนชมพู,35,30,น้ำยาปรับผ้านุ่ม,0,8.85009E+12
ไฮยีนชมพู,15,10,ผงซักผ้า,0,8.85009E+12
ไฮยีนรีดเรียบ550มล,35,30,น้ำยาปรับผ้านุ่ม,100,8.85009E+12
ไฮยีนฟ้า,15,10,ผงซักผ้า,99,8.85009E+12
ไฮยีนอัดกลีบ 550มล.,35,30,ราคาสิินค้า,100,8.85009E+12
ไฮยีนสีชมพู,15,10,น้ำยารีดผ้า,97,8.85009E+12
ไฮยีนอัดกลีบ550มล,15,10,น้ำยาปรับผ้านุ่ม,47,8.85009E+12
ไฮยีน600มล,50,40,น้ำยาปรับผ้านุ่ม,6,8.85009E+12
ไฮยีนซักผ้า35มล,5,4,ผงซักผ้า,20,8.85009E+12
น้ำยาซักพ้า,50,45,ราคาสิินค้า,-3,8.85009E+12
ไฮยีน มิลค์กี้ ทัช 600มล.,60,0,ผงซักผ้า,0,8.85009E+12
ไฮยีน เลิฟทัช 600 มล.,50,0,ราคาสิินค้า,0,8.85009E+12
ไฮยีน ผลิตภัณฑ์ซักผ้าชนิดน้ำ กลิ่นซันไรส์ คิส 35มล.,5,4,ผงซักผ้า,34,8.85009E+12
ไฮยีน แฮปปี้ซันชาย 600มล.,50,0,น้ำยาปรับผ้านุ่ม,0,8.85009E+12
ไฮยีน600มล,50,40,ผงซักผ้า,4,8.85009E+12
ไฮยีน เอ็กเพิร์ท วอช 600มล.,50,0,น้ำยาปรับผ้านุ่ม,0,8.85009E+12
ไฮยีนกลิ่นซอฟท์ไวท์600มล.,18,15,น้ำยาปรับผ้านุ่ม,1,8.85009E+12
ไฮยีนน้ำยาปรับผ้านุ่มสีขาว 600มล. แพค 3,50,38,น้ำยาปรับผ้านุ่ม,120,8.85009E+12
ไฮยีน กลิ่นซอฟท์ ไวท์ 1800มล.,50,48,น้ำยาปรับผ้านุ่ม,2,8.85009E+12
ไฮยีนกลิ่นพิ้งค์สวีส600มล.,18,13,น้ำยาปรับผ้านุ่ม,-10,8.85009E+12
ไฮยีนน้ำยาปรับผ้านุ่มสีชมพู 600มล. แพค 3,50,36,น้ำยาปรับผ้านุ่ม,48,8.85009E+12
ไฮยีน กลิ่นพิ้งค์ สวีท 1800มล.,50,43,น้ำยาปรับผ้านุ่ม,49,8.85009E+12
ไฮยีนกลิ่นกรีนเนเชอรัล600มล.,18,13,น้ำยาปรับผ้านุ่ม,15,8.85009E+12
ไฮยีน เนเชอรัล 600มล*3,50,36,น้ำยาปรับผ้านุ่ม,49,8.85009E+12
ไฮยีนปรับ1800มล,50,43,น้ำยาปรับผ้านุ่ม,50,8.85009E+12
ไฮยีนน้ำเงิน,18,15,น้ำยาปรับผ้านุ่ม,98,8.85009E+12
ไฮยีนน้ำยาปรับผ้านุ่มสีฟ้า 600มล. แพค 3,50,36,น้ำยาปรับผ้านุ่ม,20,8.85009E+12
ไฮยีน กลิ่นโอเชี่ยน บลู 1800มล.,50,48,น้ำยาปรับผ้านุ่ม,2,8.85009E+12
ไฮยีนแดง,18,15,น้ำยาปรับผ้านุ่ม,74,8.85009E+12
ไฮยีนกลิ่นการ์เด้นบลอสซั่ม600มล.,18,13,น้ำยาปรับผ้านุ่ม,2,8.85009E+12
ไฮยีน อโรมา 600มล.*3,50,36,น้ำยาปรับผ้านุ่ม,6,8.85009E+12
ไฮยีนปรับ1800มล,50,43,น้ำยาปรับผ้านุ่ม,18,8.85009E+12
ไฮยีนม่วง,18,15,น้ำยาปรับผ้านุ่ม,36,8.85009E+12
ไฮยีนน้ำยาปรับผ้านุ่มสีม่วง 600มล. แพค 3,50,36,น้ำยาปรับผ้านุ่ม,50,8.85009E+12
ไฮยีน กลิ่นไวโอเล็ต ซอฟท์ 1800มล.,50,43,น้ำยาปรับผ้านุ่ม,44,8.85009E+12
ไฮยีน20มล,4,3,น้ำยาปรับผ้านุ่ม,100,8.85009E+12
ไฮยีน20มล.,4,2,น้ำยาปรับผ้านุ่ม,20,8.85009E+12
ไฮยีน มิลค์กี้ ทัช 125มล,20,16,น้ำยาปรับผ้านุ่ม,14,8.85009E+12
ไฮยีน20มล.,4,2,น้ำยาปรับผ้านุ่ม,20,8.85009E+12
ไฮยีน สวีทคิส 330มล.,40,35,น้ำยาปรับผ้านุ่ม,12,8.85009E+12
ไฮยีน20มล.,4,2,น้ำยาปรับผ้านุ่ม,20,8.85009E+12
ไฮยีน125มล,20,16,น้ำยาปรับผ้านุ่ม,20,8.85009E+12
ไฮยีน กลิ่นซันชายน์ 330มล.,40,35,น้ำยาปรับผ้านุ่ม,17,8.85009E+12
ไฮยีน20มล.,4,2,น้ำยาปรับผ้านุ่ม,20,8.85009E+12
ไฮยีน เอ็กซ์เพิร์ท แคร์เลิฟทัช 480 มล.,55,0,น้ำยาปรับผ้านุ่ม,0,8.85009E+12
ไฮยีน ดรีมมี่ ฮัก 110มล.,19,0,น้ำยาปรับผ้านุ่ม,0,8.85009E+12
ไฮยีน20มล,4,3,น้ำยาปรับผ้านุ่ม,100,8.85009E+12
ไฮยีน20มล,4,3,น้ำยาปรับผ้านุ่ม,100,8.85009E+12
ไฮยีน สูตรเข้มข้นพิเศษ 125มล,19,16,น้ำยาปรับผ้านุ่ม,20,8.85009E+12
ไฮยีน330มล,40,35,น้ำยาปรับผ้านุ่ม,19,8.85009E+12
ไฮยีน20มล.,4,2,น้ำยาปรับผ้านุ่ม,20,8.85009E+12
ไฮยีน125มล,20,16,น้ำยาปรับผ้านุ่ม,20,8.85009E+12
ไฮยีน ซันคิส บลูมมิ่่ง 300มล,40,30,น้ำยาปรับผ้านุ่ม,19,8.85009E+12
ไฮยีน บลอสซั่ม330มล,40,35,น้ำยาปรับผ้านุ่ม,50,8.85009E+12
ไฮยีน20มล,4,2,น้ำยาปรับผ้านุ่ม,100,8.85009E+12
ไฮยีน125มล,20,16,น้ำยาปรับผ้านุ่ม,19,8.85009E+12
ไฮยีน330มล,40,30,น้ำยาปรับผ้านุ่ม,20,8.85009E+12
ไฮยีนตื เอ็กเพิร์ท แคร์ ไลฟ์ เซ้นทื 480 มล.,55,0,น้ำยาปรับผ้านุ่ม,0,8.85009E+12
ปรับผ้านุ้มไฮยีน540มล,45,39,น้ำยาปรับผ้านุ่ม,20,8.85009E+12
ปรับผ้านุ้มไฮยีน540มล,45,39,น้ำยาปรับผ้านุ่ม,20,8.85009E+12
แดนซ์เลดี้,30,25,เครื่องสำอาง,50,8.85009E+12
เเดนซ์ กลิ่นแฟชั่น นิสต้า 50มล.,45,32.25,เครื่องสำอาง,120,8.85009E+12
แดนช์เลดี้,30,18,เครื่องสำอาง,49,8.85009E+12
เเดนซ์ เลดี้กลิ่เฟลิร์ตติ้ง 50มล.,45,32.25,เครื่องสำอาง,49,8.85009E+12
แดนซ์เลดี้,30,19,เครื่องสำอาง,48,8.85009E+12
เเดนซ์ กลิ่นอะฮอลิท 50มล.,35,30,เครื่องสำอาง,50,8.85009E+12
เเดนซ์ บิ้วตี้ ควีน 20มล.,30,25,เครื่องสำอาง,49,8.85009E+12
เเดนซ์ กลิ่นบิ้วตี้ ควีน 50มล.,45,32.25,เครื่องสำอาง,50,8.85009E+12
แดนซ์เลดี้,30,25,เครื่องสำอาง,50,8.85009E+12
แดนซ,35,30,ราคาสิินค้า,0,8.85009E+12
แดนซ์เซย์อิทมอยส์พูล20มล.,30,18,เครื่องสำอาง,19,8.85009E+12
เเดนซ์ เซย์ กลิ่นโรเเมนซ์ 50มล.,35,30,เครื่องสำอาง,49,8.85009E+12
แดนซ์เซย์อิทมอยส์พูล20มล.,30,18,เครื่องสำอาง,19,8.85009E+12
แดนซื์,35,30,ราคาสิินค้า,0,8.85009E+12
Dance 2in1 วีวิด เลิฟ 100มล.,65,58,ราคาสิินค้า,100,8.85009E+12
Dance 2in1 วีว่า คิส 100มล.,65,58,ราคาสิินค้า,120,8.85009E+12
แดนซ์ทำความสะอาดมือ25มล,35,28,เครื่องสำอาง,6,8.85009E+12
แดนซ์ทำความสะอาดมือ25มล,35,28,เครื่องสำอาง,6,8.85009E+12
โฟกัส อัลติเมท ไลฟ์ โคโลญ นูโว,30,18,ราคาสิินค้า,100,8.85009E+12
โฟกัส กลิ่นนูโว 60มล.,45,40,เครื่องสำอาง,2,8.85009E+12
โฟกัส กลิ่นเทรนด์ 20มล.,30,25,เครื่องสำอาง,48,8.85009E+12
โฟกัส กลิ่นเทรนด์ 60มล.,45,34,เครื่องสำอาง,120,8.85009E+12
โฟกัส ดีโอ อะไลฟ์ โคโลญ สปาร์ค 20 มล.,30,33,ราคาสิินค้า,100,8.85009E+12
โฟกัสดีโออะไลฟ์20มล.,25,22,เครื่องสำอาง,20,8.85009E+12
โฟกัสอัลติเมทๆลฟ์20มล.,30,18,เครื่องสำอาง,49,8.85009E+12
โฟกัส60มล,45,34,เครื่องสำอาง,50,8.85009E+12
โฟกัส กลิ่นสปืริต 20มล.,30,18,เครื่องสำอาง,5,8.85009E+12
โฟกัสโคโลญ ดีโอ เทา 20มล.,30,26,เครื่องสำอาง,48,8.85009E+12
โฟกัสดีโออะไลฟ์20มล.,30,18,เครื่องสำอาง,19,8.85009E+12
โฟกัส กลิ่นเเดร์ 60มล.,45,34,เครื่องสำอาง,118,8.85009E+12
โฟกัส โรลออน เฟรช เอเนอร์โจซ์,35,33,ราคาสิินค้า,100,8.85009E+12
โฟกัส โรลออน 20 มล.,35,30,ราคาสิินค้า,100,8.85009E+12
โฟกัส20มล,35,28,เครื่องสำอาง,50,8.85009E+12
โฟกัส ไอซ์ซี เฟรช คูลลิ่ง โรลออน 20มล.,35,33,ราคาสิินค้า,100,8.85009E+12
แป้งเด็ฏ น่ารัก  นมและน้ำผึ่ง 200ก,25,20,แป้ง,100,8.85009E+12
แป้งน่ารัก,20,15,แป้ง,50,8.85009E+12
น่ารัก150ก,50,45,แป้ง,50,8.85009E+12
น่ารักคาโมมายล์,10,8,เครื่องสำอาง,0,8.85009E+12
น่ารัก คาโมมายล์ 90มล.,20,16,เครื่องสำอาง,50,8.85009E+12
น่ารัก ฟรุตตี้ 45มล.,10,7,เครื่องสำอาง,100,8.85009E+12
น่ารัก ฟรุตตี้ 90มล.,20,16,เครื่องสำอาง,50,8.85009E+12
น่ารัก มิลค์ 45.มล.,10,8,เครื่องสำอาง,0,8.85009E+12
น่ารัก มังคุด 45มล.,10,8,เครื่องสำอาง,0,8.85009E+12
น่ารัก มังคุด 90มล.,20,16,เครื่องสำอาง,50,8.85009E+12
น่ารัก น้ำนมข้าว 45มล.,10,8,เครื่องสำอาง,-2,8.85009E+12
น่ารัก น้ำนมข้าว 90มล.,20,16,เครื่องสำอาง,50,8.85009E+12
เทียร่า45ก,15,10,แป้ง,20,8.85009E+12
เทียร่า(โรลออน)50มล.,30,28,เครื่องสำอาง,15,8.85009E+12
แป้งหน้ารัก,25,20,แป้ง,100,8.85009E+12
หน้ารัก,25,20,แป้ง,100,8.85009E+12
เทียร้า45มล,10,8,เครื่องสำอาง,50,8.85009E+12
เทียร้า45มล,10,8,เครื่องสำอาง,50,8.85009E+12
เทียร้า,10,8,เครื่องสำอาง,50,8.85009E+12
ไวไวปรุงรส,55,45,อาหารสำเร็จรูป,20,8.8501E+12
ไวไวหมูสับ,55,45,อาหารสำเร็จรูป,20,8.8501E+12
คลิกรสกุ้งนึ่งมะนาว,13,10,อาหารสำเร็จรูป,20,8.8501E+12
นูดดี้ บะหมี่ก้อน 945กรัม,55,49,อาหารสำเร็จรูป,12,8.8501E+12
ไวไว รสดั้งเดิม 70ก.,25,19,ราคาสิินค้า,200,8.8501E+12
ไวไวซองรสเข้มข้น,7,5.7,อาหารสำเร็จรูป,-61,8.8501E+12
ไวไว รสหมูสับ 60กรัม,7,6,ราคาสิินค้า,120,8.8501E+12
ไวไวเห็ดหอม,6,3,อาหารสำเร็จรูป,10,8.8501E+12
ควิส ต้มยำมันกุ้ง,7,5,ราคาสิินค้า,120,8.8501E+12
คลิกรสต้มยำกุ้ง,13,10,อาหารสำเร็จรูป,20,8.8501E+12
ไวไว บะหมี่สำเร็จรูป,180,173,อาหารสำเร็จรูป,10,8.8501E+12
ไวไวซองรสเป็ดพะโล้,6,4,อาหารสำเร็จรูป,20,8.8501E+12
ไวไวซองรสต้มยำเจ,6,4,อาหารสำเร็จรูป,20,8.8501E+12
ควิก รสต้มโคล้ง 60ก.,7,4,อาหารสำเร็จรูป,4,8.8501E+12
ไวไวซองรสหมูสับต้มยำ,7,4,อาหารสำเร็จรูป,9,8.8501E+12
ไวไวหมูสับต้มยำ,55,45,อาหารสำเร็จรูป,20,8.8501E+12
ไวไวซองรสหอยหลายผัดฉ่า,7,5.7,อาหารสำเร็จรูป,-5,8.8501E+12
ไวไวผัดฉ่า60ก30ซอง,180,173,เครื่องปรุงอาหาร,6,8.8501E+12
คลิกรสหมูสับต้มยำ,13,10,อาหารสำเร็จรูป,20,8.8501E+12
ไวไวซองรสเส้นหมี่ปรุงรส,7,4,อาหารสำเร็จรูป,16,8.8501E+12
ไวไวซองรสเส้นหมี่หมูสับ,7,4,อาหารสำเร็จรูป,11,8.8501E+12
หมี่ไวไว180ก,15,11,อาหารสำเร็จรูป,103,8.8501E+12
TOA กาวลาเท็กซ์ 4oz,20,14.8,อุปกรณ์สำนักงาน,20,8.85011E+12
แจ๊บส์ โลชั่นทากันแดด,35,29,เครื่องสำอาง,4,8.85011E+12
ไวต้าซี ฮันนี่ เลม่อน 30มล.,35,28,ราคาสิินค้า,4,8.85011E+12
ซิต้า เซราไมด์ ฮอกไกดด 30มล.,35,28,ราคาสิินค้า,6,8.85011E+12
ไบโอเซฟตี้ เพอร์เฟคคลีน,20,16,ของใช้ส่วนตัว,50,8.85011E+12
ไบโอเซฟตี้ เฟรช ชาโคล,45,38,แปลงฟัน,55,8.85011E+12
แปรงสีฟันไบโอเซฟตี้สมายล์,20,15,ราคาสิินค้า,100,8.85011E+12
แปลงไปโอ,20,16,ของใช้ส่วนตัว,48,8.85011E+12
เพอร์เฟคคลีนแพคคู่,32,20,แปลงฟัน,14,8.85011E+12
ไปโอเซฟตี้ สมาร์ท บิดเกลียว/3,45,37,แปลงฟัน,6,8.85011E+12
โลชั่นทากันแดดสูตรไฮบริด,35,27,ราคาสิินค้า,4,8.85011E+12
วุ้นเส้นมังกรคู่500ก,67,61.5,อาหารสำเร็จรูป,98,8.85012E+12
มังกรคู่วุ้นเส้น200ก,32,27,วุ้นเส้น,197,8.85012E+12
วุ้นเส้นมังกรคู่80กรัม,15,12,อาหารสำเร็จรูป,5,8.85012E+12
มังกรคู่เล็ก,9,6.6,ของใช้ส่วนตัว,91,8.85012E+12
วุ้นเส้นกิเลนคู่ ,13,10,อาหารสำเร็จรูป,100,8.85012E+12
วุ้นเส้นกิเลนคู่80กรัม,13,10,อาหารสำเร็จรูป,20,8850122103057+
วุ้นเส้นกิเลนคูั500ก,20,13.25,เครื่องปรุงอาหาร,8,8.85012E+12
เส้นก๋วยเตี๋ยวกิเลนคู่,13,10,อาหารสำเร็จรูป,0,8.85012E+12
เส้นหมี่อบแห้งกิเลนคู่,13,10,อาหารสำเร็จรูป,50,8.85012E+12
วุ้นเส้นมังกร80ก,13,10,อาหารสำเร็จรูป,100,8.85012E+12
ฟาร์มเฮ้าส์ ขนมปัง ช็อคโกเเลต 80ก.,10,8,ขนม+ไอสครีม,120,8.85012E+12
ฟาร์มเฮ้าส์ ขนมปังเเซนวิช 480ก.,36,34,ขนม+ไอสครีม,-3,8.85012E+12
ฟาร์มเฮ้าส์ ขนมปังแผ่น 240ก.,19,16,ขนม+ไอสครีม,120,8.85012E+11
ฟาร์มเฮ้าส์ ขนมปัง ชนิดแผ่น 240ก.,19,17,ขนม+ไอสครีม,109,8.85012E+12
ฟาร์มเฮ้าส์ ขนมปังลูกเกด 70ก.,12,9,ขนม+ไอสครีม,120,8.85012E+12
ขนมปังรสกะทิใบเตย 85 ก.,12,10,ขนม+ไอสครีม,120,8.85012E+12
ฟาร์มเฮ้าส์ เเครนเบอร์รี่ ลูกเกด 70ก.,12,9,ขนม+ไอสครีม,120,8.85012E+12
ฟาร์มเฮ้า ขนมปังโฮลวีต 250ก.,22,19,ขนม+ไอสครีม,120,8.85012E+12
เดลี่แซนด์วิช หมูหยอง,12,10,ขนม+ไอสครีม,10,8.85012E+12
ขนมปังแซนวิชไส้ไก่หยองน้ำพริกเผา 50g,12,10,ขนม+ไอสครีม,120,8.85012E+12
เดลี่เเซนด์วิช หมูยองโบโลน่า,12,10,ขนม+ไอสครีม,10,8.85012E+12
ฟาร์มเฮ้าส์ เเซนวิชใส่ปูอัด 65กรัม,13,11,ขนม+ไอสครีม,120,8.85012E+12
ฟาร์มเฮ้า สวิท ไส้ครีมนมเนย อัลมอนด์ 45ก.,9,8,ขนม+ไอสครีม,120,8.85012E+12
ฟาร์มเฮ้าส์ สวีท ไส้สังขยาใบเตย 50ก.,9,8,ขนม+ไอสครีม,120,8.85012E+12
ฟาร์มเฮ้าส์ บัดดี้ ปูอัดมยอง&หมูหยองมายอง 100กรัม,20,15,ขนม+ไอสครีม,120,8.85012E+12
พายไส้สับปะรด,14,12,ขนม+ไอสครีม,5,8.85012E+12
พายไส้เผือก,14,12,ขนม+ไอสครีม,8,8.85012E+12
ฟาร์มเฮ้าส์ ขนมปัง ไส้ถั่วเเดง 80ก.,10,8,ขนม+ไอสครีม,120,8.85012E+12
ฟาร์มเฮ้าส์ ขนมฟัง ไส้เผือก 80ก.,10,8,ขนม+ไอสครีม,120,8.85012E+12
ฟาร์มเฮ้าส์ ไส้ลูกบัวถั่วเเดง 70ก.,10,9,ขนม+ไอสครีม,10,8.85012E+12
ฟาร์มเฮ้าส์ ใส้เผือกมะพร้าว 70ก.,10,9,ขนม+ไอสครีม,10,8.85012E+12
ฟาร์มเฮ้าส์ ไส้สังขยามะพร้าว 70g,10,8,ขนม+ไอสครีม,117,8.85012E+12
ฟาร์มเฮ้าส์ ขนมปังไส้ถั่วแดง 40ก,5,4,ขนม+ไอสครีม,100,8.85012E+12
ฟาร์มเฮ้าส์ ขนมปังไส้เผือก 50ก.,5,4,ขนม+ไอสครีม,10,8.85012E+12
ฟาร์มเฮ้า ขนมปังไส้สังขยา 50ก.,5,4,ขนม+ไอสครีม,118,8.85012E+12
ขนมปังไส้ค้สตาร์ดครีม,5,4,ขนม+ไอสครีม,12,8.85012E+12
ขนมปังใส้ถั้วเขียว,5,4,ขนม+ไอสครีม,10,8.85012E+12
ฟาร์มเฮ้าส์ ไส้งาดำถั่วเเดง70ก.,10,9,ขนม+ไอสครีม,120,8.85012E+12
ขนมปังใส่ ทุเรียน,10,8,ขนม+ไอสครีม,10,8.85012E+12
ขนมปังโฮลวีตไส้ปูอัดมายองเนส 60g,12,9,ขนม+ไอสครีม,120,8.85012E+12
ฟาร์มเฮ้าส์ ขนมปัง ไส่ทูน่าไข่ต้ม 55ก.,10,8,ขนม+ไอสครีม,120,8.85012E+12
ฟาร์มเฮ้าส์ ไส้สังขยา 80ก.,10,8,ขนม+ไอสครีม,118,8.85012E+12
ขนมปังใส้ครีมรสช็อกโกแลต,5,4,ขนม+ไอสครีม,120,8.85012E+12
ขนมปังใส้สับปะรส,5,4,ขนม+ไอสครีม,10,8.85012E+12
ขนมปังใส้ครีมกาเเฟ,5,4,ขนม+ไอสครีม,10,8.85012E+12
ขนมปังไส้ครีม รสทุเรียนอัลมอนด์,10,8,ขนม+ไอสครีม,120,8.85012E+12
ฟาร์มเฮ้าส์ ขนมปังไส้หมูหยองน้ำสลัด 60 g,10,8,ขนม+ไอสครีม,120,8.85012E+12
ฟาร์มเฮ้าส์ ใส้ไก่หยอง น้ำพริกเผากุ้ง 60ก.,10,9,ขนม+ไอสครีม,120,8.85012E+12
ขนมปังเเพ เนย,15,12,ขนม+ไอสครีม,8,8.85012E+12
ฟาร์มเฮ้าส์ ขนมปังแพเผือก 140g,15,11,ขนม+ไอสครีม,119,8.85012E+12
ฟาร์มเฮ้าส์ ขนมปัง มะพร้าวใบเตย 140ก.,15,12,ขนม+ไอสครีม,120,8.85012E+12
ฟาร์มเฮ้าส์ ขนมปังเเพรสโกโก้ 140ก.,15,12,ขนม+ไอสครีม,10,8.85012E+12
ขนมปังแพ เนยมะพร้าว,15,12,ขนม+ไอสครีม,10,8.85012E+12
ฟาร์มเฮ้า มินิโลฟลูกเกด 115ก.,15,12,ขนม+ไอสครีม,10,8.85012E+12
ฟาร์มเฮ้าส์ มินิโลฟโกโก้ลูกเกด 115ก.,15,12,ขนม+ไอสครีม,120,8.85012E+12
ฟาร์มเฮ้าส์ โลฟลูกเกด 140กรัม,18,16,ขนม+ไอสครีม,120,8.85012E+12
ฟาร์มเฮ้าส์ โลฟโกโก้ลูกเกด 140กรัม,18,16,ขนม+ไอสครีม,119,8.85012E+12
ฟาร์มเฮ้าส์ โดนัท วนิลา 60ก.,12,8,ขนม+ไอสครีม,119,8.85012E+12
ฟาร์มเฮ้าส์ โดนัทเค้ก 60ก.,10,8,ขนม+ไอสครีม,120,8.85012E+12
ฟาร์มเฮ้าส์ โดนัทสังขยา 60g,12,11,ขนม+ไอสครีม,10,8.85012E+12
ฟาร์มเฮ้าส์ ขนมปังหน้าเนย 50ก.,7,5,ขนม+ไอสครีม,100,8.85012E+12
ฟาร์มเฮ้า ขนมปังหน้า นมฮอกไกโด 60ก.,8,7,ขนม+ไอสครีม,100,8.85012E+12
ฟาร์มเฮ้าส์ เค้กโรล นมฮอกไกโด 60กรัม,10,8,ขนม+ไอสครีม,120,8.85012E+12
ฟาร์มเฮ้าส์ เเซนด์วิชเค้ก วนิลลา 40ก,10,8,ขนม+ไอสครีม,120,8.85012E+12
ฟาร์มเฮ้า แซนด์วิชเค้ก กาแฟ,10,9,ขนม+ไอสครีม,100,8.85012E+12
ฟาร์มเฮ้าส์ เเซนด์วิชเค้ก ใบเตย 40ก,10,8,ขนม+ไอสครีม,120,8.85012E+12
ฟาร์มเฮ้า โดรายากิ ใส้ครีมอัลมอนด์ 60ก.,10,8,ขนม+ไอสครีม,120,8.85012E+12
แม็กกี้ นางรม แพ็ค2,45,35,เครื่องปรุงอาหาร,50,8.85012E+12
น้ำดื่มเพียวไลฟ์,8,5,เครื่องดื่ม,9,8.85012E+12
เพียวไลฟ์น้ำดื่ม 600ซีซี แพค 12,55,40,เครื่องดื่ม,120,8.85012E+12
คอฟฟี่เมต420ก,75,62,กาแฟ,20,8.85012E+12
ตราเนสกาแฟ เบลนด์แอนด์บรู เอสเปรสโซ โรสต์ 15.1กรัม,5,4,กาแฟ,25,8.85012E+12
คาร์เนชัน นมสด 405ก.,30,26.75,แปลงฟัน,12,8.85012E+12
นมตราหมีสีฟ้า,13,10,เครื่องดื่ม,19,8.85012E+12
เนสกาแฟ คั่วกลาง เรด 80กรัม,85,60,กาแฟ,3,8.85012E+12
ไมโล180มล.,45,40,เครื่องดื่ม,48,8.85012E+12
เนส ลาเต้ 180มล.,16,13,เครื่องดื่ม,22,8.85012E+12
คอฟฟีเมต ครีมเทียม 200 กรัม,45,34,กาแฟ,3,8.85012E+12
ตราเนสกาแฟ เบลนด์แอนด์บรู ริช อโรมา 17กรัม,5,3.5,กาแฟ,-18,8.85012E+12
คาเนชั่น,28,25,เครื่องปรุงอาหาร,0,8.85012E+12
ตราหมีรสจืด,15,10,เครื่องดื่ม,45,8.85012E+12
นมตราหมี โอเมก้า รสจืด 180มล.,55,43,เครื่องดื่ม,120,8.85012E+12
นมตราหมี รสน้ำผึ้ง 200มล.,15,10,เครื่องดื่ม,48,8.85012E+12
นมตราหมี โอเมก้า รสน้ำผึ้ง 180มล.,55,45,เครื่องดื่ม,118,8.85012E+12
นมตราหมี ผสมมอลต์สกัด 140มล.,15,10,เครื่องดื่ม,45,8.85012E+12
นมตราหมี,50,45,เครื่องดื่ม,46,8.85012E+12
Nestle milo เข้มข้น,20,16,ขนม+ไอสครีม,10,8.85012E+12
แม็กกี้500มล,40,25,เครื่องปรุงต่างๆ,-2,8.85012E+12
แม็กกี้เจ100มล.,22,15,เครื่องปรุงอาหาร,12,8.85012E+12
แม็กกี้200มล.,35,20,เครื่องปรุงอาหาร,13,8.85012E+12
แม็กกี้สูตรผัดกลมกล่อม680มล.,40,35,เครื่องปรุงอาหาร,19,8.85012E+12
ครีมเทียมคาเนชั่น,27,25,กาแฟ,20,8.85012E+12
คอฟฟีเมต ครีมเทียม 100 กรัม,25,20,กาแฟ,3,8.85012E+12
Nescafe ริช อโรมา 60ซอง,210,180,กาแฟ,116,8.85012E+12
Nescafe อาราบิก้า โรบัสต้า 60ซอง,240,180,ราคาสิินค้า,119,8.85012E+12
เอสกี้ ทราฟฟิค ไลท์,15,11,ขนม+ไอสครีม,23,8.85012E+12
โกโก้ครันรสช็อก,5,4,ขนม+ไอสครีม,16,8.85012E+12
Milo ซีเรียวโฮลเกรน 15ก.,5,4,ขนม+ไอสครีม,17,8.85012E+12
เนสท์เล่ นม มังกี้ 55กรัม,12,8.97,ขนม+ไอสครีม,36,8.85012E+12
แม็กกี้เจ200มล.,20,15,เครื่องปรุงอาหาร,15,8.85012E+12
ลาฟรุ้ตต้า เย็นเย็น ลำไย,25,22,ขนม+ไอสครีม,24,8.85012E+12
LaFrutta5 Wonder Fruits,15,12,ขนม+ไอสครีม,19,8.85012E+12
เนสกาเเฟ ลาเต้ คาราเมล 20ซอง,110,98,กาแฟ,120,8.85013E+12
เนสกาเเฟ ลาเต้ มิลค์ที 20ซอง,110,98,กาแฟ,120,8.85013E+12
คาร์เนชัน สมาร์ทโก รสจืด 180มล.,10,8,เครื่องดื่ม,117,8.85013E+12
คาร์เนชัน สมาร์ทโก รสจืด 180มล.X4,38,32,เครื่องดื่ม,120,8.85013E+12
ฮันนี่สตาร์ส อาหารเช้า 60กรัม,25,19,ขนม+ไอสครีม,120,8.85013E+12
โมจิ50ก,20,18,ขนม+ไอสครีม,50,8.85013E+12
เอ็กช์ดรีม สตรอเบอร์รี่80ก,25,18,ขนม+ไอสครีม,25,8.85013E+12
คิทแคทแท่ง65ก,30,25,ขนม+ไอสครีม,49,8.85013E+12
เอ็กซ์ตรีม บราวนี่ ไอศครีม 80ก.,25,19,ขนม+ไอสครีม,1209,8.85013E+12
พี่นัทบัดเตอร์70ก,25,18,ขนม+ไอสครีม,50,8.85013E+12
ไมโลยูเอชที รสช็อคโกเเลตมอลต์ 180มล.,75,68,เครื่องดื่ม,121,8.85013E+12
เอสกี้ แตงโม แท่ง,10,8,ขนม+ไอสครีม,-8,8.85013E+12
Nescafe เอสเพรสโซ่ คั่วเข้ม 80กรัม,85,60,กาแฟ,3,8.85013E+12
เอสกี้ แพนด้า,10,7.48,ขนม+ไอสครีม,19,8.85013E+12
นมเย็น,10,8,ขนม+ไอสครีม,-4,8.85013E+12
เนสวีต้า สูตรน้ำตาลน้อย 6ซอง,50,44,กาแฟ,30,8.85013E+12
เนสเอ็กซตร้า ริช 180มล.,15,13,เครื่องสำอาง,30,8.85013E+12
เนสเลธัญพืช,5,4,กาแฟ,23,8.85013E+12
อิ่มดี15ซอง,65,56,กาแฟ,5,8.85013E+12
ไมโลซอง16แถม2,97,90,กาแฟ,4,8.85013E+12
เนส อโรมา 90ซอง,260,242,กาแฟ,50,8.85013E+12
แม็กกี้ซีอิ๋วขาว680มล.,35,30,เครื่องปรุงอาหาร,30,8.85013E+12
เอ็กตร้ามิ้นท์,15,10,ขนม+ไอสครีม,0,8.85013E+12
ตราเนสกาแฟ เบลนด์แอนด์บรู สูตรน้ำตาลน้อย 15กรัม,5,4,กาแฟ,37,8.85013E+12
เนสกาแฟ น้ำตาลน้อย B&B 27*45g.,120,103,กาแฟ,1,8.85013E+12
แม็กกี้สูตรเข้มเข้าเนื้อ680มล.,45,35,เครื่องปรุงอาหาร,29,8.85013E+12
แม็กกี้ซีอิ๊วขาว200มล.,20,15,เครื่องปรุงอาหาร,30,8.85013E+12
แม็กกี้สูตรเข้ม200มล.,22,15,เครื่องปรุงอาหาร,23,8.85013E+12
เอสเปรโซโรสต์ 90ซอง,260,242,กาแฟ,20,8.85013E+12
เนสแบล็ค ไอซ์ 180มล.,16,15,เครื่องดื่ม,28,8.85013E+12
ไมโลแพ็ค,90,85,กาแฟ,20,8.85013E+12
ไมโล น้ำตาลน้อย 180มล.,45,40,เครื่องดื่ม,47,8.85013E+12
ลิ้นจี่โยเกิร์ต,15,10,ขนม+ไอสครีม,-6,8.85013E+12
แท็กกี้เซตสุดคุ้ม,49,40,เครื่องปรุงอาหาร,30,8.85013E+12
โมจิ ชาเขียว,20,18,ขนม+ไอสครีม,17,8.85013E+12
นามะ สตรอเบอร์รี65กรัม,25,16,ขนม+ไอสครีม,50,8.85013E+12
เอ็กตรีมช็อคโกแลต,5,3,ขนม+ไอสครีม,0,8.85013E+12
ตราเนสกาแฟ เบลนด์แอนด์บรู สูตรไม่มีน้ำตาล 12.2กรัม,5,4,กาแฟ,0,8.85013E+12
ตราเนสกาแฟ อเมริกาโน่ แคลอรี่ต่ำ 9.6กรัม,5,4,กาแฟ,42,8.85013E+12
เนสกาแฟ อเมริกาโน่ 25ซอง,120,89,กาแฟ,3,8.85013E+12
ไมโล ซีเรียว 60g,25,20,กาแฟ,4,8.85013E+12
ไมโลซีเรียว,80,73,กาแฟ,5,8.85013E+12
กล่องใส่อาหาร เนสเล่,20,0,ของใช้ส่วนตัว,119,8.85013E+12
ฮันนี่โกลด์ อาหารเช้า 60กรัม,25,22,ขนม+ไอสครีม,120,8.85013E+12
โอริโอ้ แท่ง,30,22,ราคาสิินค้า,24,8.85013E+12
เนสกาแฟ อาราบิก้า&โรบัสต้า 27ซอง,120,103,กาแฟ,1,8.85013E+12
นมตราหมีรสจืด,10,8,เครื่องดื่ม,90,8.85013E+12
นมตราหมี ยูเอชที รสจืด 180มล.,38,28,เครื่องดื่ม,115,8.85013E+12
เนสวีต้ารสดั้งเดิม 25มล,10,8,กาแฟ,45,8.85013E+12
เนสวีต้า รสดั้งเดิม 14ซอง,110,100,กาแฟ,119,8.85013E+12
เนสวีต้า รสดังเดิม 6ซอง,50,44,กาแฟ,30,8.85013E+12
เนสวีต้า 25มล,10,8,กาแฟ,50,8.85013E+12
Nescafe ริช อโรมา 16x30ซอง กรัม,120,103,กาแฟ,2,8.85013E+12
เนสกาแฟ เอสเปสโซ่ 15.1X27ซอง,120,103,กาแฟ,3,8.85013E+12
ไมโล22กรัม,5,4,กาแฟ,30,8.85013E+12
เนสเล่ชามิกซ์เบอรร์รี,7,4,กาแฟ,15,8.85013E+12
เนสเล่ชามะนาว,7,5,กาแฟ,16,8.85013E+12
ไมโล ช็อคโกเเลตมอลต์ 15ซอง,110,98,กาแฟ,116,8.85013E+12
ไมโล140กรัม,35,28,กาแฟ,30,8.85013E+12
โกโก้ครั้น,20,16,ขนม+ไอสครีม,10,8.85013E+12
ไมโล30กรัม,8,6,กาแฟ,15,8.85013E+12
เนสเล่ชานมเย็น,10,8,กาแฟ,28,8.85013E+12
ชานมเย็น13ซอง,85,73,กาแฟ,5,8.85013E+12
ซีเลียวอาหารเช้า,80,73,กาแฟ,4,8.85013E+12
แม็กกี้ซอสหอย220มล.,25,19.71,เครื่องปรุงอาหาร,28,8.85013E+12
เนสกาแฟ25กรัม,20,15,กาแฟ,30,8.85013E+12
เนสกาแฟ45กรัม,45,25,กาแฟ,27,8.85013E+12
อมูซองต์ เจลล้างมือ 50มล.,0,39,ของใช้ส่วนตัว,12,8.85013E+12
กระเทียมดอง280ก,55,46,เครื่องปรุงอาหาร,46,8.85013E+12
กระเทียมดองตราแม่จินต์,7,5,เครื่องปรุงอาหาร,30,8.85013E+12
ยากวาด,10,8,ยา,0,8.85014E+12
คนอร์ ต้มยำ72ก,20,18,เครื่องปรุงต่างๆ,47,8.85014E+12
คนอร์ต้มยำ2ก้อน,7,2,เครื่องปรุงต่างๆ,13,8.85014E+12
คนอร์ แป้งข้าวโพด 200ก.,20,18,เครื่องปรุงต่างๆ,20,8.85014E+12
ผงฟู เบสท์ฟูด30ก,10,505,เครื่องปรุงต่างๆ,50,8.85014E+12
คนอร์ รสหมู170ก,25,20,เครื่องปรุงต่างๆ,50,8.85014E+12
คนอร์ ซุปรสไก่ก้อน,6,4,เครื่องปรุงอาหาร,118,8.85014E+12
คนอร์หมู2ก้อน,7,4,เครื่องปรุงต่างๆ,13,8.85014E+12
คนอร์หมู20ก,6,4,เครื่องปรุงอาหาร,100,8.85014E+12
คนอร์ไก่,10,8,เครื่องปรุงอาหาร,98,8.85014E+12
คนอร์หมู4ก้อน,10,8,เครื่องปรุงต่างๆ,14,8.85014E+12
คนอร์ไก่80ก,20,18,เครื่องปรุงต่างๆ,50,8.85014E+12
คนอร์หมู8ก้อน,20,18,เครื่องปรุงต่างๆ,17,8.85014E+12
คัพโจีกรสไก่,19,17,ราคาสิินค้า,0,8.85014E+12
คนอร์ คัพโจ๊ก รสหมู 32กรัม ,19,17,อาหารสำเร็จรูป,3,8.85014E+12
คัพโจ๊ก รสหมู 32ก,12,8,โจ๊ก,1,8.85014E+12
คนอร์แกงเขียวหวาน,19,15,เครื่องปรุงต่างๆ,20,8.85014E+12
อร่อยชัวร์18กรัม,10,8,เครื่องปรุงต่างๆ,0,8.85014E+12
คนอร์ คัพโจ๊ก กุ้งปูอัด 32g.,19,14,อาหารสำเร็จรูป,2,8.85014E+12
คนอร์ รสกุ้ง-ปูอัด 32ก.,12,9,ราคาสิินค้า,2,8.85014E+12
อร่อยชัวร์ไก่,10,8,เครื่องปรุงต่างๆ,0,8.85014E+12
คนอร์ คัพโจ๊ก หมูสาหร่าย,18,15,อาหารสำเร็จรูป,199,8.85014E+12
คนอร์คัพโจ๊ก35ก,12,10,อาหารสำเร็จรูป,6,8.85014E+12
คนอร์ คัพโจ๊ก รสหมู 28 กรัม,10,8,อาหารสำเร็จรูป,12,8.85014E+12
คนอร์ คัพโจ๊ก รสไก่ 28 กรัม,10,8,อาหารสำเร็จรูป,10,8.85014E+12
คนอร์ต้มขา,19,15,เครื่องปรุงต่างๆ,20,8.85014E+12
คนอร์ ลาบน้ำตก,10,8,เครื่องปรุงต่างๆ,20,8.85014E+12
คัพโจ๊ก รสไข่ฟู-หมู,12,7,อาหารสำเร็จรูป,10,8.85014E+12
คนอร์แกงส้ม,15,10,เครื่องปรุงต่างๆ,20,8.85014E+12
คนอร์ รสหมู150ก,20,18,เครื่องปรุงต่างๆ,50,8.85014E+12
คนอร์ รสไก่150ก,20,18,เครื่องปรุงต่างๆ,50,8.85014E+12
ข้าวต้ม รสแซลมอนสาหร่าย 40ก,15,11,โจ๊ก,50,8.85014E+12
นมข้นหวานมะลิ,25,20,กาแฟ,20,8.85015E+12
มะลิ นมข้นหวาน 170ก.,28,22,กาแฟ,5,8.85015E+12
มะลิ นมข้น รสชาไทย 120ก.,29,25,ราคาสิินค้า,120,8.85015E+12
มะลิ นมข้น รสนมเย็น 120ก.,29,25,ราคาสิินค้า,120,8.85015E+12
มะลิ นมข้นหวาน 355ก.,30,26.25,กาแฟ,14,8.85015E+12
สามเเม่ครัว ฉู่ฉี่ปลาซาร์ดีน 190กรัม,25,18,อาหารสำเร็จรูป,120,8.85015E+12
สามแม่ครัว155ก,27,22,ปลากระป๋อง,64,8.85015E+12
สามแม่ครัว,28,22,ปลากระป๋อง,118,8.85015E+12
สามเเม่ครัว มัสมั่นปลาซาร์ดีน 190กรัม ,25,18,อาหารสำเร็จรูป,120,8.85015E+12
มรกต1ลิตร,65,47,น้ำมันพืช,19,8.85015E+12
ออร์เดฟ,5,4,ขนม+ไอสครีม,20,8.85016E+12
เบนโต๊ะปรุงรส,5,4,ขนม+ไอสครีม,20,8.85016E+12
เจเล่บิวตี้แอปเปิ้ล,10,8,เครื่องดื่ม,40,8.85016E+12
เจเล้ มะม่วงเชอร์เมท,5,3,ขนม+ไอสครีม,12,8.85016E+12
เจเล่บิวตี้เลม่อน,10,8,เครื่องดื่ม,40,8.85016E+12
เจเล่ย์สตอรเบอรี่,25,20,ขนม+ไอสครีม,10,8.85016E+12
เจเล่บลูเบอรี่แพค,25,20,เครื่องดื่ม,20,8.85016E+12
เจเล่ผลไม้รวม,25,20,เครื่องดื่ม,20,8.85016E+12
เจเล่ลิ้นจี้แพค,25,20,เครื่องดื่ม,48,8.85016E+12
เจเร่ แบล็คเคอร์เเรนท์,25,22,เครื่องดื่ม,10,8.85016E+12
เจเร่ ลิ่นจี่,25,22,เครื่องดื่ม,19,8.85016E+12
jellyรสส้ม,25,20,เครื่องดื่ม,48,8.85016E+12
jeleสตรอเบอรรี่,25,20,เครื่องดื่ม,48,8.85016E+12
เจเล่บิวตี้ลิ้นจี่,10,8,เครื่องดื่ม,40,8.85016E+12
เบนโต๊ะทรงเครื่อง,5,4,ขนม+ไอสครีม,37,8.85016E+12
เบนโต๊ะน้ำพริกตำหรับไทย,5,4,ขนม+ไอสครีม,40,8.85016E+12
ขาไก่โลตัส,5,4,ขนม+ไอสครีม,40,8.85016E+12
โลตัสขนมน่องไก่รสบาร์บีคิวเกาหลี 115กรัม,20,17,ขนม+ไอสครีม,120,8.85016E+12
ฟุตลอง,5,4,ขนม+ไอสครีม,50,8.85016E+12
ไจแอนท์ช็อกโกแลต,5,4,ขนม+ไอสครีม,50,8.85016E+12
น้ำเฮากวยเมจิฟาร์ม,5,3,ขนม+ไอสครีม,0,8.85016E+12
น้ำเฉาก๊วยเมจิแพค,25,20,เครื่องดื่ม,40,8.85016E+12
น้ำมะพร้าวเมจิฟาร์ม,5,3,ขนม+ไอสครีม,0,8.85016E+12
น้ำมะพร้าวเมจิแพค,25,20,เครื่องดื่ม,48,8.85016E+12
เมจิฟาร์ม,10,8,เครื่องดื่ม,0,8.85016E+12
เฉาก๋วยเมจิก,10,8,เครื่องดื่ม,40,8.85016E+12
ยูซู สตรอเบอร์รี่ 315มล.,10,0,เครื่องดื่ม,24,8.85016E+12
ยุซุลิ้นจี่,10,8,เครื่องดื่ม,0,8.85016E+12
น้ำมะพร้าวเมจิก,10,8,เครื่องดื่ม,40,8.85016E+12
น้ำใบกันชา,15,12.5,เครื่องดื่ม,10,8.85016E+12
น้ำใบกันชา250มล,15,12.5,เครื่องดื่ม,8,8.85016E+12
กะทิอัมผวา250มล,25,21,กระทิ,16,8.85016E+12
กะทิอัมพวา1000มล.,65,60,เครื่องปรุงต่างๆ,20,8.85016E+12
อัมพวา500มล,38,34,เครื่องปรุงต่างๆ,99,8.85016E+12
คัสสันเบบี้อย,55,50,เครื่องสำอาง,0,8.85017E+12
คัสสันเบบี้ออย,55,50,เครื่องสำอาง,0,8.85017E+12
กรองทิพ 90,115,97,บุหรี่+ยาเส้น,16,8.85017E+12
วันเดอร์ เขียว,70,65,บุหรี่+ยาเส้น,20,8.85017E+12
SMS เเดง,70,65,บุหรี่+ยาเส้น,193,8.85017E+12
SMS เขียว,70,65,บุหรี่+ยาเส้น,5,8.85017E+12
กรองทิพ 7.1,85,0,บุหรี่+ยาเส้น,19,8.85017E+12
ไลน์แดง เล็ก,60,0,บุหรี่+ยาเส้น,20,8.85017E+12
ไลน์เขียว เล็ก,60,0,บุหรี่+ยาเส้น,19,8.85017E+12
ไลน์แดง ใหญ่,60,0,บุหรี่+ยาเส้น,20,8.85017E+12
ไลน์เขียว ใหญ่,60,0,บุหรี่+ยาเส้น,19,8.85017E+12
วันเดอร์ แดง,70,65,บุหรี่+ยาเส้น,54,8.85017E+12
วันเดอร์ เขียว,70,65,บุหรี่+ยาเส้น,124,8.85017E+12
แซมบัคเอชอาร์,20,15,ยา,50,8.85017E+12
 มิสเตอร์มัสเซิล,45,40,พลาสติก,20,8.85018E+12
 มิสเตอร์มัสเซิล,45,40,พลาสติก,10,8.85018E+12
มิตเตอร์มัสเซิล,40,35,น้ำยาล้างห้องน้ำ,-1,8.85018E+12
มิสเตอร์มัสเซิล,35,30,น้ำยาปรับผ้านุ่ม,0,8.85018E+12
เป็ด450มล,35,25,น้ำยาล้างห้องน้ำ,50,8.85018E+12
เป็ด กลิ่น ซิตรัส 450มล.,35,28,น้ำยาล้างห้องน้ำ,119,8.85018E+12
เป็ด450มล.,35,30,น้ำยาล้างห้องน้ำ,100,8.85018E+12
เป็ด900มล,55,50,น้ำยาปรับผ้านุ่ม,50,8.85018E+12
เป็ดสีชมพู,35,30,น้ำยาล้างห้องน้ำ,10,8.85018E+12
เป็ดสีเหลือง,35,30,น้ำยาล้างห้องน้ำ,100,8.85018E+12
เป็ดโปร450มล.,39,35,น้ำยาล้างห้องน้ำ,83,8.85018E+12
เป็ดโปร900มล,59,55,น้ำยาล้างห้องน้ำ,4,8.85018E+12
เป็ด300มล,29,26,น้ำยาล้างห้องน้ำ,45,8.85018E+12
เป็ดโปรมิสเตอร์,35,30,น้ำยาล้างห้องน้ำ,10,8.85018E+12
ไบกอน 38 สูตรประสิทธิภาพ 300มล,75,64,กำจัดแมลง,52,8.85018E+12
ไบกอน ลาเวนเดอร์,25,18,กำจัดแมลง,104,8.85018E+12
ไบกอน,75,62,กำจัดแมลง,6,8.85018E+12
ไบกอน 23 600 มล.,119,91,กำจัดแมลง,100,8.85018E+12
ไบกอน300มล,65,53,กำจัดแมลง,3,8.85018E+12
ไบกอน300มล,60,52,กำจัดแมลง,50,8.85018E+12
ไบกอน300มล,65,60,กำจัดแมลง,20,8.85018E+12
ไบกอน,75,65,กำจัดแมลง,19,8.85018E+12
ไบกอน กลิ่นลาเวนเดอร์ 600มล.,119,91,กำจัดแมลง,3,8.85018E+12
ไบกอน,75,65,กำจัดแมลง,20,8.85018E+12
ไบกอน เลมอนนีน 600มล.,109,92.5,กำจัดแมลง,1,8.85018E+12
ไบกอน 40 กลิ่นดี-เลมอน 300มล,75,64,กำจัดแมลง,50,8.85018E+12
ไบกอนฉีดมด,75,66,ของใช้ส่วนตัว,25,8.85018E+12
ไบกอน ยูคาลิปตัส 600มล.,109,92.5,กำจัดแมลง,120,8.85018E+12
ไบกอน ยูคาลิปตัส,25,15,กำจัดแมลง,14,8.85018E+12
ไบกอน300มล,65,53,กำจัดแมลง,20,8.85018E+12
ไบกอน 23 ฟลอรัล 250มล.,69,51,กำจัดแมลง,-1,8.85018E+12
ไบกอน กลิ่นเฟรชฟลอรัล 520มล.,109,87,กำจัดแมลง,4,8.85018E+12
ไบกอน ดี-เลมอนนีน 250มล.,69,57,กำจัดแมลง,10,8.85018E+12
ไบกอน หัวสเปร์ฉีดได้ในวงกว้าง 250มล.,69,55.2,กำจัดแมลง,3,8.85018E+12
ไบกอน ไร้สารเเต่งกลิ่น 520 มล.,109,79,กำจัดแมลง,1,8.85018E+12
ไบกอน ยูคาลิปตัส 250มล.,69,57,กำจัดแมลง,8,8.85018E+12
ไบกอน150ก,20,18,กำจัดแมลง,100,8.85018E+12
กุ๊ก 1ลิตร,55,44,น้ำมันพืช,13,8.85018E+12
กุ๊ก1.9ลิตร,110,101,น้ำมันพืช,178,8.85018E+12
กุ๊ก250มล.,18,16.25,น้ำมันพืช,194,8.85018E+12
กุ๊ก500มล.,35,28,น้ำมันพืช,188,8.85018E+12
โกกิ 150 กรัม,17,14,เครื่องปรุงต่างๆ,9,8.85018E+12
โกกิ เเป้งทอดกรอบ 500กรัม,45,36,เครื่องปรุงต่างๆ,20,8.85018E+12
โกกิ เกล็ดขนมปัง 120 กรัม,25,19,เครื่องปรุงต่างๆ,3,8.85018E+12
ตราชั่ง น้ำปลา 750ซม.,37,33,น้ำปลา,-1,8.85018E+12
น้ำปลาแท้ ตราชู ตราชั่ง 55ซม.,9,7,เครื่องปรุงอาหาร,20,8.85018E+12
น้ำปลาตาชั้ง750มล,35,29,น้ำปลา,49,8.85018E+12
แอปเปิ้ล750,28,23,น้ำปลา,6,8.85018E+12
น้ำปลาแท้ตราแอปเปิลแดง,23,18,น้ำปลา,18,8.85018E+12
กะปิแท้ตราชูตราชั่ง90กรัม,17,16,เครื่องปรุงอาหาร,12,8.85018E+12
กะปิแท้ตราชูตราชั่ง185กรัม,35,27,เครื่องปรุงอาหาร,17,8.85018E+12
มีดโกนหนวดซูเปอร์คลิ๊ก,25,20,ของใช้ส่วนตัว,17,8.85018E+12
รถพยาบาลสำลีแผ่น 50กรัม,20,17,ของใช้ส่วนตัว,120,8.85019E+12
สำลีก้อนรถพยาบาล40กรัม,20,15,น้ำยาปรับผ้านุ่ม,20,8.85019E+12
นกเหยี่ยว นมปรุงเเต่ง 360กรัม,28,23,เครื่องปรุงอาหาร,118,8.85019E+12
โฟร์โมสต์ นมโคสดจืด 225มล.,13,11,เครื่องดื่ม,47,8.85019E+12
โฟร์โมสต์ รสหวาน 225มล.,13,11,เครื่องดื่ม,39,8.85019E+12
โฟร์โมส ช็อกโกแลต 225มล.,13,11,เครื่องดื่ม,44,8.85019E+12
โฟร์โมส225มล,12,10.5,เครื่องดื่ม,71,8.85019E+12
โฟโมสต์รสจืดแพค,75,67,เครื่องดื่ม,46,8.85019E+12
โฟร์โมสต์รสหวานใหญ่,65,60,เครื่องดื่ม,48,8.85019E+12
โฟโมสต์รสช็อกโกแลต,65,60,เครื่องดื่ม,44,8.85019E+12
โฟร์โมส พล่อง225มล,68,63,เครื่องดื่ม,11,8.85019E+12
โฟโมสต์สตรอเบอรี่,12,10,เครื่องดื่ม,46,8.85019E+12
โฟร์โมสต์ กล้วยหอม 225มล.,13,11,เครื่องดื่ม,46,8.85019E+12
โฟโมสต์มะพร้าวอ่อน,12,10,เครื่องดื่ม,48,8.85019E+12
นมข้นฟอลคอน1000มล.,50,45,กาแฟ,48,8.85019E+12
ครีมเทียมฟอลคอน,20,15,กาแฟ,48,8.85019E+12
นกเหยี่ยว ครีมเทียม385ก,25,23,เครื่องปรุงต่างๆ,6,8.85019E+12
โฟร์โมทส์ โอเมก่า รสจืด 180มล.,38,34,เครื่องดื่ม,1296,8.85019E+12
โฟโมสต์รสสตรอเบรรี่,70,65,เครื่องดื่ม,20,8.85019E+12
กรีนฟรี,5,4,ขนม+ไอสครีม,20,8.8502E+12
โอ ทวิน 13กรัม,5,4,ขนม+ไอสครีม,50,8.8502E+12
มินิโคล่า,5,4,ขนม+ไอสครีม,20,8.8502E+12
มินิตรอเบอรี่,3,2,ขนม+ไอสครีม,19,8.8502E+12
ป้อปซ่า,5,3,ขนม+ไอสครีม,10,8.8502E+12
ซีอิ้วเห็ดหอม-เด็ก700มล,67,62,เครื่องปรุงต่างๆ,7,8.85021E+12
ซีอิ๋วขาวเห็ดหอม300ซม.,37,32,เครื่องปรุงต่างๆ,97,8.85021E+12
ซีอิ๋วขาวตราเด็กสมบูรณ์700ซม.,53,48,เครื่องปรุงต่างๆ,191,8.85021E+12
ซีอิ๋วขาวสูตร1600ซม.,49,44,เครื่องปรุงต่างๆ,173,8.85021E+12
ซีอิ๋วขาวสูตร1 300ซม.,35,28,เครื่องปรุงต่างๆ,174,8.85021E+12
ซอสหอยนางรมสูตรดังเดิม800กรัม,55,49,เครื่องปรุงต่างๆ,20,8.85021E+12
ซอสหอยนางรม350ก,30,24,เครื่องปรุงอาหาร,195,8.85021E+12
ซอสหอยนางรมสูตดังเดิม350กรัม,38,20,เครื่องปรุงต่างๆ,19,8.85021E+12
ซอสหอยนางรมสูตรเข้มข้น800กรัม,37,31,เครื่องปรุงต่างๆ,14,8.85021E+12
เต้าเจี้ยวตราเด็กสมบูรณ์800กรัม,42,37,เครื่องปรุงต่างๆ,198,8.85021E+12
เต้าเจี้ยวสูตร1245กรัม,30,25,เครื่องปรุงต่างๆ,20,8.85021E+12
เต้าเจี้ยวสูตร1 350กรัม,29,24,เครื่องปรุงต่างๆ,98,8.85021E+12
เต้าเจียวฟ้า165มล,12,10,เครื่องปรุงต่างๆ,99,8.85021E+12
เด็ก ปรุงรสฝาเขียว,29,24,เครื่องปรุงต่างๆ,0,8.85021E+12
ซอสเห็ดหอม800มล,58,55,เครื่องปรุงต่างๆ,48,8.85021E+12
ซอสเห็ดหอม350มล,39,34,เครื่องปรุงต่างๆ,100,8.85021E+12
น้ำส้มสายชูตราเด็ก700มล,25,19,น้ำส้มสายชู,3,8.85021E+12
น้ำส้มตราเด็ก300มล,15,12,น้ำส้มสายชู,6,8.85021E+12
ไอ-เชฟ ผัดผงกะหรี่ 50 กรัม,20,14,เครื่องปรุงต่างๆ,12,8.85021E+12
ไอ-เชฟ ลาบน้ำตก 50 กรัม,20,14,เครื่องปรุงต่างๆ,12,8.85021E+12
องุ่น230มล.,17,13,น้ำมันพืช,18,8.85021E+12
องุ่น47มล.,35,26,น้ำมันพืช,196,8.85021E+12
น้ำมัน องุ่น 1000มล.,55,47,น้ำมันพืช,18,8.85021E+12
องุ่น1900มล.,110,96,น้ำมันพืช,192,8.85021E+12
แช่ม,55,46,น้ำมันพืช,6,8.85021E+12
ชอล์กอัศวิน,5,3,ของใช้ส่วนตัว,20,8.85021E+12
อัศวินแรท,15,10,ของใช้ส่วนตัว,20,8.85021E+12
น้ำปลาแท้ตราหอยเป๋าฮื้อ,45,39,เครื่องปรุงอาหาร,3,8.85023E+12
ทีโอเปล็กซ์-เเอล 100มล.,10,9,เครื่องดื่ม,298,8.85023E+12
กระทิงเเดง145มล.,10,9,เครื่องดื่ม,597,8.85023E+12
สปอนเซอร์ออริจินัล 250 มล.,12,10,เครื่องดื่ม,33,8.85023E+12
ซันสแนค,5,3,ขนม+ไอสครีม,10,8.85023E+12
เพียวริคุ เก๊กฮวยขาว 350มล.,12,0,เครื่องดื่ม,21,8.85023E+12
เพียวริคุมิกเบอรรี่,12,8,เครื่องดื่ม,47,8.85023E+12
เพียวริคุชาขาว350มล.,12,8,เครื่องดื่ม,48,8.85023E+12
เรดดี้สีแดง150มล.,15,10,เครื่องดื่ม,36,8.85023E+12
สปอนเซอร์เขียว 250 มล.,12,10,เครื่องดื่ม,24,8.85023E+12
เรดดี้บู้ท 150มล.,15,11,เครื่องดื่ม,26,8.85023E+12
แมนซั้ม 450มล.,20,0,เครื่องดื่ม,24,8.85023E+12
เพียวริคุน้ำผึ้งมะนาว,10,8,เครื่องดื่ม,48,8.85023E+12
เพีวริคุสตรอเบอรี่,10,8,เครื่องดื่ม,0,8.85023E+12
เรดดี้พลัส 150มล.,15,11,เครื่องดื่ม,30,8.85023E+12
แมนซั้ม 325มล.,15,0,เครื่องดื่ม,12,8.85023E+12
เพียวริคุ ชาขาว 350มล.,12,0,เครื่องดื่ม,24,8.85023E+12
สปอนเซอร์แอคทีฟ 250 มล.,12,10,เครื่องดื่ม,24,8.85023E+12
กระทิงเเดงเอ็กตร้าแดง 145มล.,10,9,เครื่องดื่ม,28,8.85023E+12
กระทิงเเดงเอ็กตร้าดำ 145มล.,10,9,เครื่องดื่ม,299,8.85023E+12
ซันสแนค รสลาบ,5,3,ขนม+ไอสครีม,50,8.85023E+12
เพียวริคุลิ้นจี่,10,8,เครื่องดื่ม,48,8.85023E+12
สปอนเซอร์บีเฟรช 250 มล.,12,10,เครื่องดื่ม,24,8.85023E+12
เพียวริคุสวีทเมล่อน 280มล.,10,0,เครื่องดื่ม,24,8.85023E+12
โสมพลัส 95มล.,12,10,เครื่องดื่ม,19,8.85023E+12
ซันสแนคกุ้งเผา,5,3,ราคาสิินค้า,10,8.85023E+12
แมนซั้ม องุ่น 450มล.,20,0,เครื่องดื่ม,24,8.85023E+12
ริคุ ส้ม 350มล.,10,0,เครื่องดื่ม,24,8.85023E+12
ริคุแอปเปิ้ลฟูจิ350มล.,10,8,เครื่องดื่ม,48,8.85023E+12
ริคุ องุ่น 350มล.,10,0,เครื่องดื่ม,23,8.85023E+12
ซันสแครสสไปซี่โนริ,5,3,ขนม+ไอสครีม,10,8.85023E+12
ไลม์ซิตรัส 340มล.,12,0,เครื่องดื่ม,24,8.85023E+12
ไลม์เลมอน 340มล.,12,0,เครื่องดื่ม,24,8.85023E+12
ซันสแนครสคอร์นชีส,5,3,ขนม+ไอสครีม,9,8.85023E+12
สปอนเซอร์แอคทีฟ 240มล.,10,0,เครื่องดื่ม,12,8.85023E+12
สปอนเซอร์บีเฟรช 240มล.,10,0,เครื่องดื่ม,12,8.85023E+12
แมนซั่ม ฟรุตโซดา 325มล.,15,10,เครื่องดื่ม,0,8.85023E+12
เเมนซั้ม ฟรุตโซดา 325มล.,15,11,เครื่องดื่ม,12,8.85023E+12
ซันสแนคอบเกลือ,5,3,ขนม+ไอสครีม,10,8.85023E+12
เพียวริคุ สตรอเบอร์รี่ 350มล.,12,0,เครื่องดื่ม,21,8.85023E+12
เพียวริคุ ลิ้นจี่ 350มล.,12,0,เครื่องดื่ม,20,8.85023E+12
ซันสแนครสผัดขี่้เมา,5,3,ขนม+ไอสครีม,10,8.85023E+12
ซันสแนครสไก่กรอบ,5,3,ขนม+ไอสครีม,10,8.85023E+12
Readyสีดำ,15,10,เครื่องดื่ม,48,8.85023E+12
ริคุ สตรอเบอร์รี่ 350มล.,10,0,เครื่องดื่ม,23,8.85023E+12
ซันสแนคใส้กรอก,5,3,ราคาสิินค้า,10,8.85023E+12
โสมพลัส โสมเกาหลีสกัดและน้ำผึ้ง 95ml,10,7,เครื่องดื่ม,120,8.85023E+12
แมนซั่มองุ่นเขียว,20,15,เครื่องดื่ม,0,8.85023E+12
เพียวริคุ องุ่นเคียวโฮ,12,9,เครื่องดื่ม,115,8.85023E+12
โฮวิตามินซี150มล.,10,8,เครื่องดื่ม,98,8.85023E+12
เพียวริคุทับทิม350มล.,12,8,เครื่องดื่ม,1000,8.85023E+12
แมนซั้มคอลาเจน330มล,15,11,เครื่องดื่ม,47,8.85023E+12
แมนซั่มน้ำรสองุ่นแดง 330 มล.,15,13,เครื่องดื่ม,4996,8.85023E+12
แมนซั่มวิตามินบีรวม 330 มล.,15,13,เครื่องดื่ม,5000,8.85023E+12
แมนซั่มกลิ่นเลมอนมินท์ 330 มล.,15,13,เครื่องดื่ม,5000,8.85023E+12
นอติลุสทูน่าสเต็กในน้ำมันถั่วเหลือง 170กรัม,45,36,อาหารสำเร็จรูป,3,8.85023E+12
นอติลุส185ก,40,35,อาหารสำเร็จรูป,50,8.85023E+12
นอติลุสทูน่าชนิดก้อนในน้ำแร่ 170กรัม,45,41,อาหารสำเร็จรูป,120,8.85023E+12
นอติลุสทูน่าชนิดก้อนในน้ำเกลือ 170กรัม,45,41,ปลากระป๋อง,120,8.85023E+12
ปลาแม็กเคอเรล,15,13,ปลากระป๋อง,179,8.85023E+12
นอติลุส185ก,35,29,อาหารสำเร็จรูป,99,8.85023E+12
นอติลุสทูน่าถั่วเหลือง165ก,35,29,ปลากระป๋อง,3,8.85023E+12
นอติลุส125ก,40,35,อาหารสำเร็จรูป,50,8.85023E+12
นอติลุส185ก,45,38,ปลากระป๋อง,100,8.85023E+12
มงกุฎ,15,11,ปลากระป๋อง,16,8.85023E+12
นอติลุสทูน่าในน้ำมันรสเผ็ด 165กรัม,45,41,อาหารสำเร็จรูป,1200,8.85023E+12
แป้งเภสัชมาดาม,12,10,แป้ง,95,8.85023E+12
เภสัทมาดาม100กรัม,22,15,แป้ง,24,8.85023E+12
เภสัชมาดาม200กรัม,35,26,แป้ง,13,8.85023E+12
แป้งเย็นเภสัชกลิ่นมาดาม,55,45,แป้ง,47,8.85023E+12
เภสัชปริ๊นเซส50กรัม,12,10,แป้ง,19,8.85023E+12
เภสัชปริ๊นเซส100กรัม,22,18,แป้ง,18,8.85023E+12
เภสัชปริ๊นเซส200กรัม,30,25,แป้ง,-6,8.85023E+12
เภสัช300ก,50,45,แป้ง,46,8.85023E+12
เภสัชคามิลล่า50กรัม,12,10,แป้ง,20,8.85023E+12
เภสัทคามิลล่า100กรัม,22,15,แป้ง,26,8.85023E+12
เภสัชคามิลล่า200กรัม,35,28,แป้ง,18,8.85023E+12
แป้งเย็น เภสัช กลิ่นชคามิลล่า ,50,45,แป้ง,46,8.85023E+12
เภสัชสีฟ้า,30,25,สบู่,48,8.85023E+12
เภสัชบอดี้ไวท์,30,25,สบู่,50,8.85023E+12
เภสัชสีชมพู,30,25,สบู่,45,8.85023E+12
เภสัชโลชั่น 150มล,35,30,สบู่,47,8.85023E+12
เภสัช สวีทดี้ พิงค์ โรลอน 35มล.,19,15,เครื่องสำอาง,5,8.85023E+12
เภสัช สกายเฟรช โรลอน 35มล.,19,15,เครื่องสำอาง,30,8.85023E+12
เภสัช เลิฟลี้ โรลอน 35มล.,19,15,เครื่องสำอาง,50,8.85023E+12
เต้าหู้ยี้320ก,40,35,เครื่องปรุงอาหาร,50,8.85025E+12
เต้าฮู้ยี้แดง310ก,45,38,เครื่องปรุงอาหาร,20,8.85025E+12
ยำยำหมูสับ,55,45,อาหารสำเร็จรูป,20,8.85025E+12
เบอร์ดี้ลาเต้,15,10,เครื่องดื่ม,48,8.85025E+12
เบอร์ดี้โรบัสต้า 180มล.,16,13.6,เครื่องดื่ม,284,8.85025E+12
เบอร์ดี่ แบล็ค180มล,16,12.83,กาแฟ,24,8.85025E+12
ยำยำซองรสหมูสับ,7,5.5,อาหารสำเร็จรูป,-8,8.85025E+12
ยำยำซองรสผัดขี้เมาแห้ง,7,5.5,อาหารสำเร็จรูป,25,8.85025E+12
รสดีไก่18กรัม,4,2,เครื่องปรุงต่างๆ,100,8.85025E+12
รสดีหมู18กรัม,4,2,เครื่องปรุงต่างๆ,280,8.85025E+12
อายิโนะโมะโต๊ะพลัส225กรัม,31,29,เครื่องปรุงอาหาร,97,8.85025E+12
อายิโนะโมะโต๊ะ39กรัม,5,3,เครื่องปรุงอาหาร,290,8.85025E+12
อายิโนะโมะโต๊ะ85กรัม,10,8,เครื่องปรุงอาหาร,213,8.85025E+12
รสดีไก่75กรัม,12,10,เครื่องปรุงต่างๆ,30,8.85025E+12
รสดีหมู75กรัม,12,10,เครื่องปรุงต่างๆ,25,8.85025E+12
รสดีเนื้อ75กรัม,12,10,เครื่องปรุงต่างๆ,30,8.85025E+12
รสดี165กรัม,25,20,เครื่องปรุงต่างๆ,24,8.85025E+12
ยำยำ รสสุกี้ 55ก.,7,4,อาหารสำเร็จรูป,198,8.85025E+12
รสดี425กรัม,60,55,เครื่องปรุงต่างๆ,29,8.85025E+12
เบอดี้แดง16.5กรัม,5,3,กาแฟ,22,8.85025E+12
รสดี แป้งชุบ รสต้นตำรับ 90 กรัม,15,12,เครื่องปรุงต่างๆ,23,8.85025E+12
รสดี เเป้งชุบทอดรสเผ็ด 90 กรัม,15,12,เครื่องปรุงต่างๆ,29,8.85025E+12
มาม่าซองรสต้มยำกุ้งน้ำข้น,7,5.5,อาหารสำเร็จรูป,25,8.85025E+12
ยำยำซองรสต้มยำกุ้งแห้ง,7,5.5,อาหารสำเร็จรูป,21,8.85025E+12
รสดี850กรัม,100,90,เครื่องปรุงต่างๆ,30,8.85025E+12
เบอดี้เหลือง16.5กรัม,4,3,กาแฟ,30,8.85025E+12
เบอดี้เขียว16.5กรัม,4,3,กาแฟ,23,8.85025E+12
ยำยำจัมโบ้รสเย็นตาโฟ 67 g,6,4,อาหารสำเร็จรูป,120,8.85025E+12
ยำยำจำโบ้10ซอง,55,45,อาหารสำเร็จรูป,19,8.85025E+12
ยำยำต้มยำกุ้ง,55,45,อาหารสำเร็จรูป,20,8.85025E+12
เบอร์ดี้ เอสเปรสโซ 180มล.,16,12.8,เครื่องดื่ม,27,8.85025E+12
ยำยำรสต้มยำทะเล,6,3,อาหารสำเร็จรูป,5,8.85025E+12
ยำยำรสหมูสับ,15,12.1,อาหารสำเร็จรูป,29,8.85025E+12
ยำยำรสต้มยำกุ้ง,15,12.14,อาหารสำเร็จรูป,28,8.85025E+12
ยำยำรสต้มยำทะเลหม้อไฟ,15,12.1,อาหารสำเร็จรูป,28,8.85025E+12
ยำยำ คัพ หมูสับ 60ก.,75,63,อาหารสำเร็จรูป,120,8.85025E+12
ยำยำ คัพ ทะเลหม้อไฟ 60g.,75,63,อาหารสำเร็จรูป,120,8.85025E+12
อายิโนะโมะโต๊ะ250กรัม,26,24,เครื่องปรุงอาหาร,21,8.85025E+12
อายิโนะโมะโต๊ะ500กรัม,48,40,เครื่องปรุงอาหาร,26,8.85025E+12
อายิโนะโมะโต๊ะ1กิโลกรัม,90,80,เครื่องปรุงอาหาร,29,8.85025E+12
เบอร์ดี้ โรบัสต้า 15กรัม แพค 27ซอง,115,87,กาแฟ,3,8.85025E+12
เบอร์ดี้ เอสเปรสโซ 12.1กรัม แพค 27ซอง,115,97,กาแฟ,3,8.85025E+12
เบอร์ดี้ ครีมมีลาเต้ 13.2กรัม แพค 27ซอง,95,87,กาแฟ,120,8.85025E+12
รสดี พะโล้ 60 กรัม,17,14.2,เครื่องปรุงต่างๆ,12,8.85025E+12
รสดีแกงจืด,15,10,เครื่องปรุงต่างๆ,30,8.85025E+12
ยำยำต้มยำกุ้ง60ก,15,12.1,อาหารสำเร็จรูป,12,8.85025E+12
เบอร์ดี้โรบัสต้า60ซอง,180,170,กาแฟ,20,8.85025E+12
รสดีแกงส้ม,19,15,เครื่องปรุงต่างๆ,30,8.85025E+12
รสดี แกงเขียวหวาน 55ก,21,15,เครื่องปรุงต่างๆ,12,8.85025E+12
ยำยำช้างน้อยข้าวโพด,5,3,ขนม+ไอสครีม,0,8.85025E+12
ช้างน้อยบาบีคิว,3,2,ขนม+ไอสครีม,30,8.85025E+12
ยำยำช้างน้อยมะนาว,5,3,ราคาสิินค้า,0,8.85025E+12
ยำยำช้างน้อยต้มยำกุ้ง,3,1,ราคาสิินค้า,0,8.85025E+12
รสดีเมนู น้ำยำ 40กรัม,17,10,เครื่องปรุงต่างๆ,12,8.85025E+12
เบอร์ดี้เอสเปสโซ60ซอง,185,170,กาแฟ,50,8.85025E+12
ยำยำรสสุกี้ทะเล,15,12.1,อาหารสำเร็จรูป,17,8.85025E+12
อายิโนะโมะโต๊ะ,12,10,เครื่องปรุงต่างๆ,20,8.85025E+12
ยำยำ ก๋วยเตี๋ยวเรือ 55ก.,6,4,อาหารสำเร็จรูป,2000,8.85025E+12
ช้างน้อยโนริสาหร่าย,3,2,ขนม+ไอสครีม,20,8.85025E+12
รสดีเมนู ลาบ-น้ำตก 30ก.,17,12,เครื่องปรุงต่างๆ,12,8.85025E+12
ยำยำรสต้มยำหมูเด้ง,13,10,อาหารสำเร็จรูป,20,8.85025E+12
ยำยำ หมึกมะนาว 60ก.,15,11,อาหารสำเร็จรูป,200,8.85025E+12
รสดี ต้มยำน้ำข้น 60 กรัม,21,15,เครื่องปรุงอาหาร,12,8.85025E+12
รสดีซุปก้อน2ก้อน,6,4,เครื่องปรุงต่างๆ,17,8.85025E+12
เบอร์ดี้ชาไทย 180 มล.,15,12,เครื่องดื่ม,60,8.85025E+12
รสดี75ก,13,10,เครื่องปรุงต่างๆ,15,8.85025E+12
รสดีหมู155ก,27,25,เครื่องปรุงต่างๆ,3,8.85025E+12
รสดี425ก,63,55,เครื่องปรุงต่างๆ,77,8.85025E+12
รสดี850ก,105,95,เครื่องปรุงอาหาร,94,8.85025E+12
รสดีไก่75ก,13,10,เครื่องปรุงต่างๆ,95,8.85025E+12
รสดี เนื้อ 70กรัม,13,9,เครื่องปรุงต่างๆ,10,8.85025E+12
ผงชูรส ถ้วยแดง250ก,28,25,เครื่องปรุงอาหาร,56,8.85025E+12
ผงชูรส ถ้วยแดง500ก,52,48,เครื่องปรุงอาหาร,78,8.85025E+12
อายิโนะโมะโต๊ะ1000ก,98,92,เครื่องปรุงอาหาร,10,8.85025E+12
รสดี20กรัม,5,4.12,เครื่องปรุงต่างๆ,83,8.85025E+12
ยำยำ ต้มยำกุ้ง 80ก.,10,8,อาหารสำเร็จรูป,192,8.85025E+12
ยำยำต้มยำกุ้ง,60,50,อาหารสำเร็จรูป,20,8.85025E+12
รสดีไก่20ก,5,4,เครื่องปรุงอาหาร,198,8.85025E+12
ยำยำ ต้มยำกุ้งน้ำข้น 80ก.,12,9.17,อาหารสำเร็จรูป,197,8.85025E+12
ยำยำ สไบซี่ ล็อบสเตอร์ 75ก.,10,9.17,อาหารสำเร็จรูป,113,8.85025E+12
ยำยำสูตรเด็ด,60,55,อาหารสำเร็จรูป,20,8.85025E+12
รสดีหมูก้อน40ก,8,6.5,เครื่องปรุงต่างๆ,49,8.85025E+12
รสดีไก่40ก,8,6.5,เครื่องปรุงต่างๆ,49,8.85025E+12
ยำยำสูตรเด็ด,55,45,อาหารสำเร็จรูป,20,8.85025E+12
ยำยำ รสต้มยำกุ้งทะเลน้ำข้น 80ก.,10,6,ราคาสิินค้า,117,8.85025E+12
ยำยำ รสปูผัดพริกไทยดำ 75ก.,10,6,ราคาสิินค้า,119,8.85025E+12
ยำยำรสผัดฉ่า,0,0,ราคาสิินค้า,0,8.85025E+19
เบอร์ดี้27ชอง,95,83,กาแฟ,5,8.85025E+12
ยำยำรสหมูสับ75ก,12,9.17,อาหารสำเร็จรูป,-2,8.85025E+12
ยำยำทรงเครื่อง24ซอง,228,220,อาหารสำเร็จรูป,6,8.85025E+12
ยำยำฉ่าทะเล75ก,12,9.17,อาหารสำเร็จรูป,22,8.85025E+12
ยำยำฉ่าทะเล24ซอง,228,220,อาหารสำเร็จรูป,6,8.85025E+12
ถ้วยเเดง ผงชูรสเเท้ 250กรัม,31,27,เครื่องปรุงต่างๆ,91,8.85025E+12
ถ้วยเเดง ผงชูรส 500ก.,57,52,เครื่องปรุงต่างๆ,107,8.85025E+12
อายิโนะโมะโตะ1กก,108,102,เครื่องปรุงต่างๆ,18,8.85025E+12
อายิโนะโมะโต็ะพลัส210ก,34,29.25,เครื่องปรุงอาหาร,9,8.85025E+12
อายิโนโมโต็ะ420ก,66,58.75,เครื่องปรุงต่างๆ,10,8.85025E+12
ยำยำสูตรเด็ด75ก,12,9.2,อาหารสำเร็จรูป,27,8.85025E+12
ยำยำสูตรเด็ด5ซอง,52,46,อาหารสำเร็จรูป,6,8.85025E+12
อายิโนะโมะโต๊ะ ตราถ้วยแดง 250กรัม,32,25,เครื่องปรุงอาหาร,-50,8.85025E+12
อายิโนะโมะโต๊ะ ตราถ้วยแดง 500กรัม,59,47,เครื่องปรุงต่างๆ,-11,8.85025E+12
อายิโนะโมะโต๊ะ ตราถ้วยแดง 1กก.,113,90,เครื่องปรุงต่างๆ,-4,8.85025E+12
อายิโนะโมะโต๊ะ พลัส 75 ก.,15,13,ผงชูรส,12,8.85025E+12
อายิโนะโมะโต๊ะ พลัส 210กรัม,35,28,ผงชูรส,10,8.85025E+12
พลัส420ก,69,65,ผงชูรส,3,8.85025E+12
อายิโนะโมะโต๊ะ พลัส 840 กรัม,128,119,ผงชูรส,6,8.85025E+12
รสดี ซุปก๋วยเตี๋ยว เเบบน้ำ 350ก.,28,24.5,เครื่องปรุงต่างๆ,6,8.85025E+12
รสดี ซุปก๊วยเตี๋ยว น้ำข้น 350 กรัม,28,24.5,เครื่องปรุงต่างๆ,6,8.85025E+12
ยำยำขี้เมา30ซอง,172,165.5,เครื่องปรุงอาหาร,6,8.85025E+12
ยำยำต้มยำกุ้ง30ซอง,172,165.5,เครื่องปรุงอาหาร,6,8.85025E+12
อาเช่,15,10,เครื่องสำอาง,49,8.85025E+12
น้ำตาลมิตรผล1000ก,30,26,เครื่องปรุงต่างๆ,200,8.85026E+12
มิตรผล น้ำตาลทรายขาว 105กรัม,5,3,เครื่องปรุงต่างๆ,120,8.85026E+12
มิตรผล น้ำตาลทรายขาว 1กก.,28,25,เครื่องปรุงต่างๆ,120,8.85026E+12
แลตตาซอย 300มล.,12,9.1,เครื่องดื่ม,362,8.85027E+12
แลตตาซอย300มล.,10,8,เครื่องดื่ม,48,8.85027E+12
แลตตาซอยชาเขียว250มล.,10,8,เครื่องดื่ม,48,8.85027E+12
แลตตาซอย500มล.,18,15,เครื่องดื่ม,46,8.85027E+12
แลตตาซอย125มล.,5,4,เครื่องดื่ม,47,8.85027E+12
แลตตาซอยคอลาเจน125มล.,5,4,เครื่องดื่ม,48,8.85027E+12
แลตตาซอยใหญ่,65,55,เครื่องดื่ม,43,8.85027E+12
แลคตาซอยแพคใหญ่,55,50,เครื่องดื่ม,48,8.85027E+12
แลคตาซอยเเพคดล็ก,28,25,เครื่องดื่ม,48,8.85027E+12
แลตตาซอยงาดำ250มล.,12,8,เครื่องดื่ม,48,8.85027E+12
แลคตาซอย350มล,13.5,11.5,เครื่องดื่ม,18,8.85027E+12
บ้านไผ่ หมูหยองกรอบ 70กรัม,60,54,อาหารสำเร็จรูป,120,8.85027E+12
อาท300มล,55,50,กำจัดแมลง,50,8.85027E+12
อาท300มล,55,45,กำจัดแมลง,4,8.85027E+12
อาท600มล,115,104,กำจัดแมลง,47,8.85027E+12
อาท เจ็ท เทอร์ไมท์4 กำจัดปลวก 300มล.,55,50,กำจัดแมลง,116,8.85027E+12
อาท600มล,75,55,กำจัดแมลง,21,8.85027E+12
อาท ลาเวน300มล,55,45,กำจัดแมลง,3,8.85027E+12
อาท100มล.,55,50,กำจัดแมลง,20,8.85027E+12
อาท600มล,60,55,น้ำยาล้างจาน,20,8.85027E+12
อาท เจ็ท พิงค์ 300มล.,55,50,กำจัดแมลง,20,8.85027E+12
อาท,55,50,กำจัดแมลง,20,8.85027E+12
อาท,55,50,กำจัดแมลง,20,8.85027E+12
อาทแร็ทกรู,40,29,กำจัดแมลง,25,8.85027E+12
อาท,20,18,กำจัดแมลง,50,8.85027E+12
เดลี่เฟรช300,40,33,เครื่องสำอาง,2,8.85027E+12
เดลีเฟรช300,40,33,เครื่องสำอาง,4,8.85027E+12
สเปรย์ปลับอากาศ,90,85,เครื่องสำอาง,20,8.85027E+12
สเปรย์ปรับอากาศ,90,85,เครื่องสำอาง,20,8.85027E+12
เดลี่เฟรช กลิ่นลาเวนเดอร์ 60กรัม,29,21,ของใช้ส่วนตัว,1,8.85027E+12
เคลี่เฟรช ไวท์ 150ก.,65,63,ราคาสิินค้า,100,8.85027E+12
เดลี่เฟรช ไวท์ 150ก.,65,63,ราคาสิินค้า,100,8.85027E+12
เดลี่เฟรช กลิ่นส้ม 60กรัม,29,21,ของใช้ส่วนตัว,120,8.85027E+12
ออรัลคิด70ก,40,35,ยาสีฟัน,50,8.85028E+12
ออรัลเมด40ก,25,20,ยาสีฟัน,100,8.85028E+12
ออรัลเมด40ก,25,20,ยาสีฟัน,100,8.85028E+12
OralmedKid ประหยัด,30,24,แปลงฟัน,55,8.85028E+12
เมล็ดฟักทอง,5,4,ขนม+ไอสครีม,17,8.85028E+12
โบโบโร่ เมล็ดทานตะวันอบ 24กรัม,5,3,ขนม+ไอสครีม,120,8.85028E+12
เมล็ดแตงโม,5,3,ขนม+ไอสครีม,99,8.85028E+12
ไก่ย่าง15กรัม,5,4,ขนม+ไอสครีม,16,8.85028E+12
ไก่ย่าง,20,18,ขนม+ไอสครีม,0,8.85028E+12
ผงวุ้น ตรานางเงือก 25กรัม,45,34.5,เครื่องปรุงต่างๆ,19,8.85028E+12
โคฟี่่ ตาลสด 320มล,17,11.5,เครื่องดื่ม,293,8.85029E+12
จั่นทิพย์ 300มล.,15,8,เครื่องดื่ม,12,8.85029E+12
น้ำมะพร้าวจ้่นแก้ว320มล,15,11,ราคาสิินค้า,199,8.85029E+12
คิงส์สเตล่า350มล,85,75,กำจัดแมลง,9,8.8503E+12
คิงส์สเตลล่า 200มล.,50,45,ของใช้ส่วนตัว,50,8.8503E+12
สเปรย์ปรับอากาศ คิงส์สเตลล่า,50,45,ราคาสิินค้า,100,8.8503E+12
สเปรย์ปรับอากาศ,50,40,เครื่องสำอาง,20,8.8503E+12
คิงส์สเตลล่า 200มล.,50,45,ของใช้ส่วนตัว,50,8.8503E+12
คิงส์สเตลล่า 200มล.,50,45,ของใช้ส่วนตัว,50,8.8503E+12
สก็อตช์ไปรต์ แผ่นใยขัด ,15,13,ของใช้ส่วนตัว,16,8.8503E+12
สก๊อตร์ไบรส์,20,18,ของใช้ส่วนตัว,50,8.8503E+12
ขัดหม้อ,45,40,ของใช้ส่วนตัว,100,8.8503E+12
สก็อตช์ไปรต์3ชิ้น,20,15,ของใช้ส่วนตัว,20,8.8503E+12
3Mเน็กซ์เเคร์ 1/2นิ้ว ,20,15,ยา,30,8.8503E+12
ฝอยขัดหม้อ3m,10,8,ของใช้ส่วนตัว,100,8.8503E+12
เมนโทพาสบรรเทาปวด1แผ่น,20,15,ยา,100,8.8503E+12
ปิดแก้ไข้  3m,45,38,ยา,30,8.8503E+12
โรลเลอร์โคสเตอร์,5,4,ขนม+ไอสครีม,20,8.85031E+12
ทิวลี่เล้ก,0,5,ขนม+ไอสครีม,0,8.85031E+12
ทิวลี่วนิลา,5,3,ขนม+ไอสครีม,-6,8.85031E+12
XOกาแฟ,20,18,ขนม+ไอสครีม,10,8.85031E+12
XOคาราเมล,20,18,ขนม+ไอสครีม,20,8.85031E+12
XOชามะนาว,20,18,ขนม+ไอสครีม,10,8.85031E+12
คุกกี้แซนวิชครีม,5,3,ขนม+ไอสครีม,0,8.85031E+12
ฟันโอช็อคโกแลต,5,3,ขนม+ไอสครีม,0,8.85031E+12
ดิวเบอรี่กลิ่นบลู,5,4,ขนม+ไอสครีม,20,8.85031E+12
คุกกี้สตรอเบอรี่36g,5,3,ขนม+ไอสครีม,10,8.85031E+12
ฟันโอช็อกโกแลต 45g,5,4,ขนม+ไอสครีม,120,8.85031E+12
ฟันโอช็อกโกชิพส์,5,4,ขนม+ไอสครีม,31,8.85031E+12
ฟัน-โอ สตรอเบอร์รี่ 45กรัม,5,4,ขนม+ไอสครีม,20,8.85031E+12
ฟันโอสอดไส้,5,3,ขนม+ไอสครีม,22,8.85031E+12
เวเฟอร์สอดไส้ครีมรสช็อกโกแลต คารเมล ข้าวพอง ตราทิวลี่บิ๊กแบง,5,4,ราคาสิินค้า,131,8.85031E+12
เวเฟอร์สอดไส้ครีมรสช็อกโลแลต(กล่อง),0,49,ขนม+ไอสครีม,0,8.85031E+12
ทิวลี่ ทวิน จัมโบ้ ซ็อคโกเเลต 38กรัม,5,4,ขนม+ไอสครีม,20,8.85031E+12
ทิวลี่สติ๊ก สตอเบอร์รี่ ,5,4,ขนม+ไอสครีม,12,8.85031E+12
ทิวลี่สติ๊กช็อคโกแลต,5,3,ขนม+ไอสครีม,1,8.85031E+12
ฟันโอ 13.5กรัม,2,1,ราคาสิินค้า,120,8.85031E+12
ทิวลี่สติ๊ก ข้าวโพด,5,4,ขนม+ไอสครีม,12,8.85031E+12
ดิวเบอรี่กีวี่แอปเปิ้ล,5,4,ขนม+ไอสครีม,15,8.85031E+12
ฟัน-โอ ซ็อคโกเเลตใส่ครีม 45กรัม,5,3,ขนม+ไอสครีม,120,8.85031E+12
ฟัน-โอ วานิลลา 45กรัม,5,3,ขนม+ไอสครีม,118,8.85031E+12
ฟัน-โอ คุกกี้&ครีม 45กรัม,5,3,ขนม+ไอสครีม,120,8.85031E+12
คุกกี้ช็อคโกแลตชาเขียว,5,3,ขนม+ไอสครีม,10,8.85031E+12
ฟัน-โอ คุกกี้ ไวท์ซ็อคโกเเลต & บราวนี่ 45กรัม,5,3,ขนม+ไอสครีม,118,8.85031E+12
ทิวลี่ริช ช็อกโกแลต 22กัรม,5,4,ราคาสิินค้า,120,8.85031E+12
ทิวลี่สอดไส้คุกกี้กรอบ,5,4,ราคาสิินค้า,132,8.85031E+12
ฟัน-โอ อิโมจิ ไส้ครีม 45กรัม,5,3,ขนม+ไอสครีม,120,8.85031E+12
ดิวเบอร์รี่ กลิ่นมิกเบอร์รี่ 27กรัม,5,4,ราคาสิินค้า,120,8.85031E+12
ทิวลี่ทวินจัมโบ้ กลิ่นสตอเบอร์รี่ ,5,4,ราคาสิินค้า,120,8.85031E+12
ฟัน-โอ ตาราเมล&ป๊อปคอร์น 45กรัม,5,3,ขนม+ไอสครีม,12,8.85031E+12
ดิวเบอร์รี่ ครีมเเตงโม&เลมอน 36กรัม,5,3,ขนม+ไอสครีม,119,8.85031E+12
โลซาน มะพร้าว&ใบเตย 30กรัม,5,3,ขนม+ไอสครีม,118,8.85031E+12
ดิวเบอร์รี่รสส้ม 27กรัม,5,4,ราคาสิินค้า,120,8.85031E+12
ทิวลี่บิ๊กบอม 20กรัม,5,3.92,ขนม+ไอสครีม,12,8.85031E+12
แป้งทอดกรอบ ยูเอฟเอ็ม,35,30,เครื่องปรุงต่างๆ,20,8.85031E+12
เกล็ดขนมปัง200ก,25,19,เครื่องปรุงต่างๆ,6,8.85031E+12
เมจิผลไม้รวม,15,10,เครื่องดื่ม,40,8.85033E+12
เมจิมะพร้าว,15,10,เครื่องดื่ม,48,8.85033E+12
เมจิเบอรี่,15,10,เครื่องดื่ม,40,8.85033E+12
เมจิม่วง,10,0,เครื่องดื่ม,0,8.85033E+12
เมจิเขียว155มล.,10,0,เครื่องดื่ม,0,8.85033E+12
เมจิส้ม155มล.,10,0,เครื่องดื่ม,0,8.85033E+12
แป้งชุบทอดอิมพิเรียล,12,10,เครื่องปรุงต่างๆ,20,8.85033E+12
เบตาดีน 15cc.,30,25,ยา,30,8.85034E+12
ชาวเวอร์ๆมอร์นิ่งเฟรช100กรัม                 ,25,23,แป้ง,20,8.85034E+12
ชาวเวอร์ๆมอร์นิ่งเฟรช150กรัม,35,30,แป้ง,20,8.85034E+12
ชาวเวอร์  150ก,35,28,แป้ง,100,8.85034E+12
แป้งชาวเวอร์100กรัม,25,20,แป้ง,30,8.85034E+12
ชาวเวอร์ชมพู,55,50,แป้ง,0,8.85034E+12
เดนทีน,5,3,ขนม+ไอสครีม,10,8.85034E+12
ฮอลล์,5,4,ขนม+ไอสครีม,20,8.85034E+12
ฮอลล์ เอ็กซ์เอส เมนโท 12ก.,29,20,ขนม+ไอสครีม,12,8.85034E+12
ฮอลล์ เอ็กซ์เอส เเตงโม 12ก.,29,20,ขนม+ไอสครีม,12,8.85034E+12
ฮอลล์ xs สตรอว์เบอร์รี 9ก.,10,7,ขนม+ไอสครีม,12,8.85034E+12
แกป้งทอดกรอบสูตรกอบฟู,37,33,เครื่องปรุงต่างๆ,20,8.85034E+12
แป้งทอดกรอบ,35,30,เครื่องปรุงอาหาร,0,8.85034E+12
เหรียญทอง เเป้งข้าวโพด 1kg,35,27.5,เครื่องปรุงต่างๆ,17,8.85034E+12
เหรียญทองคู่ เเป้งข้าวโพด 500 กรัม,25,19,เครื่องปรุงต่างๆ,3,8.85034E+12
แป้งข้าวจ้าวหยก1/2ก,20,15,เครื่องปรุงต่างๆ,19,8.85034E+12
แป้งข้าวเหนียว 1กก.,40,35,อาหารสำเร็จรูป,100,8.85034E+12
ใบหยกเหนียว500ก,20,17,เครื่องปรุงต่างๆ,49,8.85034E+12
ไฮนซ์ ซอสพริก 300ก.,25,25,เครื่องปรุงต่างๆ,6,8.85034E+12
ไฮนซ์ ซอสมะเขือเทศ 300ก.,25,25,เครื่องปรุงต่างๆ,4,8.85034E+12
ไฮนซ์ ซอสพริกศรีราชา 300ก.,25,25,เครื่องปรุงต่างๆ,4,8.85034E+12
ไฮนช์-ซอสพริกศรีราชา600มล,39,34,เครื่องปรุงต่างๆ,10,8.85034E+12
น้ำจิ้มสุรีย์370มล,35,25,เครื่องปรุงอาหาร,50,8.85034E+12
น้ำจิ้มสุรีย์335ก,35,25,เครื่องปรุงอาหาร,50,8.85034E+12
กะทิพร้าวหอม1000มล.,65,60,เครื่องปรุงต่างๆ,20,8.85034E+12
กะทิพร้าวหอม250มล.,22,20,เครื่องปรุงต่างๆ,20,8.85034E+12
ดอกบัวคู่ สูตรดั้งเดิม 100กรัม,35,29,ยาสีฟัน,6,8.85035E+12
ดอกบัวคู่100กรัม,30,21,ยาสีฟัน,13,8.85035E+12
ดอกบัวคู่40กรัม,13,10,ยาสีฟัน,15,8.85035E+12
ดอกบัวคู่คิด35ก,30,25,ยาสีฟัน,50,8.85035E+12
ดอกบัวคู่150ก,55,50,ยาสีฟัน,48,8.85035E+12
ดอกบัวคุ้150ก,50,45,ยาสีฟัน,50,8.85035E+12
ดอกบัวคู่30กรัม,15,10.75,ยาสีฟัน,19,8.85035E+12
ดอกบัวคู่แพคคู่,20,16,ยาสระผมครีมนวด,50,8.85035E+12
ดอกบัวคู่แชมพูแพคคู่,20,16,ยาสระผมครีมนวด,50,8.85035E+12
ดอกบัวคู่,25,20,แปลงฟัน,20,8.85035E+12
แป้งข้าวโพด200ก,30,25,เครื่องปรุงต่างๆ,20,8.85036E+12
เบคกิ้งโซดา300ก,35,30,เครื่องปรุงอาหาร,50,8.85036E+12
เดทตอล105ก,15,12,สบู่,100,8.85036E+12
เดทตอล105ก,15,12,สบู่,99,8.85036E+12
เดทตอล105ก,15,10,สบู่,100,8.85036E+12
ชิลด์ทอกซ์300มล,55,46,กำจัดแมลง,50,8.85036E+12
แวนิช,12,10,ผงซักผ้า,100,8.85036E+12
เดทตอล ออร่า125ก,45,40,สบู่,100,8.85036E+12
เดทคอล โกล,15,10,สบู่,0,8.85036E+12
สเตร็ปซิล8เม็ด,30,25,ยา,50,8.85036E+12
ชิลด์ท้อกช์300มล,60,50,กำจัดแมลง,6,8.85036E+12
ชิลลด์ท้อกซ์ 600 ml,0,80,ราคาสิินค้า,100,8.85036E+12
ชิลด์ท้อกซ์ เพาเวอร์การ์ด 300 ml,55,50,กำจัดแมลง,100,8.85036E+12
ซิลด์ท้อกซ์600มล,75,55,กำจัดแมลง,20,8.85036E+12
ชิวล์ม็อกซ์,60,55,ของใช้ส่วนตัว,0,8.85036E+12
แวนิช30กรัม,12,10,ผงซักผ้า,20,8.85036E+12
สเตร็ปซิล น้ำผิ้งมะนาว 3ม.,15,13,ยา,20,8.85036E+12
สเตร็ปซิว ออเรนจ์ 3ม.,13,11,ยา,19,8.85036E+12
สเตร็ปซิล คลู 3ม.,15,13,ยา,19,8.85036E+12
ชาวเกาะ กะทิ 250มล.,28,25,เครื่องปรุงต่างๆ,5,8.85037E+12
กะทิชาวเกาะ1000มล.,82,77,กระทิ,3,8.85037E+12
กระทิชาวเกาะ500มล,49,47,กระทิ,3,8.85037E+12
ชาวเกาะ กะทิ 150มล.,19,16.25,เครื่องปรุงต่างๆ,6,8.85037E+12
เเม่พลอย เเมงดา 3ซม.,20,15,เครื่องปรุงอาหาร,19,8.85037E+12
ฟิตเน่ ออริจินอล 9.4ก.,23,18,กาแฟ,6,8.85037E+12
ฟิตเน่ เก็กฮวย 9.4ก.,27,21,กาแฟ,4,8.85037E+12
ฟิตเน่ ชาเขียว 9.4ก.,27,20,กาแฟ,5,8.85037E+12
ฟิตเน่แบลคเคอร์แรนท์,27,20,กาแฟ,20,8.85037E+12
ฟิตเน่ลิ้นจี้,27,20,กาแฟ,20,8.85037E+12
ต้นสน40ก,9,7.2,วุ้นเส้น,8,8.85037E+12
ต้นสน 80ก,15,12,วุ้นเส้น,8,8.85037E+12
ต้นไผ่70ก,10,5,วุ้นเส้น,10,8.85037E+12
"สไปร์ิิBK0.275,มล",35,26,ราคาสิินค้า,198,8.85038E+12
สปายคลาสสิค 275 มล.,35,26,เครื่องดื่ม,38,8.85038E+12
สปายแดง 275 มล.,35,26,เครื่องดื่ม,42,8.85038E+12
SPY COCKTAIL 0.275ลิตร,35,26,เครื่องดื่ม,98,8.85038E+12
สปายไหมไทย275มล,35,26,ราคาสิินค้า,194,8.85038E+12
สุขุม สลัดครีม 110ซม.,27,22.5,เครื่องปรุงอาหาร,12,8.85038E+12
น้ำพริกสวรรค์,25,20,อาหารสำเร็จรูป,50,8.85038E+12
น้ำพริกปลาย่าง,20,15,อาหารสำเร็จรูป,50,8.85038E+12
ยูนิฟสีชมพู,10,8,เครื่องดื่ม,48,8.85039E+12
ยูนีฟยัมเบอรี่แพค,25,20,เครื่องดื่ม,48,8.85039E+12
ยูนิฟสีส้ม,10,8,เครื่องดื่ม,0,8.85039E+12
ยูนีฟส้มแพค,25,20,เครื่องดื่ม,48,8.85039E+12
ยูนิฟสีม่วง,10,8,เครื่องดื่ม,48,8.85039E+12
ยูนีฟแครทม่วง,25,20,เครื่องดื่ม,48,8.85039E+12
ยูนิฟผลไม้รวมผักเขียว,27,20,เครื่องดื่ม,48,8.85039E+12
เซ็ปเป้บิ้วติ้คลอคาเจน,20,15,เครื่องดื่ม,-1,8.85039E+12
เซ็ปเป้ บิวติ ดริ้งค์ บิวติอายส์365มล.,20,0,เครื่องดื่ม,22,8.85039E+12
กุทิลิ้นจี่มะพร้าว,15,10,เครื่องดื่ม,-3,8.85039E+12
กุมิกุมิ เลมอน 320มล,15,12,เครื่องดื่ม,50,8.85039E+12
กุทิเลม่อน,15,10,เครื่องดื่ม,0,8.85039E+12
เซ็ปเป้สีส้ม,20,15,เครื่องดื่ม,0,8.85039E+12
เซ็ปเป้บิ้วตี้ดิ้งสีฟ้า,20,15,เครื่องดื่ม,0,8.85039E+12
คอฟฟี่เพรียว,5,4,กาแฟ,44,8.85039E+12
เพียว ออริจินัล มีโครเมียม 24ซอง,99,78,กาแฟ,120,8.85039E+12
เพียว,5,3,กาแฟ,10,8.85039E+12
เพียว คลอโรฟิลล์ ไม่มีน้ำตาล 24ซอง,99,78,กาแฟ,120,8.85039E+12
ชาชักเพรียว,7,4,กาแฟ,84,8.85039E+12
กุมิ องุ่น 135g.,10,7.9,ขนม+ไอสครีม,6,8.85039E+12
กุมิ ลิ้นจี่ 135ก.,10,7.9,ขนม+ไอสครีม,6,8.85039E+12
กุมิ โยเกิร์ต 135ก.,10,7.9,เครื่องดื่ม,6,8.85039E+12
กุมิ มิกซ์เบอร์รี่ 135ก.,10,7.9,เครื่องดื่ม,6,8.85039E+12
ครูเพ็ญศรี เผ็ด 19.2กรัม,10,8,ขนม+ไอสครีม,120,8.85039E+12
กุมิ สตรอเบอร์รี่ โยเกิร์ต 135ก.,10,7.9,เครื่องดื่ม,6,8.85039E+12
บิวติสริน เพิ่มคอลลาเจน 24ซอง,99,78,กาแฟ,120,8.85039E+12
บิวติสริน มะรุม 20ซอง,99,78,กาแฟ,120,8.85039E+12
บิวติสริน ซิงค์ มก. 24ซอง,99,78,กาแฟ,120,8.85039E+12
บิวติสริน ผสมโสม 24ซอง,99,81,กาแฟ,120,8.85039E+12
บีทาเก้น นมเปรี้ยว 300มล.,20,18,เครื่องดื่ม,110,8.85039E+12
เบอรีน่าA1 สีดำ,35,26,น้ำยาปรับผ้านุ่ม,14,8.8504E+12
เบอรีน่าA2สีน้ำตาลเข้ม,35,30,น้ำยาปรับผ้านุ่ม,19,8.8504E+12
เบอรีน่าA3,35,27,เครื่องสำอาง,49,8.8504E+12
เบอร์ริน่า A9 สีเเดงโกเมน,55,48,ราคาสิินค้า,120,8.8504E+12
เบอริน่า สีม่วง,55,48,ราคาสิินค้า,12,8.8504E+12
เบอริน่า สีน้้ำตาลทอง,55,48,ราคาสิินค้า,12,8.8504E+12
เบอริน่า สีบลอนด์แดงประกายม่วง,55,48,ราคาสิินค้า,12,8.8504E+12
เบอริน่า สีน้ำตาลเข้มประกายม่วง,55,48,ราคาสิินค้า,10,8.8504E+12
เบอริน่า สีสว่าง,55,48,ราคาสิินค้า,11,8.8504E+12
เบอริน่า สีบลอนด์,55,48,ราคาสิินค้า,12,8.8504E+12
เบอริน่า สีบลอนด์ประกายทอง,55,48,ราคาสิินค้า,12,8.8504E+12
เบอริน่า สีส้มทอง,55,48,ราคาสิินค้า,12,8.8504E+12
เบอริน่า สีแดงทับทิม,55,48,ราคาสิินค้า,12,8.8504E+12
เบอริน่า สีเทาอ่อน60ก,50,39,เครื่องสำอาง,20,8.8504E+12
เบอริน่า สีบลอนด์กลาง,55,48,ราคาสิินค้า,12,8.8504E+12
เบอริน่า สีแดงสด,55,48,ราคาสิินค้า,12,8.8504E+12
เบอริน่า สีบานเย็น,55,48,ราคาสิินค้า,12,8.8504E+12
เบอริน่า สีบลอนด์อ่อน,55,48,ราคาสิินค้า,12,8.8504E+12
เบอริน่า บลอนดฺ์อ่อนประกายทอง60ก,50,39,เครื่องสำอาง,20,8.8504E+12
เบอริน่า สีบลอนด์เข้มประกายทอง,55,48,ราคาสิินค้า,12,8.8504E+12
เบอริน่า สีบลอนด์อ่อนประกายทองเหลือบทอง,55,48,ราคาสิินค้า,12,8.8504E+12
เบอริน่า สีบลอนด์อ่อนประกายหม่น,55,48,ราคาสิินค้า,12,8.8504E+12
เบอริน่า สีบลอนด์ประกายหม่นเขียว,55,48,ราคาสิินค้า,12,8.8504E+12
เบอริน่า สีบลอนด์อ่อนประกายหม่นเขียว,55,48,ราคาสิินค้า,12,8.8504E+12
เบอริน่า สีน้ำเงิน,55,48,ราคาสิินค้า,12,8.8504E+12
เบอริน่า สีน้ำตาลอ่อนเหลือบทอง,55,48,ราคาสิินค้า,12,8.8504E+12
เบอริน่า สีน้ำตาลอ่อนประกายหม่นเหลือบเขียว,55,48,ราคาสิินค้า,12,8.8504E+12
เบอริน่า F4,60,55,เครื่องสำอาง,0,8.8504E+12
เบอริน่า F5,60,55,เครื่องสำอาง,0,8.8504E+12
ไม้กวาด ดอกหญ้า,45,38,ของใช้ส่วนตัว,100,885040
วุ้นเส้นสายฝน22กรัม,5,3.5,อาหารสำเร็จรูป,190,8.8504E+12
วุ้นเส้นเล็ก,6,5,เครื่องปรุงอาหาร,173,8.8504E+12
วุ้นเส้นสายฝน,13,9.75,อาหารสำเร็จรูป,14,8.8504E+12
วุ้นเส้นถั่วเขียวตราสายฝน200กรัม,29,24,วุ้นเส้น,198,8.8504E+12
วุ้นเส้นสายฝน500ก,62,55,ราคาสิินค้า,20,8.8504E+12
ครูเซ็ท น้ำตาลแดง,65,60,เครื่องสำอาง,10,8.85041E+12
ครูเซ็ท น้ำตาลเข้ม,65,60,เครื่องสำอาง,10,8.85041E+12
ตอรปิโด,5,4,ขนม+ไอสครีม,20,8.85041E+12
FF บะหมี่ก้อน 900กรัม,55,49,อาหารสำเร็จรูป,12,8.85041E+12
ช็อตไก่แซ่บ,3,1,ขนม+ไอสครีม,100,8.85041E+12
ทุเรียนมากิ,20,15,ขนม+ไอสครีม,0,8.85041E+12
ช็อคยำสาหร่าย,3,1,ขนม+ไอสครีม,100,8.85041E+12
เอฟเอฟมะเขือเทศ,5,4,ขนม+ไอสครีม,20,8.85041E+12
ดินสอเขียนคิ้ว,20,11,เครื่องสำอาง,50,8.85042E+12
สีทาเล็บ,29,25,เครื่องสำอาง,0,8.85042E+12
น้ำหวาน กลิ่น มะลิ ,45,40,เครื่องดื่ม,120,8.85042E+12
น้ำหวาน กลิ่น สับปะรด ,45,40,เครื่องดื่ม,120,8.85042E+12
เฮลซ์บลูบอยดรีมโวดา 710มล.,45,40,เครื่องดื่ม,12,8.85042E+12
เฮลซ์บลูบอยสละ 710มล.,65,56,เครื่องดื่ม,92,8.85042E+12
คอป17กรัม,5,3,ขนม+ไอสครีม,96,8.85042E+12
ทวิสโก้17กรัม,5,4,ขนม+ไอสครีม,20,8.85042E+12
ทวิสโก้68กรัม,20,18,ขนม+ไอสครีม,20,8.85042E+12
คอปป,25,20,ขนม+ไอสครีม,20,8.85042E+12
ปีโป้แพค,25,20,เครื่องดื่ม,17,8.85043E+12
ครีโก้ ครีมคัสตาร์ด,5,4,ราคาสิินค้า,120,8.85043E+12
ไมล์ดี้,25,20,ขนม+ไอสครีม,0,8.85043E+12
กัสเซ็น2ก,5,4,ราคาสิินค้า,212,8.85043E+12
กัสเซ็นรสนม,5,4,ขนม+ไอสครีม,55,8.85043E+12
ไมล์,25,20,ขนม+ไอสครีม,0,8.85043E+12
ยูโร่ช็อกโกพาย,5,4,ขนม+ไอสครีม,20,8.85043E+12
ปีโป้แพ็คใหญ่,25,20,เครื่องดื่ม,45,8.85043E+12
ปีโป้กัมมี่,5,3,ขนม+ไอสครีม,10,8.85043E+12
ปีโป้ กัมมี้ องุ่น,5,4,ขนม+ไอสครีม,12,8.85043E+12
ปีโป้ กัมมี้ โคล่า,5,4,ขนม+ไอสครีม,12,8.85043E+12
ยูโร่ครีมใบเตย,5,4,ขนม+ไอสครีม,15,8.85043E+12
ช็อกโกแลตและซีเรียล ตราปักกิ่ง 25กรัม,5,4,ขนม+ไอสครีม,12,8.85043E+12
ยู่โร่กล้วยหอม,5,3,ขนม+ไอสครีม,10,8.85043E+12
กัสเซ็นสตอเบอรี่,5,4,ขนม+ไอสครีม,212,8.85043E+12
ปักกิ่ง,5,3,ขนม+ไอสครีม,10,8.85043E+12
ปักกิ่ง,5,3,ขนม+ไอสครีม,100,8.85043E+12
เอลเซ่,3,1,ขนม+ไอสครีม,10,8.85043E+12
เอลเซ่ช็อคโกแลต,3,1,ขนม+ไอสครีม,10,8.85043E+12
ปีโป้เยลลี่เชค องุ่น 230มล.,10,0,เครื่องดื่ม,23,8.85043E+12
ปีโปเยลลี่เชค สตรอเบอร์รี่ 230มล.,10,0,เครื่องดื่ม,23,8.85043E+12
ยู่โร่เมล่อน,5,3,ขนม+ไอสครีม,10,8.85043E+12
ยูโร่ครีมคาปูชิโน่ 17กรัม,5,4,ราคาสิินค้า,120,8.85043E+12
แซมมี่ 100 ก้าน,20,15,ราคาสิินค้า,100,8.85043E+12
สำลีก้านแซมมี่,20,15,น้ำยาปรับผ้านุ่ม,19,8.85043E+12
การ์นิเย่(ครีม)7มล.,20,15,เครื่องสำอาง,0,8.85043E+12
การ์นิเย่ ไวท์อัพ,25,20,เครื่องสำอาง,117,8.85043E+12
การ์นิเย่ เอจเลส เรเดี้ยน โปร-คอล 7.มล,29,20,เครื่องสำอาง,47,8.85043E+12
การ์นิเย่ ซากุระ ไวท์ โทน อัพ 7มล.,25,20.84,เครื่องสำอาง,47,8.85043E+12
ลอริออ7มล,35,30,เครื่องสำอาง,52,8.85043E+12
การ์นิเย่ ซากุระ โกลว์ ไฮยา 7มล.,25,18,เครื่องสำอาง,47,8.85043E+12
กานีเย่ ยูวี7มล,25,19,ราคาสิินค้า,199,8.85043E+12
การ์นิเย้ วิตามินซี7.5มล,39,34,เครื่องสำอาง,196,8.85043E+12
การ์นิเย่ สกิน แนทเชอรัลส์ เอจเลส ไวท์ 7.5มล.,39,35,ราคาสิินค้า,45,8.85043E+12
การ์นิเย่ ยูวี สปอต-พรูฟ 7มล.,25,19,เครื่องสำอาง,120,8.85043E+12
การ์นิเย่ สนิก แนทเชอรัลส์ ซากุระ ไวท์ 7.5 มล.,29,25,ราคาสิินค้า,47,8.85043E+12
กานิเย่ยูวี,25,20,ราคาสิินค้า,0,8850434213581d
กานิเย่เทอร์โบ,20,15,ราคาสิินค้า,0,8.85043E+12
การ์นิเย่ เมน เทอร์โบไบรท์ 7ml,20,15.84,เครื่องสำอาง,4,8.85043E+12
การ์นิเย่ เมน เเอคโนไฟท์ เซรั่ม 7ml,20,15.34,เครื่องสำอาง,4,8.85043E+12
แป้งสาลี ลูกศรฟ้า,35,30,เครื่องปรุงต่างๆ,19,8.85045E+12
ป็อปช็อควานิลา,15,10,ขนม+ไอสครีม,-13,8.85045E+12
ช็อคป็อปช็อคโกแลต,15,10,ขนม+ไอสครีม,-5,8.85045E+12
เอสกี้โคล่าแท่ง38ก,5,3,ขนม+ไอสครีม,-8,8.85045E+12
ไมโล,10,8,ขนม+ไอสครีม,-2,8.85045E+12
เอสกิโม มังค์กี้,8,5,ขนม+ไอสครีม,40,8.85045E+12
ไมโลแม็กมา,12,10,ขนม+ไอสครีม,16,8.85045E+12
เอสกี้ ผีเสื้อ แท่ง,10,8,ขนม+ไอสครีม,95,8.85045E+12
เอสกี้ เพาเวอร์ มิสไซส์ แท่ง,10,7.48,ขนม+ไอสครีม,22,8.85045E+12
เอสกี้ เอ็กซ์ตร้าเทอร์โบ แท่ง,10,7.48,ขนม+ไอสครีม,16,8.85045E+12
ช๊อกโกแลตชิพ55ก,15,10,ขนม+ไอสครีม,49,8.85045E+12
โลแลน20มล,15,12,ยาสระผมครีมนวด,50,8.85046E+12
โลแลน20มล,15,12,ยาสระผมครีมนวด,50,8.85046E+12
โลแลน อินเทนซ์15ก,10,8,ยาสระผมครีมนวด,50,8.85046E+12
โลแลน ซีคูล15ก,150,140,เครื่องสำอาง,50,8.85046E+12
พาสเทล พีช 100มล,70,60,เครื่องสำอาง,50,8.85046E+12
โลแลน ชมพูอ่อน,70,65,น้ำยาปรับผ้านุ่ม,50,8.85046E+12
โลแลน ซีคูล,150,140,เครื่องสำอาง,50,8.85046E+12
โลแลน อินเทนซ์15ก,10,8,ยาสระผมครีมนวด,50,8.85046E+12
โลแลนอินเท็รแคร์,10,8,ยาสระผมครีมนวด,50,8.85046E+12
โลแลน อินเทนซ์ ปกป้องผมทำสี 15ก.,10,9,ยาสระผมครีมนวด,20,8.85046E+12
โลแลน อินเทนซ์20มล,10,8,ยาสระผมครีมนวด,50,8.85046E+12
โลแลนพิเชล สีเทา,65,60,น้ำยาปรับผ้านุ่ม,20,8.85046E+12
โลแลนพิกเซลP21,65,60,เครื่องสำอาง,0,8.85046E+12
โลแลนพิกเซลP19,65,60,เครื่องสำอาง,0,8.85046E+12
โลเลนพิกเซล บลอนด์อ่อนมาก,65,60,เครื่องสำอาง,10,8.85046E+12
โลเลนพิกเซล ช็อคโกเเล็ตเข้ม,65,60,น้ำยาปรับผ้านุ่ม,10,8.85046E+12
โลเลนพิกเซล น้ำตาลอ่อน,65,60,เครื่องสำอาง,10,8.85046E+12
โลเลนพิกเซล น้ำตาล,65,60,เครื่องสำอาง,10,8.85046E+12
โลเลนพิกเซล น้ำตาลเข้ม,65,60,เครื่องสำอาง,9,8.85046E+12
แผ่นชาโคลคูล,40,35,ราคาสิินค้า,0,8.85046E+12
แซนนิต้า8ชิ้น,29,25,น้ำยาปรับผ้านุ่ม,20,8.85046E+12
ซีเล็ค,20,16,พลาสติก,19,8.85047E+12
ชีเล็ค93มล,20,17,ปลากระป๋อง,86,8.85047E+12
ซีเล็ค,17,10,พลาสติก,18,8.85047E+12
อาหารกระต่าย1กก,55,37,อาหารสัตว์,3,8.85048E+12
Me-o แซลมอน400ก,55,46,อาหารปลา,4,8.85048E+12
อาหารกระต่าย1กก,50,40,อาหารสัตว์,3,8.85048E+12
ซอยแคท-แมวโต,55,46,อาหารแมว,2,8.85048E+12
มีโอ อาหารเเมว ปลาทู 450g.,65,60,อาหารแมว,2,8.85048E+12
Me-o ปลาทะเล400ก,55,46,อาหารปลา,3,8.85048E+12
มีโอ อาหารเเมว ซีฟู้ด 450g.,65,60,อาหารแมว,2,8.85048E+12
มีโอ อาหารเเมว ปลาทูน่า 450g.,65,60,อาหารสัตว์,2,8.85048E+12
MeO อาหารแมว400ก,55,46,อาหารปลา,4,8.85048E+12
meridian,520,490,เครื่องดื่ม,2,8.85049E+12
meridian,255,235,เครื่องดื่ม,3,8.85049E+12
KULOV,35,30,เครื่องดื่ม,0,8.85049E+12
สาโทซ่า เลม่อน-ไลม์ 320มล.,35,26.5,เครื่องดื่มแอลกอฮอ,3,8.85049E+12
สาโทซ่า โคล่า 320มล.,35,26.5,เครื่องดื่มแอลกอฮอ,3,8.85049E+12
น้ำพริกเผาตราแม่ประนอม57กรัม,22,17.75,เครื่องปรุงอาหาร,96,8.85049E+12
พริกเผาแม่ประนอม114ก,37,32,เครื่องปรุงอาหาร,48,8.85049E+12
น้ำพริกเผาตราแม่ประนอม228กรัม,55,40,เครื่องปรุงอาหาร,19,8.85049E+12
น้ำจิ้มไก่ตราแม่ประนอม260กรัม,30,25,เครื่องปรุงอาหาร,12,8.85049E+12
น้ำจิ้มไก่ตราแม่ประนอม390กรัม,36,31,เครื่องปรุงอาหาร,18,8.85049E+12
ไฮคิว ปลาเเมคเคอเรล 155ก.,20,17,ปลากระป๋อง,55,8.85051E+12
โรซ่า 155ก.,20,15,อาหารสำเร็จรูป,176,8.85051E+12
โรซ้า190ก,25,20,ปลากระป๋อง,3,8.85051E+12
โรซ่า ปลาทอดราดพริก150ก,30,25,ปลากระป๋อง,11,8.85051E+12
โรซ่า,20,17.5,ปลากระป๋อง,6,8.85051E+12
โรซ๋า ซอสมะเขือเทศ 300ก.,27,22,เครื่องปรุงต่างๆ,3,8.85051E+12
ซอสมะเขือเทศโรซ่า 200กรัม,17,14,เครื่องปรุงต่างๆ,4,8.85051E+12
ซอสพริกโรซา 300ก.,27,22,เครื่องปรุงอาหาร,3,8.85051E+12
โรซ่า ซอสพริก 200กรัม,15,12,เครื่องปรุงต่างๆ,3,8.85051E+12
ซอสพริกโรซ่า250กรัม,25,20,เครื่องปรุงอาหาร,20,8.85051E+12
ซอสมะเขือเทศโรซ่า500กรัม,45,40,เครื่องปรุงอาหาร,20,8.85051E+12
ซอสพริกโรซ่า500กรัม,45,40,เครื่องปรุงอาหาร,20,8.85051E+12
โรซ่า ผักกาดดองเค็ม 111กรัม,19,13,อาหารสำเร็จรูป,0,8.85051E+12
โรซ่า ผักกาดดองเผ็ดหวาน 145ก.,17,12,อาหารสำเร็จรูป,4,8.85051E+12
โรซ่า ยำผักกาดดอง 145ก.,17,12,อาหารสำเร็จรูป,4,8.85051E+12
ออด๊าซ สีดำ,30,25,น้ำยาปรับผ้านุ่ม,19,8.85051E+12
ออด๊าซ แมคสไตล์ลิ่ง เยล 50กรัม,25,16,เครื่องสำอาง,6,8.85051E+12
ออด๊าซ20มล.,39,35,แป้ง,20,8.85051E+12
เอ.ดี. เงาะในน้ำเชื่อม 565กรัม,45,38,อาหารสำเร็จรูป,120,8.85053E+12
ดีเค,14,12,ปลากระป๋อง,153,8.85053E+12
วุ้นมะพร้าวผสมถั่วแดง,35,30,เครื่องดื่ม,46,8.85053E+12
มองเล่ย่ะ,25,20,เครื่องสำอาง,50,8.85053E+12
ATK ก้อนดับกลิ่น,25,20,อาหารปลา,55,8.85054E+12
ATM ก้อนดับกลิ่น,25,20,ของใช้ส่วนตัว,55,8.85054E+12
ก้อนดับกลิ่น,15,10,ของใช้ส่วนตัว,20,8.85054E+12
ATM กำจัดกลิ่น45ก,12,9.5,กำจัดแมลง,-1,8.85054E+12
ลูกเหม็น,10,8,ของใช้ส่วนตัว,20,8.85054E+12
น้ำปลาทิพรส300มล.,17,13,น้ำปลา,173,8.85055E+12
น้ำปลาทิพรส 700มล.,32,28,น้ำปลา,105,8.85055E+12
ทิพรส น้ำส้ม700มล,22,17,น้ำส้มสายชู,6,8.85055E+12
น้ำปลาทิพรสชมภู700มล,23,19,เครื่องปรุงต่างๆ,50,8.85055E+12
เอสพี ห้องเย็น 155ก,10,8,ปลากระป๋อง,12,8.85056E+12
ไม้จิ้มฟันตราอินโน,10,8,น้ำยาปรับผ้านุ่ม,99,8.85057E+12
ไม้จิ้มฟันบีบีแบมบู,10,8,น้ำยาปรับผ้านุ่ม,20,8.85057E+12
ไม้จิ้มฟัน28กรัม,10,8,น้ำยาปรับผ้านุ่ม,19,8.85057E+12
Heineken320มล.,38,35,เครื่องดื่ม,0,8.85057E+12
เบงเบง,5,4,ขนม+ไอสครีม,5,8.85058E+12
โกบิโก้รสเข้ม240มล.,13,10,เครื่องดื่ม,48,8.85058E+12
โกบิโก้รสกลมกล่อม240 มล.,13,10,เครื่องดื่ม,47,8.85058E+12
หยก250มล.,16,12,น้ำมันพืช,185,8.85058E+12
หยก500มล,30,25,น้ำมันพืช,79,8.85058E+12
หยก 1ลิตร,50,44,น้ำมันพืช,-35,8.85058E+12
หยก,99,94,น้ำมันพืช,176,8.85058E+12
เชสท์ มาการีน เนยสด 150ก.,35,27.25,เครื่องปรุงต่างๆ,2,8.85058E+12
กีกเลี้ยงใหญ่,45,40,สบู่,0,8.8506E+12
สบู่ก๊กเลี้ยง 90 กรัม,30,25,สบู่,20,8.8506E+12
กีกเลี๊ยง100กรัม,35,30,ยาสีฟัน,20,8.8506E+12
อีโน รสส้ม 4.3ก.,14,12,ยา,24,8.85062E+12
อีโนมะนาว 4.3ก.,14,12,ยา,30,8.85062E+12
ถุงมือ วีเท็คซ์10ชิ้น,35,29,ของใช้ส่วนตัว,6,8.85062E+12
ทิพย์นิยม160กรัม,38,30,ยาสีฟัน,16,8.85062E+12
ทิพย์นิยม40กรัม,15,12,ยาสีฟัน,18,8.85062E+12
ทิพย์นิยม,30,25,ราคาสิินค้า,0,8.85062E+12
น้ำปลาตราปลาหมึก280มล.,18,15,อาหารสำเร็จรูป,15,8.85062E+12
น้ำปลาแท้ตราประหมึก,33,28,น้ำปลา,16,8.85062E+12
น้ำปลาแท้ ตราปลาหมึก 60มล.,8,6,น้ำปลา,10,8.85062E+12
น้ำปลาแท้ตราปลาหมึก,25,20,น้ำปลา,18,8.85062E+12
น้ำปลาปลาหมึก280มล,17,14,น้ำปลา,49,8.85062E+12
กาโตะลิ้นจี่ 320กรัม,10,0,เครื่องดื่ม,24,8.85062E+12
กาโตะสตรอเบอรี่320 ก.,10,8,เครื่องดื่ม,-3,8.85062E+12
กาโตะเมลอน 320กรัม,10,0,เครื่องดื่ม,24,8.85062E+12
ฟรุตซีพลัสโคล่า,5,3,ขนม+ไอสครีม,0,8.85063E+12
ฟรุทซีพลัสเบอรรี่,5,3,ขนม+ไอสครีม,0,8.85063E+12
ดราก้อนทังค์ รสโคล่า 20กรัม,5,4,ขนม+ไอสครีม,100,8.85063E+12
ดราก้อนทังค์ รสองุ่น 20กรัม,5,4,ขนม+ไอสครีม,100,8.85063E+12
กวนอิม,15,13,เครื่องสำอาง,18,8.85067E+12
เทนโซพล๊าส,1,0.5,ยา,200,8.85067E+12
Tigerplast caripore Clear 1/2*5,25,20,ราคาสิินค้า,-3,8.85067E+12
เต้าหู้ยี้250มล,40,35,เครื่องปรุงอาหาร,50,8.85069E+12
เนปจูน 350มล.,5,0,เครื่องดื่ม,120,8.85069E+12
ยาอมเม็ดน้ำเต้าทอง,10,8,ยา,0,8.8507E+12
เบบี้เลิฟS,23,20,น้ำยาปรับผ้านุ่ม,20,8.85071E+12
เบบี้เลิฟM,23,20,น้ำยาปรับผ้านุ่ม,20,8.85071E+12
เบบี้เลิฟL,23,20,น้ำยาปรับผ้านุ่ม,20,8.85071E+12
เบบี้เลิฟXL,23,20,น้ำยาปรับผ้านุ่ม,19,8.85071E+12
เบบี้เลิฟXXL,20,16,น้ำยาปรับผ้านุ่ม,18,8.85071E+12
เบบี้เลิฟXXL11ชิ้น,75,70,น้ำยาปรับผ้านุ่ม,20,8.85071E+12
เบบี้เลิ๊ฟxxl,75,62,ของใช้ส่วนตัว,20,8.85071E+12
เบบี้เลิฟ M,20,16,กระดาษทิชชู,9,8.85071E+12
เบบี้เลิฟ L,20,16,กระดาษทิชชู,20,8.85071E+12
เบบี้เลิฟ  XL,20,16,กระดาษทิชชู,19,8.85071E+12
เบบี้เลิฟ M,75,62,กระดาษทิชชู,5,8.85071E+12
เบบี้เลิฟ L กลางวัน (เเพค),75,69,ของใช้ส่วนตัว,119,8.85071E+12
เบบี้เลิฟ XL,75,62,กระดาษทิชชู,20,8.85071E+12
เเอคเน่ โอเวอร์ไนท์มาส์ก,30,25,แป้ง,30,8.85071E+12
เนเชอรัล ไวท์ ครีม7ก,25,19,เครื่องสำอาง,200,8.85071E+12
ซีโตส16กรัม,5,4,ขนม+ไอสครีม,20,8.85072E+12
เลย์ กะเพรากรอบ 13ก.,55,50,ขนม+ไอสครีม,1,8.85072E+12
เลย์ ร็อค รสมันฝรั่งเเท้ 13ก.,5,4,อาหารสำเร็จรูป,111,8.85072E+12
เลย์ ร็อค เอ็กตร้าบาร์บีคิว 20g,5,4,ขนม+ไอสครีม,126,8.85072E+12
เลย์ รสมันฝรั่งแท้ 32กรัม,5,4,ขนม+ไอสครีม,29,8.85072E+12
เลย์ รสมันฝรั่งแท้แผ่นหยัก,20,16,ขนม+ไอสครีม,97,8.85072E+12
เลย์ รสบาบีคิว 50กรัม,20,18,ขนม+ไอสครีม,14,8.85072E+12
เลย์ รสมันฝรั่งแท้ 60g,20,16,ขนม+ไอสครีม,98,8.85072E+12
เลย์ รสซาวครีมและหัวหอม 50g,20,16,ขนม+ไอสครีม,98,8.85072E+12
เลย์ รสกะเพรากรอบ 13กรัม,5,4,ขนม+ไอสครีม,20,8.85072E+12
เลย์ รสกะเพรากรอบ 50 g,20,16,ขนม+ไอสครีม,114,8.85072E+12
เลย์รสโนริสาหร่าย13กรัม,5,3,ขนม+ไอสครีม,108,8.85072E+12
เลย์ รสโนริสาหร่าย,20,16,ขนม+ไอสครีม,96,8.85072E+12
ตะวัน รสกุ้งกรอบ 67กรัม,20,16,ขนม+ไอสครีม,2,8.85072E+12
เลย์ โนริสาหร่าย 27ก.,10,7,ราคาสิินค้า,120,8.85072E+12
เลย์ร็อคหมึกย่างฮอตชิลลี่ 11กรัม,5,4,ขนม+ไอสครีม,12,8.85072E+12
ตะวันหมึกสามรส20กรัม,5,4,ขนม+ไอสครีม,20,8.85072E+12
เลย์สแตคส์ กลิ่นกุ้งมังกรสไปซี่ 14g,5,4,ขนม+ไอสครีม,120,8.85072E+12
เลย์เมี่ยงคำ,5,3,ขนม+ไอสครีม,106,8.85072E+12
เลย์ รสเมี่ยงคำ 50กรัม,20,18,ขนม+ไอสครีม,15,8.85072E+12
ตะวัน รสสาหร่ายทรงเครื่อง,5,4,ขนม+ไอสครีม,99,8.85072E+12
ตะวัน รสสาหร่ายทรงเครื่อง,20,16,ขนม+ไอสครีม,3,8.85072E+12
เลย์ รสมันฝรั่งเเท้ 27ก.,10,8,ขนม+ไอสครีม,120,8.85072E+12
ตะวันก้ามปู16กรัม,5,4,ขนม+ไอสครีม,20,8.85072E+12
เลย์ กลิ่นวาซาบิญี่ปุ่น 60g,20,16,ขนม+ไอสครีม,120,8.85072E+12
เลย์ รสปูผัดผงกระหรี่ 60ก.,20,16,ขนม+ไอสครีม,120,8.85072E+12
เลย์ ร๊อค กุ้งเผา+น้ำจิ้มซีฟู้ด 13ก,5,4,อาหารสำเร็จรูป,100,8.85072E+12
เลย์ รสกุ้งเผารสน้ำจิ้มซีฟู้ด 48g,20,16,ขนม+ไอสครีม,117,8.85072E+12
ตะวัน รสลาบแซ่บ 67กรัม,20,16,ขนม+ไอสครีม,2,8.85072E+12
เลย์กลิ่นชีส13กรัม,5,3,ขนม+ไอสครีม,100,8.85072E+12
เลย์สไปซีสโมคชีส50กรัม,20,18,ขนม+ไอสครีม,20,8.85072E+12
เลย์ รสไข่เค็ม 46 g,20,16,ขนม+ไอสครีม,120,8.85072E+12
เลย์รสต้มยำกุ้ง 48 g,20,16,ขนม+ไอสครีม,120,8.85072E+12
เลย์ รสพิซซ่า คั่วกลิ้ง 48 g,20,16,ขนม+ไอสครีม,120,8.85072E+12
เลย์ รสแสร้งว่ากุ้ง 48 g,20,16,ขนม+ไอสครีม,120,8.85072E+12
เลย์ รสชีสอบน้ำพริกมะขาม 48 g,20,16,ขนม+ไอสครีม,120,8.85072E+12
เลย์ ร็อค มันฝรั่งเเท้ 116กรัม,45,43,ขนม+ไอสครีม,120,8.85072E+12
เลย์ ร็อค เอ็กซ์ตร้าบาร์บีคิว 116กรัม,45,43,ขนม+ไอสครีม,120,8.85072E+12
เลย์ โนริสาหร่าย 116กรัม,45,43,ขนม+ไอสครีม,120,8.85072E+12
เลย์ รสหม่าล่า บาร์บีคิว 48 g,20,16,ขนม+ไอสครีม,120,8.85072E+12
เลย์ รสสาหร่ายซอสเกาหลี 48 g,20,16,ขนม+ไอสครีม,120,8.85072E+12
เลย์ ร็อค กลิ่นหอยเชลล์ 13กรัม,5,4,ขนม+ไอสครีม,120,8.85072E+12
เลย์แมกซ์ รสพริก ปีศาจ 48 กรัม,20,17,ขนม+ไอสครีม,120,8.85072E+12
เลย์แมกซ์ รสกูร์เมต์ ซาวครีม หัวหอม 48 กรัม,20,17,ขนม+ไอสครีม,120,8.85072E+12
เลย์ สเเตคส์ กุ้มมังกรสไปซี่ 42กรัม,20,17,ขนม+ไอสครีม,10,8.85072E+12
เลย์ สเเตคส์ ซาวครีม&หัวหอม 42กรัม,20,17,ขนม+ไอสครีม,6,8.85072E+12
เลย์ สเเตคส์ ออรจินัล 42กรัม,20,17,ขนม+ไอสครีม,3,8.85072E+12
เลย์ รสลาบแซ่บนัว 48 กรัม,20,17,ขนม+ไอสครีม,120,8.85072E+12
เลย์ กลิ่นยักษ์ผัดซอสเอ็กซ์โอ 48 กรัม,20,17,ขนม+ไอสครีม,120,8.85072E+12
เลย์ รสสไปซี่โคเรียนราเมน 13กรัม,5,3,ขนม+ไอสครีม,120,8.85072E+12
เลย์ รสสไปซี่โคเรียนราเมน 48กรัม,20,17,ขนม+ไอสครีม,117,8.85072E+12
ตะวัน รสยำแซลม่อนแซ่บนัว 67กรัม,20,16,ขนม+ไอสครีม,3,8.85072E+12
เลย์คลาสสิค มันฝรั่งแท้,20,16,ขนม+ไอสครีม,4,8.85072E+12
เลย์คลาสสิค รสโนริสาหร่าย 48กรัม,20,16,ขนม+ไอสครีม,4,8.85072E+12
เลย๋ร็อค เอ็กซ์ตร้าบาร์บีคิว 48กรัม,20,16,ขนม+ไอสครีม,7,8.85072E+12
เลย์ร็อค หมึกย่างฮอตชิลลี่,20,16,ขนม+ไอสครีม,4,8.85072E+12
เลย์คลาสสิค ซาวครีมและหัวหอม 48กรัม,20,16,ขนม+ไอสครีม,6,8.85072E+12
เลย์คลาสสิค เมี่ยงคำครบรส 48กรัม,20,16,ขนม+ไอสครีม,3,8.85072E+12
เลย์ร็อค กุ้งเผาน้ำจิ้มซีฟู้ด 48กรัม,20,16,ขนม+ไอสครีม,4,8.85072E+12
เลยืแม็กxc บาร์บีคิวพริกพ่นไฟ,20,16,ขนม+ไอสครีม,6,8.85072E+12
เลย์แม็ก xc พริกปีศาจชิลลี่,20,16,ขนม+ไอสครีม,6,8.85072E+12
ตะวัย กลิ่นน้ำพริกล้านนา 67กรัม,20,16,ขนม+ไอสครีม,3,8.85072E+12
เลยืแม็กซ์xc โนริสาหร่ายกรอบ,20,16,ขนม+ไอสครีม,6,8.85072E+12
เลย์คลาสสิค ฮอตแอนด์สไปซี่ 48กรัม,20,16,ขนม+ไอสครีม,5,8.85072E+12
เลย์คลาสสิค ซอสบาร์บีคิวพลาซ่า 40กรัม,20,16,ขนม+ไอสครีม,6,8.85072E+12
เต้าหู้ไข่ ตรานางพยาบาล,10,8,อาหารสำเร็จรูป,120,8.85072E+12
สเนลโกลต์8ก,35,28,เครื่องสำอาง,50,8.85072E+12
บูตเต้,55,45,เครื่องสำอาง,20,8.85072E+12
ไอรีน่า พิงค์ 1.3ก.,25,20,เครื่องสำอาง,50,8.85072E+12
คาเวียร์ Braveru 22มล,35,24.17,เครื่องสำอาง,20,8.85072E+12
คาเวียร์ Chic Chic 22มล,35,24.17,เครื่องสำอาง,19,8.85072E+12
คาเวียร์ Joan pour 22มล.,35,24.17,เครื่องสำอาง,50,8.85072E+12
คาเวีย22มล,35,28,เครื่องสำอาง,17,8.85072E+12
คาเวียร์ ออร่า สปริง 22มล.,35,29,เครื่องสำอาง,50,8.85072E+12
คาเวีย22มล,35,28,เครื่องสำอาง,20,8.85072E+12
คาเวียร์ Polar 22มล.,35,24.17,เครื่องสำอาง,120,8.85072E+12
คาเวีย22มล,35,28,เครื่องสำอาง,20,8.85072E+12
โมริ เมจิกลิป,25,20,น้ำยาปรับผ้านุ่ม,20,8.85072E+12
เมจิลิป,25,20,ของใช้ส่วนตัว,-1,8.85072E+12
ดินสอเขียนคิ้ว,20,15,น้ำยาปรับผ้านุ่ม,20,8.85072E+12
ดินสอเขียนคิ้วสองด้าน,20,15,น้ำยาปรับผ้านุ่ม,20,8.85072E+12
หวีเสนียด,10,8,เครื่องสำอาง,0,8.85073E+12
หวีอีโต้,15,12,ของใช้ส่วนตัว,100,8.85073E+12
หวี,20,15,ของใช้ส่วนตัว,50,8.85073E+12
พาเลซ นมข้น 195ก.,25,19,ราคาสิินค้า,119,8.85076E+12
ปูไทย รสพริกไทยดำ 17กรัม,5,4,ขนม+ไอสครีม,12,8.85077E+12
ปูไทยปลาหมึก,5,4,ขนม+ไอสครีม,13,8.85077E+12
ปูไทย รสปลาหมึก,20,16,ขนม+ไอสครีม,99,8.85077E+12
สบู่สมุนไพร 170 กรัม,40,25,สบู่,-4,8.85078E+12
ราเบน สบู่ขิงเย็น 130g,27,18,สบู่,120,8.85078E+12
เบนเนท อโรม่า 160กรัม,42,36,สบู่,118,8.85078E+12
สบู่เบนเนท,45,38,สบู่,20,8.85078E+12
เบนเนท 130ก,55,48,สบู่,96,8.85078E+12
สบู่ เบนเนท วิตามินอี ว่านหางจรเข้ 130กรัม,45,0,สบู่,0,8.85078E+12
สบู่วิตามินอี เบนเนท 130กรัม,45,40,สบู่,-22,8.85078E+12
เบนเนท สบู่วิตามิน อี 1*6*25กลับ,59,50,สบู่,125,8.85078E+12
เบนเนท ปาปาย่า160ก,45,37,เครื่องสำอาง,95,8.85078E+12
น้ำมันมะกอกจำปาทองเหลือง,18,15,สบู่,50,8.8508E+12
จำปาทอง 100มล.,30,15,เครื่องสำอาง,50,8.8508E+12
จำปาทองมะกอกขาว50มล,18,15,เครื่องสำอาง,50,8.8508E+12
น้ำมันมะกอกจำปาทอง,30,25,สบู่,-1,8.8508E+12
น้ำยาล้างเล็บ,25,18,น้ำยาปรับผ้านุ่ม,19,8.8508E+12
น้ำยาล้างเล็บ,15,10,เครื่องสำอาง,49,8.8508E+12
พี.เจ.เฮิร์บ สบู่สมุนไพร 160g.,35,30,ของใช้ส่วนตัว,120,8.8508E+12
ใบชาตราสามม้าเบอร์3,20,10,กาแฟ,16,8.8508E+12
ใบชาตราสามม้า,25,19,กาแฟ,18,8.8508E+12
ซากูระ โกลด์ 20กรัม,10,7,พลาสติก,120,8.85081E+12
ซากุระ,30,15,อาหารปลา,17,8.85081E+12
กะทิอบควันเทียนชาวเกาะ250มล,25,20,เครื่องปรุงอาหาร,6,8.85081E+12
ชาวเกาะอบเทียน1000มล,67,55,กระทิ,50,8.85081E+12
ชาวเกาะหัวกระทิ250มล,27,22,กระทิ,50,8.85081E+12
ชาวเกาะ กะทิ กลิ่นใบเตย 250มล.,29,24.5,เครื่องปรุงต่างๆ,3,8.85081E+12
กะทิชาวเกาะ1000มล.,65,60,เครื่องปรุงต่างๆ,20,8.85081E+12
กะทิ ชาวเกาะ 500มล.,45,39,กระทิ,118,8.85081E+12
กะทิชาวเกาะ250มล,27,20,กระทิ,96,8.85081E+12
กะทิ ชาวเกาะ 1000มล.,69,67,กระทิ,118,8.85081E+12
ไดโนพาค,20,16,ขนม+ไอสครีม,100,8.85082E+12
เอสบี ข้าวเกรียบหลอด 12ก.,5,4,ขนม+ไอสครีม,120,8.85082E+12
เอสบี,50,45.5,ขนม+ไอสครีม,6,8.85082E+12
ไดโนพาค10กรัม,5,3.7,ขนม+ไอสครีม,91,8.85082E+12
ไดโมพาคร์ซีฟู้ด,50,45.5,ขนม+ไอสครีม,6,8.85082E+12
ลิปแคร์KA,25,20,น้ำยาปรับผ้านุ่ม,20,8.85082E+12
ลิป,25,18,เครื่องสำอาง,50,8.85082E+12
ลิปแคร์KA,25,20,น้ำยาปรับผ้านุ่ม,20,8.85082E+12
ลิปแคร์KA,25,20,น้ำยาปรับผ้านุ่ม,20,8.85082E+12
เค.เอ.(ครีม)10กรัม,10,8,เครื่องสำอาง,19,8.85082E+12
เค.เอ.รีลไวท์ฟ้า25มล.,29,19,เครื่องสำอาง,18,8.85082E+12
เค.เอ.รีลไวท์ชมพู25มล.,29,19,เครื่องสำอาง,20,8.85082E+12
เค.เอ.รีลไวท์ ม่วง25มล.,29,19,เครื่องสำอาง,20,8.85082E+12
เค.เอ.ไวทื โรลออน,25,20,เครื่องสำอาง,30,8.85082E+12
เค.เอ.(ครีม)10กรัม,10,8,เครื่องสำอาง,19,8.85082E+12
เค.เอ.(ครีม)10กรัม,10,8,เครื่องสำอาง,20,8.85082E+12
เคเอ กันแดด7มล,29,23,เครื่องสำอาง,50,8.85082E+12
เค.เอ.(ครีม)8กรัม,25,20,เครื่องสำอาง,20,8.85082E+12
เคเอ7มล,29,23,เครื่องสำอาง,50,8.85082E+12
เคเอ ซีซี7มล,29,23,เครื่องสำอาง,50,8.85082E+12
เคเอ ไวท์15ก,20,18,เครื่องสำอาง,50,8.85082E+12
สบู่โยเกิร์ตตรามังกร172ก,35,30,สบู่,49,8.85083E+12
สบู่มะขามตรามังกร165ก,35,30,สบู่,49,8.85083E+12
สบู่สมุนไพรสูตรเย็นมังกร172ก,35,30,สบู่,50,8.85083E+12
สบู่สมุนไพร ตรามังกร 172ก.,35,28,สบู่,120,8.85083E+12
เจดีย์ สบู่ขิง 150g.,27,22,สบู่,120,8.85083E+12
สวิสส์  ครามแท้120มล,15,10,ผงซักผ้า,20,8.85083E+12
เพียวรีน ผลิตภัณฑ์ล้างขวดนม 550มล.,55,48,น้ำยาล้างจาน,120,8.85085E+12
ไฟแช้ค,6,4,ราคาสิินค้า,0,8.85087E+12
Poly ไฟเเซ็ค,5,3,ของใช้ส่วนตัว,101,8.85087E+12
โพลี,5,4,ของใช้ส่วนตัว,89,8.85087E+12
แลตตาซิด ออย เดย์ เเคร์ 150มล.,110,100,เครื่องสำอาง,10,8.85089E+12
เเลคตาซิด ออล เดย์ เเคร์ 60มล.,60,54.5,สบู่,6,8.85089E+12
แลตตาซิดเฟรช,60,55,สบู่,-1,8.85089E+12
แลตตาซิด 24-hour,115,100,เครื่องสำอาง,10,8.85089E+12
เเลคตาซิด เอ็กซ์ตร้า เซนซิทีฟ 60มล.,65,60,ของใช้ส่วนตัว,120,8.85089E+12
แลตตาซิด ความสมดุล,115,100,เครื่องสำอาง,10,8.85089E+12
ฟูโอครรีล,55,50,แปลงฟัน,20,8.85089E+12
ฟลูโอคารีล35ก,12,10,ยาสีฟัน,50,8.85089E+12
อาลัมมิ้ล240มล,85,58,ยา,19,8.85089E+12
ถุงมือ,15,13,ของใช้ส่วนตัว,20,8.8509E+12
แอล-แรป ฟิล์มพราสติก 30*36*9,20,16,พลาสติก,120,8.85092E+12
ดินสอ,60,55,ของใช้ส่วนตัว,100,8.85094E+12
ขนมเยลลี่รสผลไม้ 20กรัม,5,4,ราคาสิินค้า,120,8.85094E+12
เจลฟี่มินิซี,5,4,ราคาสิินค้า,120,8.85094E+12
โอเคทินบิสกิต 30กรัม,5,4,ราคาสิินค้า,120,8.85094E+12
กระดาษห่อของขวัญ,5,3,ของใช้ส่วนตัว,0,8.85094E+12
ดีโด้ ลิ้นจี่ 20% 450มล.,12,9,เครื่องดื่ม,12,8.85095E+12
ดีโด้แพ็คใหญ่,28,20,ขนม+ไอสครีม,48,8.85095E+12
ฟรุตกุน้ำส้ม350มล.,10,8,เครื่องดื่ม,500,8.85095E+12
ฟรุตกุน้ำลิ้นจี่,10,8,เครื่องดื่ม,99,8.85095E+12
ฟรุตกุน้ำองุ่น350มล.,10,8,ราคาสิินค้า,100,8.85095E+12
ฟรุตกุน้ำสตรอว์เบอร์ร๊่,10,8,เครื่องดื่ม,100,8.85095E+12
ดีโด้ น้ำส้ม20% 115มล.,5,3,เครื่องดื่ม,120,8.85095E+12
ดีโด้ น้ำส้ม 20% 450มล.,12,9,เครื่องดื่ม,119,8.85095E+12
ดีโด้ สอรอว์เบอร์รี่ 20% 450มล.,12,9,เครื่องดื่ม,120,8.85095E+12
ดีโด้ สับปะรด20% 450มล.,12,9,เครื่องดื่ม,118,8.85095E+12
ดีโด้,5,3,ขนม+ไอสครีม,20,8.85095E+12
ดีโด้160มล,5,3,ขนม+ไอสครีม,20,8.85095E+12
ดีโด้,5,3,ขนม+ไอสครีม,20,8.85095E+12
ดีโด้160มล,5,3,ขนม+ไอสครีม,20,8.85095E+12
ดีโด้ น้ำส้ม20% 115มล.,25,18,เครื่องดื่ม,120,8.85095E+12
ดีโด้ ไอซ์ โยเกิร์ต 12+1,22,18,ขนม+ไอสครีม,12,8.85095E+12
ดีโด้ ไอซ์ เเท่ง 13เเท่ง,22,18,ราคาสิินค้า,12,8.85095E+12
ปินโต ออริจินอล 420มล.,10,7,น้ำยาล้างจาน,24,8.85097E+12
ปินโต800มล,20,15,น้ำยาล้างจาน,20,8.85097E+12
ปินโต800มล,20,15,น้ำยาล้างจาน,20,8.85097E+12
ปินโต 800มล,20,15,น้ำยาล้างจาน,5,8.85097E+12
มาม่าซองรสหมูสับ,7,5,อาหารสำเร็จรูป,-77,8.85099E+12
มาม่าซองรสต้มยำกุ้ง,7,4,อาหารสำเร็จรูป,-32,8.85099E+12
มาม่าซองรสเย็นตาโฟ,7,4,อาหารสำเร็จรูป,18,8.85099E+12
มาม่าซองรสเป็ดพะโล้,7,5,อาหารสำเร็จรูป,11,8.85099E+12
มาม่ารสหมูส้บ,185,174,อาหารสำเร็จรูป,5,8.85099E+12
มาม่าต้มยำกุ้ง55ก,185,163,อาหารสำเร็จรูป,19,8.85099E+12
มาม่ารสเป็ดพะโล้,185,163,อาหารสำเร็จรูป,5,8.85099E+12
มาม่าคัพรสหมูสับ,15,10,อาหารสำเร็จรูป,17,8.85099E+12
มาม่าคับต้มยำกุ้ง60ก,15,10.8,อาหารสำเร็จรูป,11,8.85099E+12
มาม่าคัพ รสเป็ดพะโล้,15,11,ราคาสิินค้า,120,8.85099E+12
มาม่าซองรสผัดขี้เมาแห้ง,7,4,อาหารสำเร็จรูป,15,8.85099E+12
มาม่าซองรสเจต้มยำ,6,4,อาหารสำเร็จรูป,22,8.85099E+12
มาม่าคัพรสหมูสับเล็ก,10,8,อาหารสำเร็จรูป,20,8.85099E+12
มาม่าคับหมูสับ,55,47,อาหารสำเร็จรูป,20,8.85099E+12
มาม่าคัพรสต้มยำกุ้งเล็ก,10,8,อาหารสำเร็จรูป,18,8.85099E+12
มาม่าคับ,55,47,อาหารสำเร็จรูป,20,8.85099E+12
มาม่าหมูน้ำตก,7,5,อาหารสำเร็จรูป,55,8.85099E+12
มาม่าหมูน้ำตก,185,163,อาหารสำเร็จรูป,5,8.85099E+12
มาม่าคัพรสหมูน้ำตก,15,10,อาหารสำเร็จรูป,21,8.85099E+12
มาม่าซองรสน้ำข้น,7,4,อาหารสำเร็จรูป,0,8.85099E+12
มาม่ากุ้งน้ำข้น55ก,185,174,อาหารสำเร็จรูป,10,8.85099E+12
มาม่าคัพต้มยำกุ้งน้ำข้น,15,12,อาหารสำเร็จรูป,6,8.85099E+12
มาม่า ต้มยำกุ้ง 90ก.,10,8,อาหารสำเร็จรูป,191,8.85099E+12
มาม่า รสหมูสับ 90ก.,10,8,อาหารสำเร็จรูป,181,8.85099E+12
มาม่าOKรสโคเรียนสไปซ์85ก.,15,12,ราคาสิินค้า,100,8.85099E+12
มาม่า รสโคเรียนสไปซ์ 85กรัม เเพค4,55,44,อาหารสำเร็จรูป,120,8.85099E+12
มาม่า OK รสฮอตเเอนต์สไปซี 85g.,15,12,อาหารสำเร็จรูป,120,8.85099E+12
มาม่าokแพค4,55,48,อาหารสำเร็จรูป,20,8.85099E+12
มาม่า รสฮอตแอนด์สไปซี่ 85กรัม แพค 4,55,44,อาหารสำเร็จรูป,122,8850987131158_x000D_
รุสกี รสซุปเนื้อ 60ก,6,3,อาหารสำเร็จรูป,10,8.85099E+12
มาม่ารสต้มแซ่บ,6,3,อาหารสำเร็จรูป,4,8.85099E+12
มาม่าคัพรสต้มแซ่บ,13,10,อาหารสำเร็จรูป,22,8.85099E+12
มาม่า ต้มยำกุ้งน้ำข้น 90ก. ,10,0,ราคาสิินค้า,1990,8.85099E+12
มาม่าน้ำข้น,55,45,อาหารสำเร็จรูป,18,8.85099E+12
มาม่า เย็นตาโฟต้มยำหม้อไฟ,7,6,ราคาสิินค้า,87,8.85099E+12
มาม่าคัพรสต้มยำหม้อไฟ,13,10,อาหารสำเร็จรูป,21,8.85099E+12
มาม่าคัพรสต้มยำกุ้งเล็ก,10,8,อาหารสำเร็จรูป,21,8.85099E+12
มาม่าคับกุ้งน้ำข้น,55,47,อาหารสำเร็จรูป,20,8.85099E+12
มาม่าซองรสหมูสับต้มยำน้ำข้น,7,4,อาหารสำเร็จรูป,9,8.85099E+12
มาม้าหมูสับน้ำข้น,55,45,อาหารสำเร็จรูป,20,8.85099E+12
มาม่าหมูส้บน้ำข้น,185,163,อาหารสำเร็จรูป,5,8.85099E+12
มาม่าคัพรสหมูสับต้มยำน้ำข้น,13,10,อาหารสำเร็จรูป,21,8.85099E+12
มาม่าซองรสแกงเขียวหวาน,7,5,อาหารสำเร็จรูป,14,8.85099E+12
มาม่าเขียวหวานไก่,185,163,อาหารสำเร็จรูป,5,8.85099E+12
มาม่าคัพรสแกงเขียวหวาน,15,10,อาหารสำเร็จรูป,21,8.85099E+12
มาม่าคัพ เอ็กซ์ตรีม รสต้มยำกุ้ง 60ก.,15,11,ราคาสิินค้า,120,8.85099E+12
มาม่ารสกระเพาแห้ง,13,10,อาหารสำเร็จรูป,21,8.85099E+12
มาม่าซองรสกระเพาแซ่บแห้ง,6,4,อาหารสำเร็จรูป,14,8.85099E+12
มาม่า ฮอตโตเรียน 85ก.,15,12,อาหารสำเร็จรูป,195,8.85099E+12
มาม่าokแพ็ค4,55,48,อาหารสำเร็จรูป,19,8.85099E+12
มาม่า ok กุ้งผัดซอสต้มยำ 85ก.,15,11,อาหารสำเร็จรูป,198,8.85099E+12
มาม่า ok ผัดไข่เค้ม 85ก.,15,12,อาหารสำเร็จรูป,195,8.85099E+12
มาม่า รสผัดไข่เค็ม 85กรัม แพค 4,55,48,อาหารสำเร็จรูป,20,8.85099E+12
มาม่า รสผัดไข่เค็ม,20,17,อาหารสำเร็จรูป,198,8.85099E+12
มาม่า รสผัดไข่เค็ม 80กรัม แพค 3ถ้วย,58,51,อาหารสำเร็จรูป,120,8.85099E+12
มาม่า OK ฮอตโคเรียน,20,18,อาหารสำเร็จรูป,195,8.85099E+12
มาม่า OK คัพ ฮอดโคฯ,60,52,อาหารสำเร็จรูป,120,8.85099E+12
มาม่า OK หมูบะช่อทรงเครื่อง 85ก.,15,9,ราคาสิินค้า,120,8.85099E+12
มาม่าOKคาโบน่า85ก,15,12,อาหารสำเร็จรูป,18,8.85099E+12
มาม่า OK คาโบนาร่าเบคอน 85ก.x 4ซอง,55,45,อาหารสำเร็จรูป,118,8.85099E+12
มาม่าok ทรัฟเฟิล85ก,15,12.2,อาหารสำเร็จรูป,12,8.85099E+12
มาม่าok  หมาล่า85ก,15,12,อาหารสำเร็จรูป,12,8.85099E+12
มาม่าซองรสเส้นหมี่น้ำใส,7,4,อาหารสำเร็จรูป,0,8.85099E+12
มาม่าเส้นหมีน้ำใส,185,163,อาหารสำเร็จรูป,5,8.85099E+12
มาม้าหมี่น้ำใส,55,45,อาหารสำเร็จรูป,20,8.85099E+12
โฮมมี่ชีส,10,8,ขนม+ไอสครีม,20,8.85099E+12
โฮมมี่สาหร่าย,10,8,ขนม+ไอสครีม,17,8.85099E+12
โฮมมี่มะพร้าว,10,8,ขนม+ไอสครีม,8,8.85099E+12
โฮมมี รสโกโก้โฮลวีท 100กรัม,10,7,ขนม+ไอสครีม,120,8.85099E+12
มาชิตะ รสสไปซี่,5,3,ขนม+ไอสครีม,7,8.851E+12
มาชิตะ,5,4,ขนม+ไอสครีม,0,8.851E+12
ลีโอ 490 มล.,57,47,เครื่องดื่มแอลกอฮอ,7,8.851E+12
SINGHA 490ซม.alc.5%.vol.,60,53,ราคาสิินค้า,-1,8.851E+12
เลมอนโซดา330มล,17,14,เครื่องดื่ม,11,8.851E+12
สิงห์ ยูซุเลมอนโซดา330มล,17,14,เครื่องดื่ม,0,8.851E+12
สิงห์แดงเลมอนโซดา 330มล.,17,14,ราคาสิินค้า,22,8.851E+12
สิงห์เลมอนโซดา รสบ๊วย 330มล.,17,13.6,เครื่องดื่ม,4,8.851E+12
สิงห์ 620 มล.,65,56.9,เครื่องดื่ม,-5,8.851E+12
สิงห์ 330 มล.,37,34,เครื่องดื่ม,24,8.851E+12
สิงห์ 320 มล.,40,36,เครื่องดื่ม,43,8.851E+12
ลีโอ 620 มล.,60,50,เครื่องดื่มแอลกอฮอ,106,8.851E+12
ลีโอ 620 มล.,615,600,เครื่องดื่ม,20,8.851E+12
ลีโอ 320 มล.,37,32.25,เครื่องดื่ม,20,8.851E+12
ลีโอ 320 มล.,36,31,เครื่องดื่ม,45,8.851E+12
โซดาตราสิงห์ 320 มล.,10,8,เครื่องดื่ม,18,8.851E+12
ปาร์ตี้มันเคลือบคาราเมล 30กรัม,10,7,เครื่องดื่ม,120,8.851E+12
ปาร์ตี้ครองแครง,5,4,ขนม+ไอสครีม,20,8.851E+12
ปาร์ตี้ครองแครงมันทอด 30กรัม,10,7,เครื่องดื่ม,10,8.851E+12
เเคมปัส ซ็อคโกเเลต 12กรัม ,5,3,ขนม+ไอสครีม,118,8.851E+12
เทสโตมันฝรั่งแท้,5,4,ขนม+ไอสครีม,0,8.851E+12
เทสโต ซอสธ์เเอนด์ซาวร์ 11กรัม,5,3,ขนม+ไอสครีม,118,8.851E+12
เทสโตสาหร่าย11กรัม,5,3,ขนม+ไอสครีม,94,8.851E+12
เทสโตสาหร่ายแผ่นเรียบ,5,4,ขนม+ไอสครีม,0,8.851E+12
โดโซะ รสกลมกล่อม 56ก.,20,15,ขนม+ไอสครีม,51,8.851E+12
โดโซะ รสสวีทซิลลี่ 65ก.,20,16,ขนม+ไอสครีม,102,8.851E+12
โดโซะ รสสาหร่ายญี่ปุ่น 56ก.,20,17,ขนม+ไอสครีม,120,8.851E+12
โดโซะคอร์ชีส,20,18,ขนม+ไอสครีม,25,8.851E+12
โดโซะ รสซอสเซจ-จิ 56ก.,20,16,ขนม+ไอสครีม,98,8.851E+12
โดโซะ ผสมมันเทศ รสคอร์นซีส 56ก.,20,16,ขนม+ไอสครีม,100,8.851E+12
เซ็นโซดายน์ มัลติ เเคร์,65,78,แปลงฟัน,50,8.85101E+12
น้ำปลาแท้ตราหอยหลอด,6,4,เครื่องปรุงต่างๆ,0,8.85101E+12
หอยหลอด น้ำปลา300มล,17,14,น้ำปลา,6,8.85101E+12
น้ำส้มสายชูรวมรส300มล.,12,8,เครื่องปรุงต่างๆ,200,8.85101E+12
น้ำปลารวมรส700มล.,18,15,น้ำปลา,40,8.85101E+12
น้ำปลาแท้ตราหอยหลอด,28,25,เครื่องปรุงต่างๆ,18,8.85101E+12
รวมรส ซอลหอยนางรม650 กรัม,32,26,เครื่องปรุงต่างๆ,6,8.85101E+12
น้ำปลาตราหอยหลอด700มล,30,26,น้ำปลา,50,8.85101E+12
น้ำปลารวมรส300มล.,13,9.25,อาหารสำเร็จรูป,12,8.85101E+12
น้ำส้มสายชูเทียมตรารวมรส700มล.,18,14,เครื่องปรุงต่างๆ,27,8.85101E+12
น้ำมะนาวรวมรส300มล.,15,10,เครื่องปรุงต่างๆ,19,8.85101E+12
นมตราหมีสีเหลือง,13,10,เครื่องดื่ม,47,8.85101E+12
คาร์เนชัน ครีมเทียมข้นหวาน 388ก.,30,25,กาแฟ,40,8.85101E+12
ไมโล180มล.,10,8,เครื่องดื่ม,35,8.85101E+12
เนส เอสเปรสโซ โรสต์ 180มล.,17,15,เครื่องดื่ม,-16,8.85101E+12
ทิปโก้ผักรวม,10,8,เครื่องดื่ม,48,8.85101E+12
ทิปโก้บร็อคโคลีา225มล.,10,0,ราคาสิินค้า,0,8.85101E+12
ทิปโก้ผลไม้รวมแครอทม่วง,27,20,ราคาสิินค้า,48,8.85101E+12
ทิปโก้แครอทม่วง,10,8,เครื่องดื่ม,48,8.85101E+12
coolเกรพมิกซ์,27,20,ราคาสิินค้า,48,8.85101E+12
บันบันถั่วลันเตาอบกรอบ 70กรัม,20,18,ขนม+ไอสครีม,48,8.85102E+12
บันบัน รสดั้งเดิม 16ก.,5,4,ขนม+ไอสครีม,17,8.85102E+12
เเจ๊กซ์ มันฝรั่งเเท้ มะเขือเทศ 55กรัม,20,16,ขนม+ไอสครีม,99,8.85102E+12
แจ็กซ์ซอสพริก14กรัม,5,4,ขนม+ไอสครีม,19,8.85102E+12
แจ็กซ์ มะเขือเทศ 14กรัม,5,3,ขนม+ไอสครีม,13,8.85102E+12
แจ็กซ์ ซอสพริก,20,16,ราคาสิินค้า,100,8.85102E+12
บันบัน รสฮอต ชิลลี่ 14กรัม,5,4,ขนม+ไอสครีม,120,8.85102E+12
ป๊อกกี้22ก,10,8,ขนม+ไอสครีม,200,8.85102E+12
พีจอยช็อคโกแลต,5,3,ขนม+ไอสครีม,200,8.85102E+12
ป๊อกกี้ กลิ่นสตรอเบอรี่ กล่องเล็ก 21g,10,8,ขนม+ไอสครีม,200,8.85102E+12
ป็อกกี่ช็อกโกแลต12ก,5,3,ขนม+ไอสครีม,200,8.85102E+12
ป๊อกก้่สตรอเบอร์รี11ก,5,3,ขนม+ไอสครีม,197,8.85102E+12
พีจอยคุกกี้และครีม,5,3,ราคาสิินค้า,100,8.85102E+12
แอลฟ้าช็อกโกแลต15ก,5,3,ขนม+ไอสครีม,200,8.85102E+12
ทูโทนสตรอเบอรี่,5,3,ราคาสิินค้า,100,8.85102E+12
แอลฟี่ช็อกโกแลต31ก,10,8,ขนม+ไอสครีม,200,8.85102E+12
แอลฟี่คุกกี้และครีม31ก,10,8,ขนม+ไอสครีม,200,8.85102E+12
ฟองน้ำ ใหญ่,20,14,ราคาสิินค้า,118,8851023
"ไวตามิ้ล125,].",5,3,เครื่องดื่ม,48,8.85103E+12
ไวตามิ้ลค์ข้าวบาเล่,28,25,เครื่องดื่ม,48,8.85103E+12
ไวตามิล300มล,17,13.4,เครื่องดื่ม,20,8.85103E+12
ไวตามิลทูโกแพค6,87,80.5,เครื่องดื่ม,8,8.85103E+12
ไวตามิ้วงาดำ300มล.,10,8,เครื่องดื่ม,48,8.85103E+12
ไวตามิ้ลค์งาดำ,28,25,เครื่องดื่ม,48,8.85103E+12
ไวตามิ้ลค์งาดำเล็ก,28,25,เครื่องดื่ม,48,8.85103E+12
ไวตามิ้ลค์ช็อกโก 300ซม.,18,15,เครื่องดื่ม,11,8.85103E+12
ไวตามิล ถััวเหลืองน้ำนมข้าว,45,42,เครื่องดื่ม,5,8.85103E+12
ไวตามิ้ลค์ชาไทย 300ซม.,20,17,เครื่องดื่ม,6,8.85103E+12
ไวตามิลล์กลมกล่อม300ซม.,10,8,เครื่องดื่ม,48,8.85103E+12
ไวตามิ้ลค์กลมกล่อม,28,25,เครื่องดื่ม,48,8.85103E+12
ไวตามิลล์กลมกล่อม125ซม.,5,4,เครื่องดื่ม,48,8.85103E+12
ไวตามิ้ลค์กลมกล่อมเล็ก,28,25,เครื่องดื่ม,48,8.85103E+12
ไวตามิ้ลค์ออริจินัล250มล.,10,8,เครื่องดื่ม,48,8.85103E+12
ไวตามิ้ลค์6กล่อง,55,50,เครื่องดื่ม,48,8.85103E+12
ไวตามิ้ล นมถั่วเหลือง สูตรเจ 250ซม.,10,8,เครื่องดื่ม,120,8.85103E+12
ไวตามิ้ลค์ นมถั่วเหลือง สูตรเจ 250ซม.,55,48,เครื่องดื่ม,120,8.85103E+12
ไวตามิ้ลค์ 300ซม.,17,13.4,เครื่องดื่ม,224,8.85103E+12
ไวตามิลทูโกแพค 6,87,80.5,เครื่องดื่ม,8,8.85103E+12
ไวตามิ้วค์ออริจินอล,55,50,เครื่องดื่ม,48,8.85103E+12
น้ำปลาหอยหลอด,6,4,อาหารสำเร็จรูป,22,8.85104E+12
ครามปรับผ้าขาว ตราไก่ 42ก.,10,7,เครื่องสำอาง,50,8.85104E+12
เทียนวันเกิด,15,10,น้ำยาปรับผ้านุ่ม,20,8.85105E+12
ไก่ฟาร์ม ไส้กรอกคอกเทลคลาสสิค 1กก.,60,54,อาหารสำเร็จรูป,119,8.85106E+12
ไก่ฟาร์ม ไส้กรอกจัมโบ้ 3 1055 กรัม,55,47,อาหารสำเร็จรูป,119,8.85106E+12
ฟาร์มสุข ลูกชิ้นก๋วยเตี๋ยวเรือ 500ก.,40,34,อาหารสำเร็จรูป,120,8.85106E+12
ฟาร์มสุข ลูกชิ้นเอ็นไก่ 500ก.,40,35,อาหารสำเร็จรูป,120,8.85106E+12
เซอรามายน์30ก,35,28,แป้ง,50,8.85109E+12
เซอรามาย30ก,35,28,แป้ง,50,8.85109E+12
ไม้แขวน,35,30,ของใช้ส่วนตัว,0,8.85109E+12
ไม้แขวนเสื้อ,30,25,ของใช้ส่วนตัว,18,8.85109E+12
โซฟีขอบปกป้อง,12,10,น้ำยาปรับผ้านุ่ม,0,8.85111E+12
โซฟี4ชิ้น,12,10,น้ำยาปรับผ้านุ่ม,20,8.85111E+12
โซฟีกลางคืน 29 ซม. 4ชิ้น,16,13,น้ำยาปรับผ้านุ่ม,93,8.85111E+12
โซฟี23ซม.5ชิ้น,35,30,ของใช้ส่วนตัว,0,8.85111E+12
โซฟี3ชิ้น 23 ซม.,16,13,ของใช้ส่วนตัว,93,8.85111E+12
โซฟีสลิม0.1,29,25,น้ำยาปรับผ้านุ่ม,20,8.85111E+12
โซฟิถนอมผิว 23ซม. 8ชิ้น,29,25,ของใช้ส่วนตัว,99,8.85111E+12
โซฝีถนอมผิว,29,25,ราคาสิินค้า,0,8851111132010f
โซฟี7ชิ้น,29,26,น้ำยาปรับผ้านุ่ม,20,8.85111E+12
โซฟี ถนอมผิว สลิม 5ชิ้น,26,22,ราคาสิินค้า,120,8.85111E+12
โซฟิซูเปอร์แอ็กทิฟสลิม 23ซม. 5ชิ้น,19,15,ราคาสิินค้า,100,8.85111E+12
โซฟีคูลลิ่งเฟรซ 23 ซม.,18,15,น้ำยาปรับผ้านุ่ม,88,8.85111E+12
โซฟี คูลลิ่ง เฟรช เนเชอรัล 23ซม.,20,16,ราคาสิินค้า,120,8.85111E+12
โซฟี คูล เเตงกวา 25Cm.,22,18,ผ้าอนามัย,6,8.85111E+12
โซฟี 35ซม. 4ชิ้น,26,20,ของใช้ส่วนตัว,99,8.85111E+12
โซฟี เเบบกระชับ 35cm.,25,21,ผ้าอนามัย,9,8.85111E+12
โซฟี3ชิ้น,20,18,น้ำยาปรับผ้านุ่ม,20,8.85111E+12
โซฟี กลางคืน 33ซม.,25,19,ของใช้ส่วนตัว,120,8.85111E+12
โซฟี่,15,12,น้ำยาปรับผ้านุ่ม,100,8.85111E+12
โซฟี,16,13,น้ำยาปรับผ้านุ่ม,100,8.85111E+12
"_x000D_
โซฟี_x000D_
_x000D_
 ชาร์โคล เฟรช 29ซม.",20,16,ของใช้ส่วนตัว,120,8.85111E+12
โซฟีมูฟ,16,13,น้ำยาปรับผ้านุ่ม,0,8.85111E+12
โซฟี ชาร์โคล เฟรช 23Cm.,16,14,ผ้าอนามัย,5,8.85111E+12
โซฟี10ชิ้น,15,10,น้ำยาปรับผ้านุ่ม,17,8.85111E+12
โซฟิคอมฟอร์เฟรช 20ชิ้น,25,20,ราคาสิินค้า,100,8.85111E+12
โซฟีเพียวแคร์,25,20,น้ำยาปรับผ้านุ่ม,50,8.85111E+12
โซฟี,25,20,น้ำยาปรับผ้านุ่ม,100,8.85111E+12
โซฟี,12,10,น้ำยาปรับผ้านุ่ม,99,8.85111E+12
มามี่โพโค M,20,18,กระดาษทิชชู,100,8.85111E+12
mamypoko XL,85,80,ของใช้ส่วนตัว,0,8.85111E+12
มามี่โพโคxL,20,18,กระดาษทิชชู,100,8.85111E+12
มามี่โพโค11ชิ้น,75,70,ของใช้ส่วนตัว,50,8.85111E+12
น้ำมันรถ,30,28,ของใช้ส่วนตัว,118,885112
ยาธาตุตรากิเลน 300cc.,35,30,ยา,20,8.85112E+12
ยาน้ำอุทัย ตราอุทัยทิพย์ 60cc,45,36,ยา,0,8.85112E+12
ลิโพวิตัน-ดี 100มล.,12,10.5,เครื่องดื่ม,170,8.85112E+12
M-150 150ซม.,12,10.4,เครื่องดื่ม,-20,8.85112E+12
M-150 แพค10,110,104,เครื่องดื่ม,20,8.85112E+12
ฉลาม 150ซม.,10,8,เครื่องดื่ม,30,8.85112E+12
ดับเบิ้ลช้อคเอ็มสีเขียว,15,10,เครื่องดื่ม,0,8.85112E+12
เอ็มเพสโซสีแดง,15,10,เครื่องดื่ม,48,8.85112E+12
mstortสีดำ,15,10,เครื่องดื่ม,48,8.85112E+12
โสมอินซัม 100มล.,10,7.4,เครื่องดื่ม,16,8.85112E+12
โสมอินซัมบิ๊ก 145มล.,10,8,เครื่องดื่ม,18,8.85112E+12
ซิวิท เลมอน140มล,16,13.33,ของใช้ส่วนตัว,79,8.85112E+12
c-vitt ส้ม140มล.,16,13.33,เครื่องดื่ม,179,8.85112E+12
c-vitt ทับทิม,16,13.33,เครื่องดื่ม,35,8.85112E+12
วิตามินเสาวรส ผสมวิตามินซี 140มล.,17,12.8,เครื่องดื่ม,20,8.85112E+12
คาสพิสแลกโตะ,15,12,เครื่องดื่ม,25,8.85112E+12
คาลพิสเเลคโตะ 300มล.,20,17,เครื่องดื่ม,8,8.85112E+12
แลตโตะแอปเปิ้ล,20,15,เครื่องดื่ม,20,8.85112E+12
M-150 100มล.,10,8,เครื่องดื่ม,4999,8.85112E+12
เครื่องดื่มเอ็ม-150 กลิ่นเทอร์ปีน 150มล.,12,9.6,เครื่องดื่ม,18,8.85112E+12
พิงค์เลมอนเนด (กลิ่นเลมอน) ตรา M-150 245มล.,17,13.6,เครื่องดื่ม,20,8.85112E+12
ฉามกระชายดำ100ซม.,10,8,เครื่องดื่ม,5000,8.85112E+12
เบบี้มายต์50ก,12,11,แป้ง,100,8.85112E+12
เบบี้ มายด์180ก,30,23,แป้ง,49,8.85112E+12
เบบี้มายด์ฟ้า50กรัม,12,11,แป้ง,20,8.85112E+12
เบบี้มายด์ สวีทตี้พิงค์ พลัส เบบี้ โลชั่น 180 มล.,50,45,ของใช้ส่วนตัว,100,8.85112E+12
เบบี้มายล้างขวดนม,40,35,ผงซักผ้า,0,8.85112E+12
เบบี้มายออยลื,35,30,ของใช้ส่วนตัว,0,8851123349086เ
เบบี้มายด์ อัลตร้ามายด์ สวีท อัลมอนด์ เบบี้ ออยล์ ทู มิลค์100มล.,39,35,ของใช้ส่วนตัว,100,8.85112E+12
ทเวลฟ์พลัสชมพู30มล.,30,25,เครื่องสำอาง,20,8.85112E+12
ทเวลฟ์พลัสฟ้า30มล.,30,25,เครื่องสำอาง,20,8.85112E+12
น้ำหอมทเวลฟ์พลัส30มล.,30,25,เครื่องสำอาง,29,8.85112E+12
12พลัส คอลาเจน พิ้งค์,30,25,เครื่องสำอาง,11,8.85112E+12
12พลัส คอลาเจน ไวโอเลต,30,25,เครื่องสำอาง,11,8.85112E+12
ทเวลฟ์พลัส300ก ,50,45,แป้ง,100,8.85112E+12
เบบี้มายต์50ก,12,10,แป้ง,98,8.85112E+12
เบบี้มายด์สวีทตี้พิงค์180กรัม,30,23,แป้ง,20,8.85112E+12
เบบี้มมายด์ พิ้ง400ก,45,40,แป้ง,100,8.85112E+12
เบบี่มายต์ 50กรัม,12,8,แป้ง,29,8.85112E+12
เบบี้มายด์ดับเบิ้ล180กรัม,30,23,แป้ง,21,8.85112E+12
baby mild  แป้งเด็ก ,45,35,แป้ง,-2,8.85112E+12
เบบี้มายต์50ก,15,13,แป้ง,100,8.85112E+12
เบบีมายเอลตี้พลัส50กรัม,12,10,เครื่องสำอาง,30,8.85112E+12
เบบี้มายด์ อัลตร้า75กรัม,15,12,สบู่,30,8.85112E+12
มายคิด200มล,55,45,สบู่,49,8.85112E+12
มายร์คิด200มล,55,45,สบู่,50,8.85112E+12
มายคิด200มล,50,45,สบู่,50,8.85112E+12
มายด์คิดส์แชมพู200กรัม,59,50,เครื่องสำอาง,20,8.85112E+12
เบบี่มายต์ 50กรัม,12,8,แป้ง,30,8.85112E+12
เบบี้มายด์ชมพู50กรัม,12,11,แป้ง,19,8.85112E+12
เบบี้มายด์อัลตร้ามายด์180กรัม,25,23,แป้ง,20,8.85112E+12
เบบี้มาย อัลตร้า380ก,45,40,แป้ง,99,8.85112E+12
เบบี้มายด์380ก,55,50,แป้ง,50,8.85112E+12
เบบี้มาย600มล,45,40,ผงซักผ้า,50,8.85112E+12
เบบี้มาย ซากุระ600มล,45,40,ผงซักผ้า,50,8.85112E+12
เอ็กซิท-โรออน,39,31,เครื่องสำอาง,8,8.85112E+12
เอ็กซิท เนเวอร์ สต็อป เคลียร์ 32.5มล.,39,31,ของใช้ส่วนตัว,120,8.85112E+12
12plus มอยส์เจอร์ 25มล.,30,25,เครื่องสำอาง,50,8.85112E+12
12plus มอยส์เจอร์ 25มล.,30,25,เครื่องสำอาง,50,8.85112E+12
12plus มอยเจอร์ 25มล.,30,26,เครื่องสำอาง,50,8.85112E+12
12plus มอยส์เจอร์ 25มล.,30,25,เครื่องสำอาง,119,8.85112E+12
12plus มอยส์เจอร์ 25มล.,35,33,เครื่องสำอาง,50,8.85112E+12
12plus มอยส์เจอร์ 25มล.,30,25,เครื่องสำอาง,50,8.85112E+12
ทเวลฟ์พลัส60กรัม,13,12,แป้ง,15,8.85112E+12
ทเวลฟ์พลัส60กรัม,13,12,แป้ง,19,8.85112E+12
ทเวลฟ์ พลัส60ก,13,10,แป้ง,50,8.85112E+12
ทเวลฟ์ พลัส ไวท์เทนนิ่ง เลสเซฟ รีนิว 32.5มล.,40,35,ของใช้ส่วนตัว,120,8.85112E+12
ทเวฟืพไวทืนิ่ง,40,35,ของใช้ส่วนตัว,-1,8.85112E+12
ทเวลฟ,40,35,ของใช้ส่วนตัว,-1,8.85112E+12
ทเวลฟืพลัสบำรุงผิว,55,50,ของใช้ส่วนตัว,0,8.85112E+12
ทเวลฟ์ พลัส มอยส์เจอไรซิ่ง ดีไลท์ 80มล.,55,46.2,เครื่องสำอาง,3,8.85112E+12
ทเวลฟ์พลัส50ก,19,15,แป้ง,10,8.85112E+12
ทเวลฟ์พรัส50ก,19,15,แป้ง,50,8.85112E+12
ทเวลฟ์ พลัส พิงค์280ก,50,45,แป้ง,99,8.85112E+12
ทเวลฟ์พลัส เพอร์เฟค280ก,50,45,แป้ง,100,8.85112E+12
ทเวลพ์ พลัส ไวท์เทนนิ่ง สโนว์ 140ก.,30,23.75,แป้ง,4,8.85112E+12
ทเวลฟ์ พลัส ไวท์เทนนิ่ง พลัส 32.5มล.,40,35,ของใช้ส่วนตัว,120,8.85112E+12
ทเวลฟ์ พลัส อินสตา ไวท์ พีลลิ่ง แพ็ค มาส์ใต้วงแขน 8 กรัม,25,20,ของใช้ส่วนตัว,100,8.85112E+12
mทเวลฟืพลัส,40,35,ของใช้ส่วนตัว,0,8.85112E+12
ยาน้ำแก้ไอ ตราโยคี 60มล.,25,12,ยา,19,8.85112E+12
ดีแคชแม็กซ์ ,45,40,น้ำยาปรับผ้านุ่ม,20,8.85114E+12
ดีแคช,50,45,เครื่องสำอาง,50,8.85114E+12
ดิแคช น้ำตาลทอง,60,55,น้ำยาปรับผ้านุ่ม,50,8.85114E+12
เอ็กซ์คิวท์30มล,15,12,ยาสระผมครีมนวด,50,8.85114E+12
เอ็กซ์คิวท์30มล,15,12,ยาสระผมครีมนวด,50,8.85114E+12
แปรงสีฟันเบอร์แมน,45,40,ราคาสิินค้า,100,8.85115E+12
Berman ออฟชั่น 1 2เเถม1,45,35,แปลงฟัน,120,8.85115E+12
แปรงสีฟันเบอร์แมน,20,15,ราคาสิินค้า,98,8.85115E+12
ซันซิล สมูท เเอนด์ เมเนจเจเบิ้ล 425ml.,85,72,ยาสระผมครีมนวด,120,88511525251
ซันซิล เเมกซ์เเคลเซียม เคราติน 425ml.,85,72,ยาสระผมครีมนวด,120,88511525252
ซันซิล เฮลธีเออร์ เเอนด์ ลอง 425ml.,85,72,ยาสระผมครีมนวด,120,88511525253
เคลียร์ เมน คูลสปอร์ต เมนทอล 425ml.,119,105,ยาสระผมครีมนวด,120,88511525254
ขูดมะพร้าว,25,17,ของใช้ส่วนตัว,6,8.85116E+12
แวนิช ออกซี่ แอ็คชั่น 30กรัม,10,8,ผงซักผ้า,-1,8.8512E+12
FK-1006 กล่องเก็บอาหาร 4 ช่อง,25,20,พลาสติก,120,8.8512E+12
เส้นก๊วยจั๊บเวียดนาม 150ก.,27,25,อาหารสำเร็จรูป,14,8.85121E+12
ดาร์ลี้150ก,50,42,ยาสีฟัน,18,8.85123E+12
ดาร์ลี่ ดับเบิ้ล เเอ็คชั่น 80กรัม,35,27,ยาสีฟัน,109,8.85123E+12
ดาร์ลี่ ดับเบิ้ล เเอ็คชั่น 35กรัม,15,12,ยาสีฟัน,19,8.85123E+12
ดาร์ลี่170กรัม,50,45,ยาสีฟัน,0,8.85123E+12
ฟองน้ำคิงคอง,5,3,ของใช้ส่วนตัว,20,8.85132E+12
แปลงขัดพื้นมิสเตอร์,30,25,ของใช้ส่วนตัว,20,8.85132E+12
คิงคองฝอยสแตนเลส,10,8,ของใช้ส่วนตัว,199,8.85132E+12
มิสเตอร์ สมาร์ท20ก,10,8,เครื่องปรุงต่างๆ,100,8.85132E+12
คิงคอง,10,8,ของใช้ส่วนตัว,-1,8.85132E+12
จูดีน่า เมจิสปา,65,60,เครื่องสำอาง,50,8.85139E+12
แม็กเย็บ,30,25,ของใช้ส่วนตัว,20,8.8514E+12
แคร์บิวโคโคนัท500ก,45,39,ยาสระผมครีมนวด,2,8.85143E+12
สกินแฮร์,75,70,เครื่องสำอาง,50,8.85143E+12
โอเค เฮอเบิล สีดำ,35,30,น้ำยาปรับผ้านุ่ม,20,8.85143E+12
แคร์บิวแฟนตาซี,35,24,สบู่,0,8.85143E+12
แคร์บิวโยเกิตร์250มล,35,24,ยาสระผมครีมนวด,2,8.85143E+12
แคร์บิวฮันนี้ 250มล,35,24,ยาสระผมครีมนวด,2,8.85143E+12
แคร์บิวซากุระ250มล,35,24,ยาสระผมครีมนวด,2,8.85143E+12
แคร์บิวสปา ลีลาวดี250มล,35,24,ยาสระผมครีมนวด,2,8.85143E+12
เเคร์บิว เเฟนตาซี ฟอกสีผม,30,25,เครื่องสำอาง,48,8.85143E+12
ฟอกสีผม,35,30,น้ำยาปรับผ้านุ่ม,20,8.85143E+12
โอเค เฮอเบิล สีดำ,35,30,น้ำยาปรับผ้านุ่ม,20,8.85143E+12
แคร์บิวแวก500มล,45,39,ยาสระผมครีมนวด,2,8.85143E+12
บิวตี้แฟนตาซีแฮร์,120,110,เครื่องสำอาง,50,8.85143E+12
แคร์บิวแฟนตาซี,120,110,น้ำยาปรับผ้านุ่ม,20,8.85143E+12
แชมพูผมดำ30มล,30,25,เครื่องสำอาง,100,8.85143E+12
คิมจูน้ำตาลเข็ม30มล,30,25,น้ำยาปรับผ้านุ่ม,50,8.85143E+12
แคร์บิว นมขาว500ก,45,39,ยาสระผมครีมนวด,2,8.85143E+12
แคร์บิวทานาคา,55,38,สบู่,47,8.85143E+12
บิ้วตี้คอลลาเจ่น,55,50,สบู่,-2,8.85143E+12
แคร์บิว เทาพาสเทค,85,80,เครื่องสำอาง,10,8.85143E+12
โคโคนัท ออยล์30มล.,10,9,ยาสระผมครีมนวด,20,8.85143E+12
แคร์บิวร์ 100มล,75,52,เครื่องสำอาง,50,8.85143E+12
ทรีทเมนท์ 30มล,10,8,ยาสระผมครีมนวด,20,8.85143E+12
แคร์บิว100ก,65,60,เครื่องสำอาง,50,8.85143E+12
แฮร์บิวเอรจอยD42,65,60,เครื่องสำอาง,50,8.85143E+12
ดีลักซ์ D45,65,60,เครื่องสำอาง,0,8.85143E+12
แคร์บิว เอ็นจอยดีลักซ์,65,55,น้ำยาปรับผ้านุ่ม,20,8.85143E+12
แคร์บิว,45,35,ราคาสิินค้า,0,8851427016066c8
เเคร์บิว แฟนตาซี พาวเดอร์ คิท 02ขาวมุข 65กรัม,45,37,เครื่องสำอาง,120,8.85143E+12
แคร์บิว เอ็นจอย100มล,65,60,น้ำยาปรับผ้านุ่ม,50,8.85143E+12
แคร์บิว30มล,35,30,น้ำยาปรับผ้านุ่ม,50,8.85143E+12
แฟนตาซีแชมพู1000มล,55,42,ยาสระผมครีมนวด,2,8.85143E+12
แฟนตาซีแชมพู,55,42,ยาสระผมครีมนวด,2,8.85143E+12
คัดเตอร์,25,20,ของใช้ส่วนตัว,20,8.85143E+12
โป๊ยเซียน ยาดม มาร์คทู,22,16.5,ยา,8,8.85145E+12
Mymol 500mg ฟ้าขาว,50,38,ยา,12,8.85147E+12
แอนตาซิล เยล 240มล.,65,45,ยา,18,8.85147E+12
นีโอติก้า บาล์ม 60ก.,75,70,ยา,30,8.85147E+12
ซาร่า ลดไข้เด็ก สตรอเบอร์รี่ 60มล.,50,38,ยา,11,8.85147E+12
ซาร่าน้ำทับทิม 60มล.,45,28,ยา,20,8.85147E+12
ซาร่าน้ำส้ม 60มล.,50,35,ยา,20,8.85147E+12
ซาร่า,14,7,ราคาสิินค้า,99,8.85147E+12
แอนตาซิล เยล 240ml,65,60,ราคาสิินค้า,120,8.85147E+12
ซาร่าองุ่น60มล,45,32,ยา,6,8.85147E+12
ยาธาตุ ไทยนคร 15ml,10,6,ราคาสิินค้า,120,8.85147E+12
ซาร่า,14,0,ยา,39,8.85147E+12
ทิฟฟี่ เดย์ 4 เม็ด,12,8,ยา,27,8.85147E+12
แอนนา ยาคุม  ,30,25,ยา,40,8.85147E+12
แอนตาซิล ,12,10,ยา,14,8.85147E+12
ข้าวทอง ถั่วเขียวซีกเลาะเปลือก 500ก.,32,27,เครื่องปรุงอาหาร,4,8.85148E+12
ถั่วเขียว,30,25,เครื่องปรุงอาหาร,0,8.85148E+12
ถั่วลิสงดิบ ข้าวทอง,37,30,เครื่องปรุงอาหาร,34,8.85148E+12
ข้าวเหนียวดำ500ก,30,25,เครื่องปรุงอาหาร,50,8.85148E+12
ข้าวทอง ถั่วดำ 500กก.,35,27,เครื่องปรุงอาหาร,120,8.85148E+12
ถั่วเขียวซีกเลาะเปลือก ข้าวทอง,35,30,เครื่องปรุงอาหาร,39,8.85148E+12
พริกไทยป่นจันท์ข้าวทอง,10,8,เครื่องปรุงอาหาร,18,8.85148E+12
พริกไทยเม็ด100ก,50,46,เครื่องปรุงอาหาร,41,8.85148E+12
เซนไดร์ท์4เลมอลมิน,55,45,กำจัดแมลง,5,8.8515E+12
เซนไดร์ 1 300มล.,75,64,กำจัดแมลง,20,8.8515E+12
เชนไดร์300มล,50,45,กำจัดแมลง,50,8.8515E+12
ทีโพล์500มล,20,15,น้ำยาล้างจาน,40,8.8515E+12
เซนไดร้ท์ 5 ไร้สารเเต่งกลิ่น 300มล.,55,49,กำจัดแมลง,37,8.8515E+12
เซนไดร์,55,49,กำจัดแมลง,39,8.8515E+12
เชนไดร้ท์ 3 ไร้กลิ่น 300มล,72,66,กำจัดแมลง,6,8.8515E+12
เซนไดร์ 7 ลาเวนเดอร์ 300มล,72,66,กำจัดแมลง,1,8.8515E+12
เชนไดร้ท์ ลาเวนเดอร์ โรส 300มล.,50,47,ราคาสิินค้า,118,8.8515E+12
ทีโพล์ โปร คลีน ดันฝุ่น 500มล.,95,89,น้ำยาล้างห้องน้ำ,3,8.8515E+12
ทีโพล์ โปรคลีน ดักฝุ่น 1000มล.,120,94,น้ำยาล้างห้องน้ำ,120,8.8515E+12
เชนไดร้ท ยาจุด,20,12,กำจัดแมลง,20,8.8515E+12
เชนไดร์  ยาจุด,20,12,กำจัดแมลง,20,8.8515E+12
ทีโพล์ ดิชซุปเปอร์ 400มล.,12,10,น้ำยาล้างจาน,0,8.8515E+12
เชนไดร้ท์ 4 กลิ่นลาเวนเดอร์ 300มล.,55,50,กำจัดแมลง,11,8.8515E+12
กวางเขียว5กก,155,139,ข้าว,99,8.85151E+12
ข้าวหมูเชฟ5กก,150,143,ราคาสิินค้า,4,8.85151E+12
สกลชมพู 5กก.,140,122,ข้าว,99,8.85151E+12
ข้าวช้างสุรินทร์1กก.,47,42,ข้าว,87,8.85151E+12
ข้าวอูดร 1กก.,35,29.5,ข้าว,99,8.85151E+12
ต.ทิพย์อุทัย 1กก,45,38,ข้าว,10,8.85151E+12
หมูเชฟ(ส้ม) 15กก.,395,343,ข้าว,100,8.85151E+12
ข้าวสกลม่วง 5กก,155,135,ข้าว,8,8.85151E+12
ข้าวเหนียวเขี้ยวงูใหญ่5กก,175,147,ข้าว,97,8.85151E+12
ข้าวผสม 55% 15กก.,340,319,ข้าว,100,8.85151E+12
ข้าวกว้าง1กก,35,27,ข้าว,9,8.85151E+12
ข้าวดอกบัวคู่5กก,145,133,ข้าว,5,8.85151E+12
ข้าวสกลม้วง15กก,425,389,ข้าว,2,8.85151E+12
ข้าวช้างสุรินทร์แดง15กก,545,529,ราคาสิินค้า,4,8.85151E+12
ข้าวกว้าง15กก,355,339,ข้าว,99,8.85151E+12
ช้างสุรินทร์ 15กก.,585,559,ข้าว,8,8.85151E+12
ช้างสุรินทร์ 5กก.,220,205,ข้าว,91,8.85151E+12
สกลม้วง1กก,35,30.25,ข้าว,6,8.85151E+12
ข้าวตราม้า 5กก.,145,132,ข้าว,97,8.85151E+12
ข้าวสุพรรณ55%,150,139,ข้าว,3,8.85151E+12
ข้าวตราม้า 15กก,275,249,ข้าว,99,8.85151E+12
ข้าวตราม้า 1กก.,35,27,ข้าว,97,8.85151E+12
ข้าวสกลเงิน15กก,395,375,ราคาสิินค้า,20,8.85151E+12
สกลเงิน 5กก.,165,137,ข้าว,100,8.85151E+12
สกลเขียว  5กก.,135,123,ข้าว,100,8.85151E+12
สกลส้ม5กก,125,105,ข้าว,1,8.85151E+12
สกลส้ม15ฏฏ,310,289,ข้าว,0,8.85151E+12
ข้าวส้ม1กก,30,23,ข้าว,12,8.85151E+12
แม็กซ์ No.10-1M,10,8,ของใช้ส่วนตัว,-3,8.85155E+12
ตราม้า ลวดเสียบกระดาษ No.1,10,6,พลาสติก,120,8.85155E+12
ตราม้า ปากกาเคมี น้ำเงิน,15,8,ของใช้ส่วนตัว,39,8.85155E+12
ปากกาเคมี,10,8,ของใช้ส่วนตัว,50,8.85155E+12
Horse ปากกาเคมี ชมพู ,15,8,ราคาสิินค้า,120,8.85155E+12
ยางลบ,5,4,ราคาสิินค้า,93,8.85155E+12
กาวน้ำ,20,15,ของใช้ส่วนตัว,50,8.85155E+12
ม้า ดินสอสี 12สี,40,34,ของใช้ส่วนตัว,19,8.85155E+12
กาว,15,10,ของใช้ส่วนตัว,20,8.85155E+12
ยูนิป๊อป,25,20,น้ำยาล้างจาน,20,8.85157E+12
ยูนิป๊อป400มล,25,20,น้ำยาล้างห้องน้ำ,50,8.85157E+12
ยูนิป๊อป 450มล,10,8,น้ำยาล้างห้องน้ำ,50,8.85157E+12
บ้านเพ ปลาเกล็ด25ก,15,12,ปลากระป๋อง,12,8.8516E+12
พลอยทะเล35ก,15,10,เครื่องปรุงอาหาร,100,8.8516E+12
กระทิอร่อยดี 250มล,28,25,กระทิ,72,8.85161E+12
กะทิ อร่อยดี 500มล.,47,44,กระทิ,177,8.85161E+12
กะทิอร่อยดี1000มล.,80,76,กระทิ,8,8.85161E+12
กะทิอร่อยดี150มล.,20,17.5,กระทิ,8,8.85161E+12
อร่อยดีอบควัน250มล,30,28,กระทิ,95,8.85161E+12
กะทิอร่อยดีอบควันเทียน,84,81,กระทิ,20,8.85161E+12
เต้าฮู้ยี้65ก,15,10,เครื่องปรุงอาหาร,20,8.85161E+12
เต้าฮู้ยี้125ก,25,20,เครื่องปรุงต่างๆ,50,8.85161E+12
เต้าฮู้ยี้260ก,40,35,เครื่องปรุงต่างๆ,50,8.85161E+12
ต้อม เเซนวิช หมูหย่อง 60กรัม,5,3,ขนม+ไอสครีม,120,8.85163E+12
แปลงซักผ้า,20,15,ของใช้ส่วนตัว,20,8.85167E+12
แปลงล้างห้องน้ำ,50,45,ของใช้ส่วนตัว,20,8.85167E+12
Mt ริบบิ้น สีขาว 50หลา,15,11,พลาสติก,10,8.85167E+12
Mt ริบบิ้น สีเหลือง 50หลา,15,11,พลาสติก,11,8.85167E+12
Mt ริบบิ้น สีทอง 50หลา,15,11,พลาสติก,120,8.85167E+12
mt ริบบิ้นห่อเหรียญ (เเดง) 50หลา,15,9,ของใช้ส่วนตัว,120,8.85167E+12
Mt ริบบิ้น สีชมพูอ่อน 50หลา,15,11,พลาสติก,120,8.85167E+12
Mt ริบบิ้น สีบานเย็น 50หลา,15,11,พลาสติก,120,8.85167E+12
Mt ริบบิ้น สีม่วง 50หลา,15,11,พลาสติก,120,8.85167E+12
Mt ริบบิ้น สีฟ้าอ่อน 50หลา,15,11,พลาสติก,120,8.85167E+12
Mt ริบบิ้น สีเขียวเข้ม 50หลา,15,11,พลาสติก,120,8.85167E+12
Mt ริบบิ้น สีดำ 50หลา,15,11,พลาสติก,120,8.85167E+12
ไร่ทิพย์ถั่วเขียว500ก,30,23,เครื่องปรุงต่างๆ,40,8.85168E+12
ถั่วเขียว ไร่ทิพย์,30,25,เครื่องปรุงอาหาร,20,8851683000250ถั
ไร่ทิพย์ถัวเขียวเราะเปลือก500ก,30,25,เครื่องปรุงอาหาร,50,8.85168E+12
ถั่วแดง500ก,30,25,เครื่องปรุงอาหาร,50,8.85168E+12
ลูกเดือย ไร่ทิพย์,35,30,เครื่องปรุงอาหาร,20,8.85168E+12
งาขาว ไร่ทิพย์,45,38,เครื่องปรุงอาหาร,18,8.85168E+12
แมงลักไร่ทิพย์,15,12,เครื่องปรุงต่างๆ,50,8.85168E+12
ไร่พิพย์100ก,15,10.7,เครื่องปรุงต่างๆ,50,8.85168E+12
ไร่ทิพย์ งาดำ 100ก.,15,11,ราคาสิินค้า,119,8.85168E+12
ลูกผักชี100ก,35,30,เครื่องปรุงต่างๆ,10,8.85168E+12
ถั่วดำ ไร่ทิพย์,30,25,เครื่องปรุงอาหาร,18,8.85168E+12
ถั่ว1/2กก,40,35,เครื่องปรุงต่างๆ,10,8.85168E+12
ไร่ทิพย์ พริกไทย60ก,25,21,เครื่องปรุงต่างๆ,12,8.85168E+12
ไร่ทิพย์ ถั่วลิสง เหลือง,45,34.5,เครื่องปรุงอาหาร,3,8.85168E+12
ไร่ทิพย์พริกป่น100ก,25,20.5,เครื่องปรุงอาหาร,5,8.85168E+12
ไร่ทิพย์ หัวหอมเจียว 100กรัม,25,21,ราคาสิินค้า,-1,8.85168E+12
ช้างเวป,20,18,กำจัดแมลง,50,8.85169E+12
เมอร์รี่ไบรท์,5,4,ของใช้ส่วนตัว,47,8.85171E+12
ฟองน้ำหุ่มตาขาย,5,4,ของใช้ส่วนตัว,18,8.85171E+12
เเสงโสม 0.30 ลิตร,155,150,เครื่องดื่ม,9,8.85171E+12
เเสงโสม 700มล.,310,290,เครื่องดื่ม,10,8.85171E+12
SangSom 1ลิตร ,440,421,เครื่องดื่มแอลกอฮอ,120,8.85171E+12
โยเกิร์ตสตรอเบอรี่135กรัม,15,10,เครื่องดื่ม,35,8.85172E+12
โยเกิร์ตผลไม้รวม135กรัม,15,10,เครื่องดื่ม,47,8.85172E+12
โยเกิร์ตวุ้นมะพร้าว135กรัม,15,10,เครื่องดื่ม,39,8.85172E+12
โยเกิร์ตธัญญาหาร,15,10,เครื่องดื่ม,40,8.85172E+12
โยเกิร์ตสตอเบอรี่,10,8,เครื่องดื่ม,40,8.85172E+12
โยเกิร์ตวุ้นมะพร้าว,10,8,เครื่องดื่ม,38,8.85172E+12
ดัชมิลล์ โยเกิร์พร้อมดื่ม รสส้ม 100มล.,7,5,เครื่องดื่ม,120,8.85172E+12
ดัชมิลล์สตอเบอรี่180มล.,10,8,เครื่องดื่ม,44,8.85172E+12
ดัชมิลล์ส้ม180มล.,10,8,เครื่องดื่ม,46,8.85172E+12
ดัชมิลล์ผลไม้รวม180มล.,10,8,เครื่องดื่ม,43,8.85172E+12
ดัชมิลล์ส้ม90มล.,6,5,เครื่องดื่ม,47,8.85172E+12
ดัชมิลแดง,6,5,ราคาสิินค้า,0,8.85172E+12
ดัชมิลล์ผลไม้รวม90มล.,6,5,เครื่องดื่ม,48,8.85172E+12
ดัชมิลล์เบอรี่90มล.,5,4,เครื่องดื่ม,47,8.85172E+12
ดัชมิว สตรอเบอร์รี่ 180ml,43,37,เครื่องดื่ม,44,8.85172E+12
ดัชมิลล์ ส้ม 180ml,38,32,เครื่องดื่ม,41,8.85172E+12
ดัชมิลล์ ผลไม้รวม 180ml,43,37,เครื่องดื่ม,43,8.85172E+12
ดัชมิลล์ส้มเล็ก,18,15,เครื่องดื่ม,43,8.85172E+12
ดัชมิลล์สตรอเบอรี่เล็ก,18,15,เครื่องดื่ม,47,8.85172E+12
ดัชมิลล์ผลไม้รวมเล็ก,18,15,เครื่องดื่ม,43,8.85172E+12
ดัชมิลล์เบอรี่เล็ก,18,15,เครื่องดื่ม,42,8.85172E+12
ดีน่างาดำ2เท่า,10,8,เครื่องดื่ม,46,8.85172E+12
ดีน่าน้ำตาลน้อย 180ml,38,35,ราคาสิินค้า,0,8.85172E+12
ดีไลท์ สูตรเคซีไอ 160 ml,10,9,เครื่องดื่ม,120,8.85172E+12
ดีไลท์ฟ้า100มล.,7,5,เครื่องดื่ม,48,8.85172E+12
ดีไลท์แดง160มล.,10,8,เครื่องดื่ม,48,8.85172E+12
ดีไลท์ฟ้า160มล.,10,8,เครื่องดื่ม,44,8.85172E+12
โยเกิร์ตดัชชี่ไบโอ,15,10,เครื่องดื่ม,40,8.85172E+12
โปเต้15กรัม,5,4,ขนม+ไอสครีม,198,8.85173E+12
โปเต้มันฝรั่งกรอบ 65กรัม,20,18,ขนม+ไอสครีม,19,8.85173E+12
ปาปริก้า มันฝรั่งกรอบ 15กรัม,5,4,ขนม+ไอสครีม,112,8.85173E+12
ปาปริก้ามันฝรั่งกรอบ 32กรัม,10,8,ขนม+ไอสครีม,20,8.85173E+12
ปาปริก้ามันฝรั่งกรอบ 65กรัม,20,17,ขนม+ไอสครีม,117,8.85173E+12
คอนเน่14กรัม,5,4,ขนม+ไอสครีม,14,8.85173E+12
คอนเน่56กรัม,20,18,ขนม+ไอสครีม,16,8.85173E+12
คอนเน่ข้าวโพดรสชีส 56กรัม,20,17,ขนม+ไอสครีม,119,8.85173E+12
โปเต้,55,50.5,ขนม+ไอสครีม,6,8.85173E+12
ปาปรีก้า,55,50.5,ขนม+ไอสครีม,6,8.85173E+12
เมอร์ซี่ เฟรช 30มล.,35,30,ของใช้ส่วนตัว,50,8.85174E+12
เมอร์ซี่ ฟลอร่า 30มล.,35,30,ของใช้ส่วนตัว,50,8.85174E+12
ซํนเจี่ย,30,25,ของใช้ส่วนตัว,20,8.85175E+12
ซุปเปอร์ออริจินัล180มล.,15,12,ราคาสิินค้า,100,8.85175E+12
มอคโคน่า โกลด์ 20ซอง,95,87,กาแฟ,100,8.85175E+12
มอคโคนา100ซอง,325,318,กาแฟ,5,8.85175E+12
ม็อคโคน่า เอสเปรสโซ่ 3อิน1 15.8กรัม,5,4,กาแฟ,40,8.85175E+12
มอคโคน่าทรีโอเอส,120,93,กาแฟ,13,8.85175E+12
มอคโคน่า คลาสสิค 27ซอง,105,87,กาแฟ,119,8.85175E+12
ม็อคโคน่าแดง18กรัม,4,3,กาแฟ,19,8.85175E+12
มอคโคน่า ทรีโอ ริช เเอนด์ สมูท 27ซอง,120,96,กาแฟ,121,8.85175E+12
แอทแทค,65,60,ผงซักผ้า,100,8.85182E+12
แอทแทคซอฟท์พลัส90กรัม,10,8,ผงซักผ้า,18,8.85182E+12
อีซี่110ก,10,8,ผงซักผ้า,18,8.85182E+12
ลอรีเอะอัลตร้าสลิม,16,14,ของใช้ส่วนตัว,20,8.85182E+12
แอคแทค3D100กรัม,10,8,ผงซักผ้า,-2,8.85182E+12
แอทแทค160มล,20,16,ผงซักผ้า,20,8.85182E+12
แอทแทค900กรัม,79,70,ผงซักผ้า,19,8.85182E+12
ลอรีเอะ S&S 30ซม.กลางคืน,16,12,ของใช้ส่วนตัว,102,8.85182E+12
ลอรีเอะ S&S ลาเวนเดอร์ 30cm.,26,21,ผ้าอนามัย,5,8.85182E+12
อีซีคลิก1900กรัม,99,90,ผงซักผ้า,20,8.85182E+12
อีซี่60กรัม,5,3,ผงซักผ้า,20,8.85182E+12
มาจิคลีนเบอรี่500มล.,45,40,น้ำยาล้างห้องน้ำ,19,8.85182E+12
มาจิกคลีนลาเวนเดอร์400มล.,25,20,น้ำยาล้างห้องน้ำ,17,8.85182E+12
มาจิกคลีนลิลลี่400มล.,25,20,น้ำยาล้างห้องน้ำ,21,8.85182E+12
ลอรีเอะ S&S สลิมคูล 22cm.,18,14,ผ้าอนามัย,17,8.85182E+12
แอทแทค650มล,50,45,ผงซักผ้า,20,8.85182E+12
บีโอเร ซากุระ,50,45,เครื่องสำอาง,100,8.85182E+12
แอทแทค800ก,65,55,ผงซักผ้า,100,8.85182E+12
บิโอเร220มล,50,45,เครื่องสำอาง,100,8.85182E+12
แอทแทค อีซี่900กรัม,55,50,ผงซักผ้า,19,8.85182E+12
บิโอเร220มล,50,45,เครื่องสำอาง,100,8.85182E+12
มาจิกคลีน เบอร์รี่ อโรมา 750มล.,45,34,น้ำยาล้างห้องน้ำ,120,8.85182E+12
แอทแทค,20,15,ผงซักผ้า,-1,8.85182E+12
อีซี่120กรัม,10,8,ผงซักผ้า,18,8.85182E+12
ลอรีเอะ S&S สลิม 5P,10,8,ผ้าอนามัย,17,8.85182E+12
ลอรีเอะ4ชิ้น,12,10,ของใช้ส่วนตัว,20,8.85182E+12
ลอรีเอะ S&S เเมกซี่ 5P,12,10,ผ้าอนามัย,19,8.85182E+12
ลอรีเอะ10ชิ้น,25,20,น้ำยาปรับผ้านุ่ม,20,8.85182E+12
ลอรีเอะ4ชิ้น,14,10,น้ำยาปรับผ้านุ่ม,17,8.85182E+12
ลอรีเอะกางคืน4ชิ้น 30ซม. ,16,14,ของใช้ส่วนตัว,5,8.85182E+12
แอทแทคอีซี้800ก,45,35,ผงซักผ้า,100,8.85182E+12
แอทแทคอีซี่800ก,45,35,ผงซักผ้า,99,8.85182E+12
แอทแทคอีซี่,100,95,ผงซักผ้า,100,8.85182E+12
อีซี800ก,40,35,ผงซักผ้า,20,8.85182E+12
แอทแทคอีซี1900ก,100,95,ผงซักผ้า,50,8.85182E+12
แอทแทคอีซี่800ก,50,45,ผงซักผ้า,100,8.85182E+12
อีซี่60ก,5,3,ผงซักผ้า,98,8.85182E+12
อีซี้110ก,10,8,ผงซักผ้า,19,8.85182E+12
แอทแทคอีซี่300ก,20,18,ผงซักผ้า,98,8.85182E+12
แอทแทค120ก,10,8,ผงซักผ้า,97,8.85182E+12
แอทแทคอีซี่350ก,20,18,ผงซักผ้า,93,8.85182E+12
แอทแทค120ก,10,8,ผงซักผ้า,97,8.85182E+12
แอทแทคอีซี่300ก,20,18,ผงซักผ้า,99,8.85182E+12
มาจิคลีน,45,40,น้ำยาล้างห้องน้ำ,100,8.85182E+12
มาจิคลีน750มล,50,45,น้ำยาปรับผ้านุ่ม,50,8.85182E+12
มาจิคลีน600มล,45,35,น้ำยาล้างห้องน้ำ,50,8.85182E+12
มาจิคลีน750มล,50,45,น้ำยาล้างห้องน้ำ,50,8.85182E+12
มาจิคลีน600มล,45,35,ราคาสิินค้า,50,8.85182E+12
มาจิคลีน750มล,50,45,น้ำยาปรับผ้านุ่ม,50,8.85182E+12
มาจิคลีน400มล.,25,20,พลาสติก,20,8.85182E+12
ไฮเตอร์คัลเลอร์500มล.,45,40,ผงซักผ้า,20,8.85182E+12
อีซี่ มาตรฐาน 300ก.,20,15,ผงซักผ้า,120,8.85182E+12
แอทแทคอีซี่220กรัม,20,15,ผงซักผ้า,20,8.85182E+12
มาจิกคลีน850มล.,55,50,น้ำยาล้างห้องน้ำ,20,8.85182E+12
ลอรีเอะ เดลี่ คลีน 20P,25,21,ผ้าอนามัย,3,8.85182E+12
ลอรีเอะแบบบาง ,25,20,น้ำยาปรับผ้านุ่ม,20,8.85182E+12
ลอรีเอะ เดลี่ พิงค์ซากุระ 20P,25,21,ผ้าอนามัย,3,8.85182E+12
ลอรีเอะ ดิโอเดอเเรนท์ 18P,25,21,ผ้าอนามัย,4,8.85182E+12
แอทแทค400มล.,29,20,ผงซักผ้า,30,8.85182E+12
แอทแทค400มล.,29,20,ผงซักผ้า,30,8.85182E+12
แอคเทค3Dน้ำ,5,4,ผงซักผ้า,0,8.85182E+12
แอคแทคซอฟพลัส35มล.,4,3,ผงซักผ้า,0,8.85182E+12
แอทแทคซอฟท์พลัส800กรัม,70,65,ผงซักผ้า,30,8.85182E+12
แอทแทค ดีโอ,110,95,น้ำยาปรับผ้านุ่ม,20,8.85182E+12
แอทแทคดีโอ22มล,4,2,น้ำยาปรับผ้านุ่ม,100,8.85182E+12
แอทแทค ดีโอ,110,95,น้ำยาปรับผ้านุ่ม,20,8.85182E+12
แอทแทค22มล,4,2,น้ำยาปรับผ้านุ่ม,100,8.85182E+12
แออทแทคซักผ้า720มล,50,45,ผงซักผ้า,20,8.85182E+12
ลอรีเอะ4ชิ้น,14,10,น้ำยาปรับผ้านุ่ม,20,8.85182E+12
ลอรีเอะ8ชิ้น,35,30,น้ำยาปรับผ้านุ่ม,20,8.85182E+12
ไฮเตอร์ สีฟ้า 250มล.,15,12,ผงซักผ้า,6,8.85182E+12
ไฮเตอร์600มล.,35,30,ผงซักผ้า,30,8.85182E+12
ไฮเตอร์250มล,20,18,ผงซักผ้า,104,8.85182E+12
"ไฮเตอร์600,].",35,30,ผงซักผ้า,29,8.85182E+12
ไฮเตอร์ สีเหลือง250มล,20,18,ผงซักผ้า,105,8.85182E+12
"ไฮเตอร์600,].",35,30,ผงซักผ้า,30,8.85182E+12
มาจิกคลีนลิลี่500มล.,45,40,น้ำยาล้างห้องน้ำ,28,8.85182E+12
มาจิคลีน500มล.,45,40,น้ำยาล้างห้องน้ำ,28,8.85182E+12
มาจิกกลีน425มล.,30,25,น้ำยาล้างห้องน้ำ,29,8.85182E+12
มาจิคลีน425มล,30,25,น้ำยาล้างห้องน้ำ,50,8.85182E+12
ลอรีเอะคูล3ชิ้น,16,12,กระดาษทิชชู,50,8.85182E+12
มาจิคลีน400มล,25,20,น้ำยาล้างห้องน้ำ,52,8.85182E+12
แอทแทคอีซี่800ก,50,45,ผงซักผ้า,100,8.85182E+12
มาจิกคลีน ลิลลี่ บูเก้ 750มล.,45,34,น้ำยาล้างห้องน้ำ,119,8.85182E+12
อีซีคลิก120กรัม,10,8,ผงซักผ้า,30,8.85182E+12
มาจิคลีน800มล,55,50,น้ำยาล้างห้องน้ำ,50,8.85182E+12
อีซี่ควิก,30,25,น้ำยาปรับผ้านุ่ม,100,8.85182E+12
อีซี่ ควิก370มล,30,28,ผงซักผ้า,100,8.85182E+12
แอทแทคอีซ๊่450กรัม,30,25,ผงซักผ้า,28,8.85182E+12
ไฮเตอร์800มล,55,50,ผงซักผ้า,50,8.85182E+12
ไฮเตอร์1000มล.,65,60,ผงซักผ้า,30,8.85182E+12
ไฮเตอร์ขจัดกลิ่น40ก,10,8,ผงซักผ้า,20,8.85182E+12
ลอรีเอะ  25ซม.,30,25,เครื่องสำอาง,6,8.85182E+12
ลอลิเอะดับเบิ้ลเคร์ฟ,25,20,น้ำยาปรับผ้านุ่ม,20,8.85182E+12
ไฮเตอร์800มล,55,50,ผงซักผ้า,50,8.85182E+12
แอทแท็คอีซี่คลิก110กรัม,10,8,ผงซักผ้า,20,8.85182E+12
อีซี่คลิก,55,50,ผงซักผ้า,20,8.85182E+12
ลอรีเอะ,16,12,น้ำยาปรับผ้านุ่ม,100,8.85182E+12
แอทแทคอีซี่คลิก110กรัม,10,8,ผงซักผ้า,20,8.85182E+12
อีซีคลิก800กรัม,55,50,ผงซักผ้า,20,8.85182E+12
อีซีคลิก1900กรัม,100,90,ผงซักผ้า,20,8.85182E+12
แฟซ่า70มล,20,16,ยาสระผมครีมนวด,19,8.85182E+12
แฟซ่า(แชมพู)70มล.,20,18,ยาสระผมครีมนวด,19,8.85182E+12
แฟซ่า(แชมพู)70มล.,20,18,ยาสระผมครีมนวด,20,8.85182E+12
แฟซ่า(แชมพู)70มล.,20,18,ยาสระผมครีมนวด,20,8.85182E+12
แฟซ่า(แชมพู)70มล.,20,18,ยาสระผมครีมนวด,20,8.85182E+12
แฟซ่า(แชมพู)70มล.,20,18,ยาสระผมครีมนวด,20,8.85182E+12
แฟซ่าเครียร์แอนด์เฟรช340มล,45,40,ยาสระผมครีมนวด,10,8.85182E+12
แฟซ่า,45,40,ราคาสิินค้า,0,8.85182E+12
แฟซ่า,45,40,ราคาสิินค้า,0,8.85182E+12
แฟซ่า340มล,45,40,ยาสระผมครีมนวด,10,8.85182E+12
แฟซา,45,40,ราคาสิินค้า,0,8.85182E+12
แฟซ่า โวลุ่มแอนด์สเตรท340มล,46,40,ยาสระผมครีมนวด,10,8.85182E+12
ดีคอลเจน พริน ชนิดเม็ด,12,8,ยา,29,8.85182E+12
ก.ย15,5,3.5,กำจัดแมลง,20,8.85183E+12
ก.ย. 15 ลาวันเดอร์,45,36,เครื่องสำอาง,0,8.85183E+12
ก.ย.15,45,36,ราคาสิินค้า,0,8.85183E+12
กย,5,4,กำจัดแมลง,50,8.85183E+12
ก.ย.15 กลิ่น เฟรช บลอสซั่ม 50 ก.,35,30,ราคาสิินค้า,100,8.85183E+12
ก.ย.15,20,18,กำจัดแมลง,53,8.85183E+12
กย,5,4,กำจัดแมลง,50,8.85183E+12
ก.ย.,20,18,กำจัดแมลง,46,8.85183E+12
ก.ย.15ลาเวนเดอร์,5,4,กำจัดแมลง,17,8.85183E+12
โฮมเบบี้200มล,20,15,ผงซักผ้า,20,8.85183E+12
โฮมเบบี้600มล,55,50,น้ำยาปรับผ้านุ่ม,20,8.85183E+12
มายมิ้นท์,5,4,ขนม+ไอสครีม,20,8.85183E+12
โอเค เฮอร์เบิล สีดำ 30มล,39,35,เครื่องสำอาง,40,8.85183E+12
โอเค เฮอเบิล สีน้ำตาลเข้ม 30มล,39,35,น้ำยาปรับผ้านุ่ม,53,8.85183E+12
โอเค เฮอเบิลปิดผมขาว,39,35,เครื่องสำอาง,24,8.85183E+12
โอเค เฮอเบิล สีน้ำตาลประกายเเดง 30มล.,39,35,เครื่องสำอาง,115,8.85183E+12
ยาธาตุน้ำขาว 50มล.,22,16,ยา,28,8.85185E+12
ยาธาตุน้ำขาว 200มล.,65,57,ยา,30,8.85185E+12
มาม่า คัพ เส้นหมี่น้ำใส 50ก.,15,11,ราคาสิินค้า,120,8.85188E+12
มาม่าวุ้นเส้น180ก,13,10,อาหารสำเร็จรูป,100,8.85188E+12
มาม่าคัพเส้นเล็กต้มยำ,13,10,อาหารสำเร็จรูป,20,8.85188E+12
มาม่า เล้งเเซบ 70ก.,18,17,อาหารสำเร็จรูป,200,8.85188E+12
มาม่าคัพ ผัดหอยลาย 55ก.,18,15,ราคาสิินค้า,120,8.85188E+12
มาม่า น้ำยาปู ,18,15,เครื่องปรุงอาหาร,200,8.85188E+12
มาม่า ก๋วยเตี๋ยวเรือ 87ก.,25,21,อาหารสำเร็จรูป,8,8.85188E+12
มาม่า เย็นตาโฟ 85ก.,25,21,อาหารสำเร็จรูป,8,8.85188E+12
มาม่าวุ้นเส้นต้มยำกุ้ง,6,3,อาหารสำเร็จรูป,10,8.85188E+12
มาม่าวุ้นเส้น,12,10,อาหารสำเร็จรูป,-5,8.85188E+12
ม่ามา วุ้นเส้นน้ำใส่ 40ก.,12,8,อาหารสำเร็จรูป,196,8.85188E+12
มาม่า ข้าวต้ม รสกุ้งกระเทียม 35ก.,18,14,ราคาสิินค้า,120,8.85188E+12
มาม่าข้าวต้ม35ก,15,10,อาหารสำเร็จรูป,6,8.85188E+12
มาม่า ข้าวต้ม รสเล้งเเซ่บ 35ก.,18,13,ราคาสิินค้า,120,8.85188E+12
สมุดชีก,5,4,ของใช้ส่วนตัว,20,8.85191E+12
กรรไกรต,25,20,ราคาสิินค้า,0,8.85191E+12
ตราช้าง ลวดเย็บกระดาษ เบอร์ 10 ,10,6,พลาสติก,120,8.85191E+12
สมุดตราช้าง 80แกรน,10,8,ของใช้ส่วนตัว,71,8.85191E+12
ริควิช,20,15,ของใช้ส่วนตัว,50,8.85191E+12
กาวแท่ง,20,15,ของใช้ส่วนตัว,50,8.85191E+12
elfen LISO ปากกาน้ำเงิน ,5,4,พลาสติก,10,8.85191E+12
ริควิช,20,15,ของใช้ส่วนตัว,50,8.85191E+12
กาะดาษ100บอน,5,4,ราคาสิินค้า,87,8.85191E+12
ปากกา,5,4,ราคาสิินค้า,100,8.85191E+12
เต้าเจี้ยวสูตร1 ง่วนเชียง,25,20,เครื่องปรุงต่างๆ,20,8.85191E+12
ซูกัสแอปเปิ้ล,6,5,ขนม+ไอสครีม,18,8.85193E+12
ซูกัสองุ่น,6,5,ขนม+ไอสครีม,19,8.85193E+12
ซูกัสส้ม,6,5,ขนม+ไอสครีม,19,8.85193E+12
ซูกัสราสเบอรี่,6,5,ขนม+ไอสครีม,-1,8.85193E+12
สบู่นกแก้ว 75กรัม,10,9,สบู่,17,8.85193E+12
สบู่นกแก้ว70กแพ็ค5,40,35,สบู่,19,8.85193E+12
แพรอท โกลด์ มอยส์เจอ บูส,12,10,สบู่,30,8.85193E+12
สบู่นกเเก้ว พฤกษา 105ก,15,10,สบู่,7,8.85193E+12
สบู่นกแก้ว,50,45,สบู่,48,8.85193E+12
นกแก้ว75ก,10,8,สบู่,100,8.85193E+12
แพรอทโกลไวท์เรเดียน,12,10,สบู่,0,8.85193E+12
นกแก้ว105ก,15,12,สบู่,100,8.85193E+12
สบู่นกแก้ว มะลิ75กรัม,10,8,สบู่,26,8.85193E+12
สบู่นกแก้ว60ก,10,8,สบู่,49,8.85193E+12
นกแก้ว70ก แพค4,40,35,สบู่,20,8.85193E+12
สบู่นกแก้ว  มะลิ110กรัม,15,12,สบู่,28,8.85193E+12
สบู่นกแก้ว 110กรัม,15,10,สบู่,20,8.85193E+12
นกแก้วกลิ่นไม้หอม,45,40,แป้ง,100,8.85193E+12
นกแก้วกลิ่นมะลิ,45,40,แป้ง,100,8.85193E+12
สบู่นกเเก้ว ลีลาวดี 75กรัม,10,8,สบู่,30,8.85193E+12
นกแก้วลีลาวดี,45,40,แป้ง,100,8.85193E+12
นกแก้ว105ก,15,12,สบู่,100,8.85193E+12
นกแก้ว105ก,15,12,สบู่,100,8.85193E+12
สบู่นกแก้ว กุหลาบ75กรัม,10,8,สบู่,30,8.85193E+12
นกแก้วกลิ่นกุหลาบ,45,40,แป้ง,0,8.85193E+12
สบู่นกแก้ว60ก,10,8,สบู่,46,8.85193E+12
นกแก้วกล้วยไม้,45,40,แป้ง,100,8.85193E+12
สบู่นกแก้ว กล้วยไม้ป่า 75กรัม,10,8,สบู่,30,8.85193E+12
สบู่นกแก้ว กล้วยไม้ป่า110กรัม,15,12,สบู่,30,8.85193E+12
แพรอท120ก,45,40,เครื่องสำอาง,100,8.85193E+12
แพรอท อาบน้ำแพ็คคู่,140,135,ยาสระผมครีมนวด,20,8.85193E+12
สบู่แพรอท95ก,18,15,สบู่,100,8.85193E+12
สบู่แพรอท95ก,18,15,สบู่,99,8.85193E+12
สบู่แพรอท95ก,18,15,สบู่,100,8.85193E+12
สบู่แพรอด95กแพค4,55,50,สบู่,20,8.85193E+12
แพทรอท อาบน้ำแพคคู่,140,130,ยาสระผมครีมนวด,20,8.85193E+12
นกแก้ว ทานาคา 70ก,10,8,สบู่,97,8.85193E+12
นกแก้ว105ก,15,12,สบู่,100,8.85193E+12
สบู่แพรอด60ก,10,8,สบู่,50,8.85193E+12
สบู่นกแก้ว105ก,15,10,สบู่,50,8.85193E+12
สบู่นกแก้ว70กแพ็ค4,35,30,สบู่,50,8.85193E+12
สบู่พฤกษา นกเเก้ว กลิ่นลิลลี่ พีช 4 ก้อน,50,45,ของใช้ส่วนตัว,120,8.85193E+12
นกเเก้ว เนเชอรัล บลู-โอเชี่ยน 70ก.,15,11,สบู่,120,8.85193E+12
นกเเก้ว เนเชอรัล ซีเคร็ต บลอสซั้ม 70ก.,15,11,สบู่,120,8.85193E+12
สบู่ซันไลต์,10,8,ผงซักผ้า,30,8.85193E+12
พอด์สเมจิกพาวเดอร์50กรัม,45,39,แป้ง,26,8.85193E+12
บรสเพาเวอร์900กรัม,55,50,ผงซักผ้า,30,8.85193E+12
วาสลีน อินเเทนซีฟ ดีพ รีสโตร์ 120มล.,65,60,เครื่องสำอาง,120,8.85193E+12
วาสลัน,75,70,เครื่องสำอาง,50,8.85193E+12
บรีส,10,8,ผงซักผ้า,26,8.85193E+12
โอโม่พลัส95กรัม,10,8,ผงซักผ้า,0,8.85193E+12
วาสลีน อินแทนซีฟ อโล ซูธ 120มล.,65,60,สบู่,50,8.85193E+12
บรีส,10,8,ผงซักผ้า,28,8.85193E+12
พอนด์ส โฟม15ก,20,14,เครื่องสำอาง,6,8.85193E+12
พอลร์15มล,20,18,เครื่องสำอาง,50,8.85193E+12
สบู่ลักส์55กรัม,10,8,สบู่,20,8.85193E+12
สบู่ลักส์75ก,13,12,สบู่,100,8.85193E+12
ลักส์ เวลเวท75กรัม,13,12,สบู่,29,8.85193E+12
ลักส์75ก แพค4,55,50,สบู่,20,8.85193E+12
สบู่ลักส์75ก,13,12,สบู่,100,8.85193E+12
สบู่วาสลีน ดีโอแคทีฟ,15,12,สบู่,30,8.85193E+12
สบู่วาสลิน เฮสธี้ไวท์75กรัม,15,12,สบู่,30,8.85193E+12
สบู่วาสลีน ไอซี่คูล 75กร้ม,15,12,สบู่,30,8.85193E+12
สบู่วาสลีน โททอล75กรัม,15,12,สบู่,30,8.85193E+12
ซํนไลต์550มล.,30,25,น้ำยาล้างจาน,10,8.85193E+12
บรีสเอกเซล800กรัม,79,70,ผงซักผ้า,29,8.85193E+12
บรีส เข้มข้น 850ก.,79,70,ผงซักผ้า,111,8.85193E+12
comfortสีชมพู6ซอง,55,52,น้ำยาปรับผ้านุ่ม,10,8.85193E+12
คอมฟอร์ทฟ้า580มล.,20,15,น้ำยาปรับผ้านุ่ม,27,8.85193E+12
คอมฟอร์ดชมพู,18,13,น้ำยาปรับผ้านุ่ม,92,8.85193E+12
คอมฟอร์ทกลิ่นหอมผ่อนคลาย580มล.,18,13,น้ำยาปรับผ้านุ่ม,28,8.85193E+12
โอโม่,130,125,ผงซักผ้า,99,8.85193E+12
คอมฟอร์ทกลิ่นดอกไม้,10,8,น้ำยาปรับผ้านุ่ม,30,8.85193E+12
สบู่ลักแพค4,50,47,สบู่,20,8.85193E+12
ลักส์ เมจิเคิล  75กรัม,13,12,สบู่,30,8.85193E+12
คอมฟอร์ทน้ำเงิน,40,35,น้ำยาปรับผ้านุ่ม,49,8.85193E+12
คอมฟอร์ทอัลตร้า,40,35,น้ำยาปรับผ้านุ่ม,19,8.85193E+12
บรีส230กรัม,25,20,ผงซักผ้า,100,8.85193E+12
ทรีทเมนท์ มาส์ท 15มล,10,8,ยาสระผมครีมนวด,19,8.85193E+12
บรีสเอกเซล210กรัม,25,20,ผงซักผ้า,30,8.85193E+12
คอมฟอร์ท น้ำเดียว ฟลอรัส เฟรช 300มล.,40,35,น้ำยาปรับผ้านุ่ม,50,8.85193E+12
คอมฟอร์ท22มล.,4,2,น้ำยาปรับผ้านุ่ม,30,8.85193E+12
คอมฟอร์ทน้ำเดียวน้ำเงิน,40,35,น้ำยาปรับผ้านุ่ม,-3,8.85193E+12
ซิตร้าน้ำผึ้งเกาหลี,25,20,เครื่องสำอาง,50,8.85193E+12
ซิตร้าไข่มุก,29,25,เครื่องสำอาง,49,8.85193E+12
พอนด์ส เพียวไวท์ เฟเชียล โฟม 15ก.,20,15,ราคาสิินค้า,100,8.85193E+12
โดมแชมพู70มล,20,18,ยาสระผมครีมนวด,100,8.85193E+12
โดฟ  สเตรท,20,18,ยาสระผมครีมนวด,50,8.85193E+12
โดฟ  อินเทนซ์,20,18,ยาสระผมครีมนวด,50,8.85193E+12
โดฟร์450มล,120,110,ยาสระผมครีมนวด,20,8.85193E+12
Dove shampoo450ml,120,110,ยาสระผมครีมนวด,20,8.85193E+12
โดฟแฮร์ฟอล,65,60,ยาสระผมครีมนวด,0,8.85193E+12
บรีสเพาเวอร์120กรัม,10,8,ผงซักผ้า,30,8.85193E+12
บรีสเพาเวอร์120กรัม,10,8,ผงซักผ้า,20,8.85193E+12
โอโม่125กรัม,10,8,ผงซักผ้า,100,8.85193E+12
บลีส เอกเซล สูตรเข้มข้น 750มล,50,46,ผงซักผ้า,4,8.85193E+12
บรีส400มล.,50,45,ผงซักผ้า,28,8.85193E+12
พอด์สเมจิกพาวเดอร์50กรัม,45,39,แป้ง,30,8.85193E+12
โดมแชมพู140มล,39,30,ยาสระผมครีมนวด,99,8.85193E+12
บรีสลิควิด400มล,125,99,ผงซักผ้า,50,8.85193E+12
บรีส35มล,5,4,ผงซักผ้า,94,8.85193E+12
สเปรย์น้ำหอมแอ๊กซ์โพรดวค,65,60,แป้ง,30,8.85193E+12
คอมฟอร์ท22มล,4,3,น้ำยาปรับผ้านุ่ม,100,8.85193E+12
คอมฟอร์ทน้ำเดียวชมพู,70,65,น้ำยาปรับผ้านุ่ม,0,8.85193E+12
เคลียร์แฮร์ฟอล,29,25,ยาสระผมครีมนวด,100,8.85193E+12
เคลียร์สีส้ม,75,70,ยาสระผมครีมนวด,-1,8.85193E+12
เคลียร์เม็นคลูมิ้น170มล.,75,70,ยาสระผมครีมนวด,47,8.85193E+12
เคลียร์ไอซ์มิ้นท์,75,70,ยาสระผมครีมนวด,-1,8.85193E+12
โอโม พลัส210ก,20,18,ผงซักผ้า,100,8.85193E+12
โอโมพลัส100กรัม,10,8,ผงซักผ้า,30,8.85193E+12
บรีส380มล.,50,45,ผงซักผ้า,30,8.85193E+12
บรีสเอกเซลชนิดน้ำ380มล.,45,40,ผงซักผ้า,30,8.85193E+12
บรีสเอกเซล380มล,120,99,ผงซักผ้า,20,8.85193E+12
โดฟนูทริทีฟโซลูชั่น140มล.,35,30,ยาสระผมครีมนวด,30,8.85193E+12
โดฟนูทริทีฟ,65,60,ยาสระผมครีมนวด,0,8.85193E+12
ลักส์ซอฟท์ทัช,15,10,สบู่,100,8.85193E+12
สบู่ลักส์ เมจิกเคิล100กรัม,15,12,สบู่,30,8.85193E+12
ลักส์110ก,17,15,สบู่,100,8.85193E+12
โอโม430กรัม,25,20,ผงซักผ้า,23,8.85193E+12
Dove shampoo450ml,120,110,ยาสระผมครีมนวด,20,8.85193E+12
โอโม่พลัส210กรัม,18,15,ผงซักผ้า,0,8.85193E+12
ซิตร้า นูริช 150มล.,49,45,เครื่องสำอาง,3,8.85193E+12
ซิตร้า เพิร์ลลี่ 150มล.,49,45,เครื่องสำอาง,3,8.85193E+12
วาสลีน เฮลธี้ ไวท์120ml,69,60,เครื่องสำอาง,12,8.85193E+12
วาสลีนเอฟซีไวท์,69,60,สบู่,50,8.85193E+12
วาสลีน120มล,59,43,สบู่,50,8.85193E+12
ทรีทเมนท์ มาส์ท,10,8,ยาสระผมครีมนวด,19,8.85193E+12
เคลียร์ไอว์เมนทอด,29,25,ยาสระผมครีมนวด,0,8.85193E+12
คอมฟอร์ทกลิ่นหอมโรแมนติก580มล.,20,13,น้ำยาปรับผ้านุ่ม,15,8.85193E+12
โอโมพลัส210กรัม,20,15,ผงซักผ้า,20,8.85193E+12
โดฟ รีแพร์112มล,10,8,ยาสระผมครีมนวด,20,8.85193E+12
โดฟนูทริทีฟโซลูชั่น(แชมพู)70มล.,20,18,ยาสระผมครีมนวด,20,8.85193E+12
เคลียร์เม็นคาร์บอนมิ้นท์,75,70,ยาสระผมครีมนวด,48,8.85193E+12
เคลียร์340มล.,125,120,ยาสระผมครีมนวด,20,8.85193E+12
บรีสเอกเซล30มล.,5,3,ผงซักผ้า,20,8.85193E+12
คอมฟอร์ท,4,3,น้ำยาปรับผ้านุ่ม,100,8.85193E+12
คอมฟอร์ ทอโรร่า,75,65,น้ำยาปรับผ้านุ่ม,-2,8.85193E+12
ทรีทเมนท์ มาส์ท 15มล,10,9,ยาสระผมครีมนวด,20,8.85193E+12
วาสลีน,75,70,เครื่องสำอาง,50,8.85193E+12
สเปรย์แอ๊ซ์อพอลโล่50มล.,65,60,เครื่องสำอาง,30,8.85193E+12
วาสลีน75ก,15,13,สบู่,100,8.85193E+12
แอ๊กซ์(โรลออน),65,60,เครื่องสำอาง,20,8.85193E+12
ลักส์ไวท์(ครีมอาบน้ำ)80มล.,25,20,เครื่องสำอาง,20,8.85193E+12
ลักส์ไวท์(ครีมอาบน้ำ)80มล.,25,20,เครื่องสำอาง,20,8.85193E+12
โดฟ,25,20,ยาสระผมครีมนวด,0,8.85193E+12
โดฟนูทริทีฟโซลูชั่น(ครีมนวด)70มล.,25,20,ยาสระผมครีมนวด,20,8.85193E+12
เคลียร์ซากุระ,75,70,ยาสระผมครีมนวด,0,8.85193E+12
พอนด์ส(ครีม)7กรัม,15,13,เครื่องสำอาง,19,8.85193E+12
ซิตร้า อัลติเมท 150มล.,59,55,เครื่องสำอาง,20,8.85193E+12
ครีมโดฟ130มล,35,32,ยาสระผมครีมนวด,50,8.85193E+12
บรีส100ก,10,8,ผงซักผ้า,100,8.85193E+12
ซํนไลต์525มล.,27,20,น้ำยาล้างจาน,20,8.85193E+12
เคลียร์สีม่วง ครีมนวด,75,70,ยาสระผมครีมนวด,0,8.85193E+12
แอ๊กแบล๊ก50มล,65,60,เครื่องสำอาง,50,8.85193E+12
บรีสเอกเซล,79,70,ผงซักผ้า,100,8.85193E+12
clearmenส้ม,75,70,ยาสระผมครีมนวด,0,8.85193E+12
ลักส์75ก,15,10,สบู่,50,8.85193E+12
สบู่ลักส์75กแพค4,50,45,สบู่,20,8.85193E+12
ลักส์ไวท์(ครีมอาบน้ำ)80มล.,25,20,เครื่องสำอาง,20,8.85193E+12
บรีสเพาเวอร์,25,20,ผงซักผ้า,-3,8.85193E+12
บรีสเพาเวอร์400กรัม,25,20,ผงซักผ้า,19,8.85193E+12
โดฟนูทริทีฟโซลูชั่น(แชมพู)70มล.,20,18,ยาสระผมครีมนวด,20,8.85193E+12
โดฟนูทริทีฟโซลูชั่น(แชมพู)140มล.,39,30,ยาสระผมครีมนวด,19,8.85193E+12
โดฟวอลลุ่ม,65,60,ยาสระผมครีมนวด,0,8.85193E+12
โดฟ130มล,35,30,ยาสระผมครีมนวด,20,8.85193E+12
คอมฟอร์มเพียว,4,3,น้ำยาปรับผ้านุ่ม,100,8.85193E+12
ดาวน์นี่เพียวขาว,70,65,น้ำยาปรับผ้านุ่ม,0,8.85193E+12
ลักส์55ก,10,8,ยาสระผมครีมนวด,100,8.85193E+12
เครียร์/แชมพู65มล.,25,20,ยาสระผมครีมนวด,30,8.85193E+12
เคลียร์(แชมพู)65มล.,25,23,ยาสระผมครีมนวด,17,8.85193E+12
เคลียร์(แชมพู)65มล.,25,23,เครื่องสำอาง,20,8.85193E+12
เครียร์/แชมพู65มล.,25,20,ยาสระผมครีมนวด,30,8.85193E+12
ซันซิล เเซมพู สูตรผมตรง สีม่วง 450มล.,85,79,ยาสระผมครีมนวด,120,8.85193E+12
ซันซิล(แชมพู)60มล.,20,18,ยาสระผมครีมนวด,19,8.85193E+12
ซันซิล(แชมพู)60มล.,20,18,ยาสระผมครีมนวด,13,8.85193E+12
ซันซิล(แชมพู)60มล.,20,18,ยาสระผมครีมนวด,16,8.85193E+12
ซันซิล(แชมพู)60มล.,20,18,ยาสระผมครีมนวด,17,8.85193E+12
ซันซิล(แชมพู)60มล.,20,18,ยาสระผมครีมนวด,16,8.85193E+12
ซันซิล(แชมพู)60มล.,20,15,ยาสระผมครีมนวด,28,8.85193E+12
ซันซิลสมูท,35,30,ยาสระผมครีมนวด,103,8.85193E+12
ซัืนซิลโคครีเอชั้น140มล,35,30,ยาสระผมครีมนวด,34,8.85193E+12
ซันซิลแดเมท,35,30,ยาสระผมครีมนวด,103,8.85193E+12
ซันซิล สมูท เเอนด์ เมเนจเจเบิ้ล 425ml.,85,72,ยาสระผมครีมนวด,120,8.85193E+12
ซันซิล(ครีมบำรุงผม)60มล.,20,18,ยาสระผมครีมนวด,19,8.85193E+12
ซันซิลโคครีเอชั่น,20,15,ยาสระผมครีมนวด,-2,8.85193E+12
ครีมนวดซันซิล60มล.,20,15,ยาสระผมครีมนวด,30,8.85193E+13
ซันซิล(ครีมบำรุงผม)60มล.,20,18,ยาสระผมครีมนวด,18,8.85193E+12
ซันซิล(ครีมบำรุงผม)60มล.,20,18,แป้ง,17,8.85193E+12
ซันซิล(ครีมบำรุงผม)60มล.,20,18,ยาสระผมครีมนวด,20,8.85193E+12
คอมฟอร์ทvy]9hk180มล.,10,8,น้ำยาปรับผ้านุ่ม,20,8.85193E+12
โคลสอัพ สีเขียว,10,8,ยาสีฟัน,98,8.85193E+12
คอลเกตเกลือสมุนไพร35ก.,13,10,ยาสีฟัน,100,8.85193E+19
โคลสอัพ30กรัม,10,8,ยาสีฟัน,19,8.85193E+12
ทรีทเมนต์ มาส์ท15มล,10,8,ยาสระผมครีมนวด,20,8.85193E+12
โอโมซันชายน์300กรัม,20,15,ผงซักผ้า,-18,8.85193E+12
โอโม900กรัม,42,34,ผงซักผ้า,-8,8.85193E+12
โอโม300กรัม,140,120,ผงซักผ้า,20,8.85193E+12
ซันซิล แชมพู140มล,35,30,ยาสระผมครีมนวด,100,8.85193E+12
ซันซิลเฮอรีเออร์,35,30,ยาสระผมครีมนวด,55,8.85193E+12
โอโม มาตรฐาน 900ก.,40,36.5,ผงซักผ้า,-24,8.85193E+12
เครียร์/แชมพุ65มล.,25,20,ยาสระผมครีมนวด,30,8.85193E+12
เคลียร์เม็นดีฟคลีน,25,20,เครื่องสำอาง,-1,8.85193E+12
ซันซิลเมเมทเจเบิล,35,30,ยาสระผมครีมนวด,100,8.85193E+12
ซันซิลสเตรท,35,30,ยาสระผมครีมนวด,100,8.85193E+12
ซันซิลรีสโตร์,35,30,ยาสระผมครีมนวด,100,8.85193E+12
ซันซิลแฮร์ลอง,35,30,ยาสระผมครีมนวด,98,8.85193E+12
โดฟครีมนวด70มล,25,20,ยาสระผมครีมนวด,100,8.85193E+12
โดมครีมนวด,25,20,ยาสระผมครีมนวด,100,8.85193E+12
บรีส800ก,79,65,ผงซักผ้า,100,8.85193E+12
คอมฟอร์20มล,4,2,น้ำยาปรับผ้านุ่ม,100,8.85193E+12
คอมฟอร์ท เอนชานท์ 130มล.,20,15,น้ำยาปรับผ้านุ่ม,19,8.85193E+12
comfortสีม่วง3ซอง,55,50,น้ำยาปรับผ้านุ่ม,10,8.85193E+12
คอมฟอร์ท22มล.,4,2,น้ำยาปรับผ้านุ่ม,100,8.85193E+12
คอมฟอท20มล,4,3,น้ำยาปรับผ้านุ่ม,100,8.85193E+12
คอมฟอร์ท อัลต้า สีฟ้า,75,65,น้ำยาปรับผ้านุ่ม,-2,8.85193E+12
คอมฟอร์ทอัตต้าสีชมพู,70,65,น้ำยาปรับผ้านุ่ม,0,8.85193E+12
โดฟวอลลุ่ม,25,20,ยาสระผมครีมนวด,0,8.85193E+12
คอมฟอร์ทรักเชอรี่,70,65,น้ำยาปรับผ้านุ่ม,0,8.85193E+12
เคลียร์(ครีมนวด)60มล.,25,23,ยาสระผมครีมนวด,20,8.85193E+12
ซันไลน์,20,18,น้ำยาล้างจาน,21,8.85193E+12
ลักส์ครีมอาบน้ำ500มลแพ็ค2,162,145,แป้ง,20,8.85193E+12
ลักส์ซอฟท์ทัช80มล.,20,15,ยาสระผมครีมนวด,20,8.85193E+12
ซํนไลต์500มล.,35,30,น้ำยาล้างจาน,15,8.85193E+12
ซํนไลต์150มล.,14,12,น้ำยาล้างจาน,7,8.85193E+12
ซันไลต์150มล.,12,10,น้ำยาล้างจาน,19,8.85193E+12
ลักส์ครีมอาบน้ำ500มลแพ็คคู่,155,145,สบู่,49,8.85193E+12
สเปรย์แอ๊กยู50มล.,65,60,เครื่องสำอาง,30,8.85193E+12
สบู่น้ำ ลักส์ 80มล,20,16,สบู่,5,8.85193E+12
วาสลีน50มล,60,55,แป้ง,50,8.85193E+12
บรีสฟรีคอมฟอร์ท,10,8,ผงซักผ้า,20,8.85193E+12
โดมแพ็คพิเศษ,89,75,ยาสระผมครีมนวด,10,8.85193E+12
พอนด์ส(ครีม)7กรัม,20,18,เครื่องสำอาง,20,8.85193E+12
บรีสเอกเซล1500ก,130,99,ผงซักผ้า,15,8.85193E+12
บรีสเอกเซล,175,155,ผงซักผ้า,19,8.85193E+12
ซิตร้ามะขาม,45,40,สบู่,0,8.85193E+12
สบู่ซิตร้า มะละกอ110กรัม,45,40,สบู่,30,8.85193E+12
lสบู่ซิตร้าผงไข่มุก,45,38,สบู่,10,8.85193E+12
บรีสเอกเซล800กรัม,79,70,ผงซักผ้า,30,8.85193E+12
ซิตร้าซากุระ,49,45,เครื่องสำอาง,0,8.85193E+12
บรีส เอกเซล พาราไดซ์ บรีส 700มล.,50,46,ผงซักผ้า,118,8.85193E+12
บรีสเอกเซล30มล.,5,3,ผงซักผ้า,30,8.85193E+12
ครีมนวดซันซิล60มล,25,20,ยาสระผมครีมนวด,100,8.85193E+12
ซันซิล(ครีมบำรุง)60มล.,25,18,ยาสระผมครีมนวด,20,8.85193E+12
ซันซิล(แชมพู)120มล.,35,30,ยาสระผมครีมนวด,20,8.85193E+12
ซันซิล(แชมพู)60มล.,20,18,ยาสระผมครีมนวด,20,8.85193E+12
ซันซิล(แชมพู)60มล.,20,18,เครื่องสำอาง,20,8.85193E+12
ซันซิล โคโคนัท60มล,20,18,ยาสระผมครีมนวด,30,8.85193E+12
สบู่ลักส์110ก,15,13,สบู่,100,8.85193E+12
บรีสแอคแทคแคร์,79,70,ผงซักผ้า,0,8.85193E+12
บรีส เอกเซล แคร์ 700มล.,50,44,ผงซักผ้า,120,8.85193E+12
คอนฟอร์ท750ก,70,60,ผงซักผ้า,50,8.85193E+12
ซันไลต์ซากุระ,29,20,ผงซักผ้า,30,8.85193E+12
ซันไลต์ซากุระ,79,69,น้ำยาล้างจาน,10,8.85193E+12
บรีสเอกเซล430กรัม,42,40,ผงซักผ้า,23,8.85193E+12
บรีส เอกเซล400ก.,42,38,ผงซักผ้า,9,8.85193E+12
เคลียร์เฮอร์บัลแคร์,55,50,ยาสระผมครีมนวด,100,8.85193E+12
พอนด์สไวท์บิวตี้,15,10,เครื่องสำอาง,100,8.85193E+12
พอนด์สไวท์7ฏ,15,11,เครื่องสำอาง,98,8.85193E+12
วาสลีนเมน,15,12,เครื่องสำอาง,50,8.85193E+12
วาสลีน7ก,15,12,เครื่องสำอาง,47,8.85193E+12
ซันซิล สูตรผมมีน้ำหนัง 1+1,170,160,ของใช้ส่วนตัว,119,8.85193E+12
วาสลีนเมน7ก,15,12,เครื่องสำอาง,50,8.85193E+12
บรีสเพาเวอร์,25,20,ผงซักผ้า,-1,8.85193E+12
ซันซิลซากุระ,35,30,ยาสระผมครีมนวด,-1,8.85193E+12
ซันซิลซากุระครีมนวด,35,30,ยาสระผมครีมนวด,0,8.85193E+12
คอมฟอร์ท เดลี่ เฟรช 130มล.,20,15,น้ำยาปรับผ้านุ่ม,97,8.85193E+12
พอนด์สไวท์บิวตี้,20,8,เครื่องสำอาง,50,8.85193E+12
สบู่ลักส์75ก,13,12,สบู่,100,8.85193E+12
สบู่ลักส์110ก,15,13,สบู่,100,8.85193E+12
โคลสอัพ ,10,8,แปลงฟัน,49,8.85193E+12
ซันไลต์ เพียว พลัส 145มล,12,10,น้ำยาล้างจาน,50,8.85193E+12
โดฟ แชมพู430มล,145,135,ยาสระผมครีมนวด,100,8.85193E+12
ซันไลต์ 550มล.,27,25,ราคาสิินค้า,118,8.85193E+12
พอนด์ส ไวท์,20,18,เครื่องสำอาง,50,8.85193E+12
ลักล์ เลดี้เฟลส80มล,20,18,เครื่องสำอาง,50,8.85193E+12
พอล เพียว8ก,39,32,เครื่องสำอาง,50,8.85193E+12
นีเวีย ไวท์ เดย์ ครีม 8 มล.,10,5,เครื่องสำอาง,120,8.85193E+19
พอนด์ส8ก,39,33,เครื่องสำอาง,50,8.85193E+12
ซิตร้า180มล,120,110,แป้ง,50,8.85193E+12
ซิตร้า,120,110,สบู่,50,8.85193E+12
ซิต้รา180มล,120,110,สบู่,50,8.85193E+12
คอมฟอร์ท20มล,4,2,น้ำยาปรับผ้านุ่ม,100,8.85193E+12
คอมฟอท20มล,4,3,น้ำยาปรับผ้านุ่ม,100,8.85193E+12
โอโม95ก,10,8,ผงซักผ้า,98,8.85193E+12
โอโมพรัสมอร์นิ่งบลูม1300ก,100,90,ผงซักผ้า,3,8.85193E+12
ซิตร้า ซากุระ150มล,49,41,เครื่องสำอาง,47,8.85193E+12
ซีตร้า เฟิร์มนิ่ง ไวท์ ยูวี ออร่า แฮนด์แอนด์บอดี้โลชั่น 150 มล.,49,45,ราคาสิินค้า,50,8.85193E+12
เคลียร์ ไอซ์คูล เมนทอล 480มล.,119,108,ของใช้ส่วนตัว,100,8.85193E+12
เคลียร์เมนแชมพู450มล,119,110,ยาสระผมครีมนวด,19,8.85193E+12
เครียร์ ไอช์คูล 65มล,25,20,ยาสระผมครีมนวด,99,8.85193E+12
เคลียร์แชมพู65มล,25,20,ยาสระผมครีมนวด,99,8.85193E+12
เครียร์ขจัดรังแค65มล,25,20,ยาสระผมครีมนวด,99,8.85193E+12
เคลียร์65มล,25,20,ยาสระผมครีมนวด,100,8.85193E+12
เครียร์เมน65มล,25,20,ยาสระผมครีมนวด,98,8.85193E+12
เคลียร์เมน65มล,29,20,ยาสระผมครีมนวด,97,8.85193E+12
เคลียร์แชมพู65มล,25,20,ยาสระผมครีมนวด,50,8.85193E+12
ซิตร้า150มล,49,43,เครื่องสำอาง,49,8.85193E+12
ซิตร้า150มล,49,41,เครื่องสำอาง,3,8.85193E+12
พอนยฺ์ ไวร์40ก,35,28,แป้ง,49,8.85193E+12
เคลียร์ ครีมนวด145มล,75,65,ยาสระผมครีมนวด,20,8.85193E+12
ซิตร้า35มล,29,23,เครื่องสำอาง,50,8.85193E+12
เคลียร์ แชมพู145ก,49,42,ยาสระผมครีมนวด,92,8.85193E+12
เครียร์ เมน145มล,49,35,ยาสระผมครีมนวด,95,8.85193E+12
เคลียร์ แชมพู145มล,55,47,ยาสระผมครีมนวด,99,8.85193E+12
เลียร์เมน145มล,49,43,ยาสระผมครีมนวด,52,8.85193E+12
เคลียร์เมน แฮร์ฟอล145มล,49,38,ยาสระผมครีมนวด,50,8.85193E+12
เคลียร์ แชมพู145มล,49,35,ยาสระผมครีมนวด,100,8.85193E+12
เคลียร์สกาล์ปแคร์145มล,49,38,ยาสระผมครีมนวด,97,8.85193E+12
โอโมปารีสเพอร์ฟูม1300ก,100,90,ผงซักผ้า,3,8.85193E+12
โดฟ แชมพู340มล,89,75,ยาสระผมครีมนวด,50,8.85193E+12
วาสลีน100มล,69,60,เครื่องสำอาง,50,8.85193E+12
วาสลีน100มล,69,60,เครื่องสำอาง,50,8.85193E+12
ซันซิลแชมพู140มล,35,30,ยาสระผมครีมนวด,105,8.85193E+12
ซัลซิว120มล,30,24,แป้ง,50,8.85193E+12
ซันไลต์300มล,20,18,น้ำยาล้างจาน,50,8.85193E+12
ซันไลต์เนเจอร์300มล,20,18,น้ำยาล้างจาน,50,8.85193E+12
ครีมนวดซันซิล120มล,25,30,ยาสระผมครีมนวด,100,8.85193E+12
ซันซิลแตงโม120ก,35,30,ยาสระผมครีมนวด,100,8.85193E+12
วาสลีน,75,69,ราคาสิินค้า,0,8.85193E+12
สบู่ลักส์75ก,13,12,สบู่,100,8.85193E+12
สบู่ลักส์110ก,15,13,สบู่,100,8.85193E+12
ซันซิลแชมพู+แชมพู ชมพู 2*350มล.,160,128,ยาสระผมครีมนวด,1,8.85193E+12
ซัลซิล แชมพูแพคคู่,175,152,ยาสระผมครีมนวด,5,8.85193E+12
ซิตร้า เนเชอรัล ไวท์ ยูวี ออร่า 150มล.,49,42,เครื่องสำอาง,120,8.85193E+12
พอล40ก,60,55,เครื่องสำอาง,50,8.85193E+12
ซิตร้า ออร่า35มล,29,24,เครื่องสำอาง,50,8.85193E+12
เครียร์แพค,199,187,ยาสระผมครีมนวด,5,8.85193E+12
เรโซน่า25มล,35,25,เครื่องสำอาง,50,8.85193E+12
เรโซน่า25มล,35,25,เครื่องสำอาง,50,8.85193E+12
คอมฟอท580มล,18,13,น้ำยาปรับผ้านุ่ม,18,8.85193E+12
พอล ไวบิวตี้,25,19,ราคาสิินค้า,200,8.85193E+12
โอโม ซันชายน์ 1900ก.,100,91,ราคาสิินค้า,90,8.85193E+12
เครียร์แพคคู่,199,187,ยาสระผมครีมนวด,5,8.85193E+12
เครียร์เมนคูลสปอร์ต เมนทอลแพ๊คคู่,210,195,ยาสระผมครีมนวด,9,8.85193E+12
เพียวไลน์ ออร่า ไวท์แอนด์เฟิร์ม ยูวี 150มล.,30,25,ราคาสิินค้า,98,8.85193E+12
เพียวไลน์ ออร่า150มล,30,25,เครื่องสำอาง,50,8.85193E+12
เพียวไลน์ ออร่า150มล,30,25,เครื่องสำอาง,50,8.85193E+12
คอมฟอร์ท ฟรอรัช เฟรช 130มล.,20,17,น้ำยาปรับผ้านุ่ม,120,8.85193E+12
คอมฟอร์ท ฟลอรัช เฟรช 130มล.,20,17,น้ำยาปรับผ้านุ่ม,120,8.85193E+12
คอมฟอท ปรับผ้า20มล,4,3,น้ำยาปรับผ้านุ่ม,100,8.85193E+12
คอมฟอท130มล,20,16,น้ำยาปรับผ้านุ่ม,20,8.85193E+12
คอมฟอล330มล,40,25,น้ำยาปรับผ้านุ่ม,20,8.85193E+12
คอมฟอท1400มล,150,130,น้ำยาปรับผ้านุ่ม,20,8.85193E+12
คอมฟอร์ท ซันชายน์ กลิ่นดอกไม้ 130มล.,18,15,น้ำยาปรับผ้านุ่ม,119,8.85193E+12
คอมฟอร์ท อัลตร้า 24 ซอง,75,68,ราคาสิินค้า,120,8.85193E+12
ซัลซิว60มล,20,16,แป้ง,50,8.85193E+12
เคลียร์แชมพู145มล,55,50,ยาสระผมครีมนวด,49,8.85193E+12
เคลียร์480มล,169,150,ยาสระผมครีมนวด,20,8.85193E+12
ซันซิล โรส & มิก เบอร์รี่ 120มล.,35,28,ยาสระผมครีมนวด,120,8.85193E+12
ซันซิล เดซี่ & พีช 120มล.,35,29,ยาสระผมครีมนวด,120,8.85193E+12
โดฟไมเชล่า70มล,20,13,ยาสระผมครีมนวด,50,8.85193E+12
ครีมโดฟ 70มล,25,20,ยาสระผมครีมนวด,50,8.85193E+12
ซันไลต์300มล,20,15,น้ำยาล้างจาน,47,8.85193E+12
เคลียร์แชมพู170มล,55,48,ยาสระผมครีมนวด,50,8.85193E+12
เคลียร์480มล,169,150,ยาสระผมครีมนวด,20,8.85193E+12
ซันซิล โรส & มิก เบอร์รี่ 60มล.,20,17,ยาสระผมครีมนวด,120,8.85193E+12
ซันซิล เดซี่ & พีช 60มล.,20,17,ยาสระผมครีมนวด,120,8.85193E+12
บรีส ชนิดน้ำ175มล,20,16,ผงซักผ้า,18,8.85193E+12
ซีตร้า ออร่า เจล โลชั่น ซันนี่ ไวท์ ออร่า 35 มล.,35,32,ราคาสิินค้า,120,8.85193E+12
ซีตร้า ออร่า เจล โลชั่น C&E เอ็กต้า ไบรท์ ออร่า 35 มล.,29,24,ราคาสิินค้า,120,8.85193E+12
ซันซิล แชมพู+แชมพู ม่วง 2*350มล.,160,152,ยาสระผมครีมนวด,6,8.85193E+12
ซันซิล แชมพู+แชมพู เหลือง 2*350มล.,160,128,ยาสระผมครีมนวด,1,8.85193E+12
โดฟ วอลลุ่ม เเชมพู+ครีมนวด ,210,200,ยาสระผมครีมนวด,19,8.85193E+12
บรีส เเอคทีฟ เฟรช ชนิดน้ำ 700มล.,50,44,ผงซักผ้า,118,8.85193E+12
บรัชแอคเซล แอคทีฟเฟรช,65,60,ผงซักผ้า,0,8.85193E+12
บรีส เอกเซล เเอคทีห เฟรช 1400กรัม ,140,134,ผงซักผ้า,119,8.85193E+12
ซันซิล140มล,29,25,ยาสระผมครีมนวด,18,8.85193E+12
ซันซิวแชมพู140มล,29,26,ยาสระผมครีมนวด,17,8.85193E+12
ซัลซิล แชมพู140มล,29,24,ยาสระผมครีมนวด,48,8.85193E+12
บรีส เอกเซล ชนิดน้ำ 650มล.,55,50,ผงซักผ้า,120,8.85193E+12
บรีส เอกเซล ซิกเนเจอร์ 630มล.,65,58,ผงซักผ้า,119,8.85193E+12
โอโม ซันชายน์ 3000ก.,105,98,ราคาสิินค้า,114,8.85193E+12
พอนด์แป้งเมจิก50ก,35,30,แป้ง,50,8.85193E+12
ซันซิลครีมนวด60มล,20,18,ยาสระผมครีมนวด,19,8.85193E+12
โดฟร์แพ็คคู่,210,200,ยาสระผมครีมนวด,20,8.85193E+12
ซัลซิว150มล,35,24,ยาสระผมครีมนวด,49,8.85193E+12
พอนดฺส เอจ มิราเคิล7ก,25,20,เครื่องสำอาง,30,8.85193E+12
ซันซิล60มล,20,16,ยาสระผมครีมนวด,19,8.85193E+12
ซัลไลร์820มล,42,36,น้ำยาล้างจาน,6,8.85193E+12
ซันไลต เเอนตี้เเบค 145มล.,13,11,ราคาสิินค้า,99,8.85193E+12
บรีส190ก,20,16,ผงซักผ้า,19,8.85193E+12
บรีส190ก,20,16,ผงซักผ้า,20,8.85193E+12
บรีส210ก,20,16,ผงซักผ้า,17,8.85193E+12
โอโม,10,6,ราคาสิินค้า,73,8.85193E+12
โอโม ล้างจาน 400มล.*3,27,21,น้ำยาล้างจาน,24,8.85193E+12
คอมฟอท20มล,4,3,น้ำยาปรับผ้านุ่ม,100,8.85193E+12
บรีสซิเนเจอร์150มล,20,16,ผงซักผ้า,20,8.85193E+12
โอโม430ก,20,16,ผงซักผ้า,50,8.85193E+12
เคลียร์เมนดีพคลีนส์ แพ๊คคู่,210,197,ยาสระผมครีมนวด,10,8.85193E+12
คอมฟอร์ท อโรมาเธอราพี 130มล.,20,17,น้ำยาปรับผ้านุ่ม,120,8.85193E+12
ซันไลต์300มล.,20,17,ราคาสิินค้า,100,8.85193E+12
เคลียร์ คลีน เเอนด์ มายด์ 170มล.,55,47,ยาสระผมครีมนวด,120,8.85193E+12
เคลียร์480มล,169,150,ยาสระผมครีมนวด,20,8.85193E+12
บลีส700ก,40,36.5,ผงซักผ้า,19,8.85193E+12
บรีส700ก,40,35,ผงซักผ้า,19,8.85193E+12
โอโม ผ้าขาว&ผ้าสี 320ก.,20,17,ผงซักผ้า,102,8.85193E+12
บรีส เอกเซล ซิกเนเจอร์ 650มล.,50,42,ผงซักผ้า,120,8.85193E+12
บรีสเอกเซล650มล,55,45,ผงซักผ้า,19,8.85193E+12
โดฟแชมพู70มล,20,18,ยาสระผมครีมนวด,50,8.85193E+12
โดฟแชมพู140มล,35,29,ยาสระผมครีมนวด,18,8.85193E+12
บรีส300ก,20,16,ผงซักผ้า,49,8.85193E+12
วาสลีนวิตามิน30มล,29,22,เครื่องสำอาง,4,8.85193E+12
เครียร์เมน65มล,25,19,ยาสระผมครีมนวด,20,8.85193E+12
บรีสเอกเซล630มล,65,45,ผงซักผ้า,19,8.85193E+12
เครียร์170มล,55,47,ยาสระผมครีมนวด,19,8.85193E+12
พอนด์ส ไบรท์ บิวตี้7.5ก,29,20,เครื่องสำอาง,30,8.85193E+12
โอโมพลัส ซากุระโรแมนซ์ 700กรัม,59,0,ผงซักผ้า,0,8.85193E+12
บลีส เอกเซล30มล,5,3.5,ผงซักผ้า,12,8.85193E+12
พอนด์สโทนอัพ2,25,20,ราคาสิินค้า,0,8.85193E+12
ซันซิล แชมพู+แชมพู เขียว 2*350มล.,160,128,ยาสระผมครีมนวด,0,8.85193E+12
ซิตร้า35มล,29,19,เครื่องสำอาง,8,8.85193E+12
เคลียร์แชมพูสการ์ปแคร์ แอปเปิ้ล 65มล.,25,20,ยาสระผมครีมนวด,22,8.85193E+12
ซิตร้าไฮโดรคอลลาเจล35มล,29,22,เครื่องสำอาง,12,8.85193E+12
บรีส เอกเซล เอสเซนเซียล ออยล์ 550มล.,65,49,น้ำยาปรับผ้านุ่ม,120,8.85193E+12
โอโมพลัส120มล,15,10,ผงซักผ้า,20,8.85193E+12
โอโม่2600ก,130,100,ผงซักผ้า,-1,8.85193E+12
เคลียร์เมน รีเฟรชชิ่งอิทช์ คอนโทรล 120มล.,55,44,ยาสระผมครีมนวด,4,8.85193E+12
โอโม่พลัส ซันชายน์ ชนิดน้ำ 530มล.,50,40,ราคาสิินค้า,-1,8.85193E+12
Pond's ไบรท์ มิราเคิล SPF30,15,9,เครื่องสำอาง,8,8.85193E+12
Pond's ไบรท์ มิราเคิล SPF15,15,9,ของใช้ส่วนตัว,12,8.85193E+12
พอนด์ส เอจมิราเคลยูธ เดย์ ,25,20,เครื่องสำอาง,5,8.85193E+12
พอนด์ส มิลาเคิล เฮ็กซิล-เรติ 6.5ก.,20,14,เครื่องสำอาง,6,8.85193E+12
บรีสเอกเซลซิกเนเจอร์,55,50,ราคาสิินค้า,-1,8.85193E+12
พอนด์ส ไนอาซอร์ซินอล 6.5ก.,20,14,เครื่องสำอาง,6,8.85193E+12
Citra ทานาคา Vit C 130มล.,49,43,ผงชูรส,3,8.85193E+12
Citra เรด แอลจี Vit A 130มล.,49,43,ผงชูรส,3,8.85193E+12
โอโม พลัส เฟรช บูเก้ 120มล.,15,11,น้ำยาปรับผ้านุ่ม,12,8.85193E+12
ซันซิล พาวเวอร์ชอต ทรีทเม้นต์ ไชน์นี่ แบลค 20มล.,10,8,ยาสระผมครีมนวด,-1,8.85193E+12
โอโม พลัส พิงค์ฟลอรัส คิส 120มล.,15,0,น้ำยาปรับผ้านุ่ม,0,8.85193E+12
พอนด์ส ไบรท์ โทนอัพ 6.5ก.,25,15.75,เครื่องสำอาง,6,8.85193E+12
Pond's ไนอา เจล 6.5ก.,29,14,เครื่องสำอาง,6,8.85193E+12
คอมฟอร์ท บิวตี้เพอร์ฟูม 420มล.,39,0,น้ำยาปรับผ้านุ่ม,0,8.85193E+12
คอมฟอร์ทเพียว แฮปปี้ 110มล.,15,0,น้ำยาปรับผ้านุ่ม,0,8.85193E+12
เซ็นท์เเอนดรูว์,10,7,แปลงฟัน,50,8.85194E+12
แปลงตราเสมอ,30,25,ของใช้ส่วนตัว,30,8.85194E+12
แปลงซักผ้าตราเสมอ,25,20,ของใช้ส่วนตัว,30,8.85194E+12
สมอ-แปรงซักผ้า#เรนโปว์,20,15,ของใช้ส่วนตัว,12,8.85194E+12
แปรงสีฟัน,35,30,ราคาสิินค้า,0,8851938901943c
วิคตอรี่ สลิมม่า,25,21,แปลงฟัน,0,8.85194E+12
วิคตอรี่1แถม1,45,40,แปลงฟัน,30,8.85194E+12
victory ไวท์เทนนิ่ง ฟลอส,45,40,แปลงฟัน,10,8.85194E+12
แปรงสีฟัน,45,36,ราคาสิินค้า,0,8.85194E+12
วิคเตอรี่ เรียวม่า,55,48,แปลงฟัน,50,8.85194E+12
แปลงสีฟันวิคตอรี่วายแอนด์ลอง,45,32,ราคาสิินค้า,98,8.85194E+12
เอส โคล่า1 ลิตร,25,20,เครื่องดื่ม,200,8.85195E+12
เอส390มล.,10,8,เครื่องดื่ม,47,8.85195E+12
เอสสตรอเบอรี่490มล.,12,10,เครื่องดื่ม,48,8.85195E+12
เอส เพลย์ เยลลี่เชค ลิ้นจี่ 185มล.,15,13,เครื่องดื่ม,120,8.85195E+12
พรัสสตรอเบอรี่445มล.,12,10,เครื่องดื่ม,48,8.85195E+12
คริสตัลน้ำดื่ม 600มล. แพค 12,55,40,เครื่องดื่ม,120,8.85195E+12
น้ำซอสปรุงรสฝาเขียว600มล.,39,35,เครื่องปรุงต่างๆ,2,8.85195E+12
ภูเขาทอง ซอสถั่วเหลือง 600มล.,29,24,เครื่องปรุงอาหาร,116,8.85195E+12
ภูเขา ซีอิ้วขาว600มล,30,24,เครื่องปรุงต่างๆ,6,8.85195E+12
ซอสปรุงรสฝาเขียว200มล.,20,17.5,เครื่องปรุงต่างๆ,13,8.85195E+12
ซอสปรุงรสฝาเขียว1ลิตร,53,49,เครื่องปรุงต่างๆ,185,8.85195E+12
ซอสปรุงรสฝาเขียว500มล.,35,30,เครื่องปรุงต่างๆ,-6,8.85195E+12
ซอสพริกเผ็ดน้อยภูเขาทอง230กรัม,15,12,เครื่องปรุงต่างๆ,193,8.85195E+12
ภูเขาทองเผ็ดน้อย680ก,30,25,เครื่องปรุงต่างๆ,49,8.85195E+12
ซอสพริกอีซี่640กรัม,25,18,เครื่องปรุงต่างๆ,20,8.85195E+12
ซอสหอยอีซี่,25,20,เครื่องปรุงอาหาร,20,8.85195E+12
ซอสพริกศรีราชา570ก,45,39,เครื่องปรุงอาหาร,3,8.85195E+12
ซีอิ๋วดำภูเขาทอง810กรัม,25,20,เครื่องปรุงต่างๆ,20,8.85195E+12
น้ำซอสปรุงรสฝาน้ำตาล1ลิตร,35,25,เครื่องปรุงต่างๆ,20,8.85195E+12
มินิเมด สแปลซ์ เลมอน บิงซู 250มล.,13,11,เครื่องดื่ม,120,8.85196E+12
เเฟนต้า ส้ม ไม่มีน้ำตาล 330มล.,12,9.8,เครื่องดื่ม,118,8.85196E+12
แฟนต้า กลิ่นสตรอเบอร์รี่ 330มล.,11,8,เครื่องดื่ม,116,8.85196E+12
ชเวปส์มะนาว330มล,15,13,เครื่องดื่ม,1,8.85196E+12
อู-ฮ่า เครื่องเดิมโซดา กลิ่นลิ้นจี่และโยเกิร์ต 330มล.,17,13.6,เครื่องดื่ม,18,8.85196E+12
โซดากลิ่นเลมอนผสมซีซอร์ท,17,14,เครื่องดื่ม,3,8.85196E+12
ชเวป รสส้ม,17,0,เครื่องดื่ม,-3,8.85196E+12
น้ำแดง,10,8,เครื่องดื่ม,48,8.85196E+12
มินิทเมด สแปลช น้ำส้ม 250มล.,13,9,เครื่องดื่ม,4,8.85196E+12
โคคาโคล่า ออริจินัล 330มล.,13,11,เครื่องดื่ม,83,8.85196E+12
โคคาโคล่า ไม่มีน้ำตาล 330มล.,10,8,เครื่องดื่ม,114,8.85196E+12
เเฟนต้า กลิ่นส้ม 330มล.,13,9,เครื่องดื่ม,110,8.85196E+12
เเฟนต้า สตรอเบอร์รี่ 330มล.,12,9,เครื่องดื่ม,114,8.85196E+12
เเฟนต้า ผลไม้รวม 330มล.,13,9,เครื่องดื่ม,114,8.85196E+12
สไปรท์ เลมอน-ไลม์ 330มล.,13,9,เครื่องดื่ม,114,8.85196E+12
สไปรท์ ไม่มีน้ำตาล 330มล.,10,8,เครื่องดื่ม,120,8.85196E+12
โคคาโคลา325มล,15,13.5,เครื่องดื่ม,24,8.85196E+12
ชเวปร์,15,12,เครื่องดื่ม,18,8.85196E+12
โค้กไม่มีน้ำตาล,10,8,เครื่องดื่ม,0,8.85196E+12
โคคาโคล่า ไม่มีน้ำตาล 245มล.,10,7,เครื่องดื่ม,120,8.85196E+12
น้ำทิพย์ 550มล.,7,4,เครื่องดื่ม,233,8.85196E+12
มินิทเมด พัลพิ น้ำส้ม 290มล.,15,11,เครื่องดื่ม,120,8.85196E+12
โคคาโคล่า 2ลิตร,42,0,เครื่องดื่ม,9,8.85196E+12
น้ำทิพย์,12,10,เครื่องดื่ม,0,8.85196E+12
โคคาโคล่า 1.25ลิตร,35,26,เครื่องดื่ม,-1,8.85196E+12
โคค่าโคล่า ไม่มีน้ำตาล 1.25ลิตร,30,24,เครื่องดื่ม,119,8.85196E+12
แฟนต้าส้ม 1.25ลิตร,30,27,เครื่องดื่ม,15,8.85196E+12
แฟนต้าสตรอเบอร์รี 1.25ลิตร,30,26,เครื่องดื่ม,19,8.85196E+12
แฟนต้าผลไม้รวม 1.25ลิตร,30,26,เครื่องดื่ม,22,8.85196E+12
แฟนต้าองุ่น1.25ล,30,26,เครื่องดื่ม,11,8.85196E+12
สไปรท์ 1.25ลิตร,30,26,เครื่องดื่ม,17,8.85196E+12
โคคาโคล่า ออริจินัล 590มล.,19,18,เครื่องดื่ม,-12,8.85196E+12
โคคาโคล่า 450มล.,17,15,เครื่องดื่ม,4,8.85196E+12
แฟนต้า กลิ่นส้ม 450มล.,16,14,เครื่องดื่ม,44,8.85196E+12
แฟนต้า สตรอเบอรี่ 450มล.,16,14,เครื่องดื่ม,40,8.85196E+12
แฟนต้า ผลไม้รวม 450มล.,16,14,เครื่องดื่ม,37,8.85196E+12
แฟนต้า กลิ่นองุ่น 450มล.,16,14,เครื่องดื่ม,114,8.85196E+12
สไปรท์ เลมอน-ไลม์ 450มล.,15,12,เครื่องดื่ม,42,8.85196E+12
โคคาโคล่า 1.6ลิตร,32,28,เครื่องดื่ม,12,8.85196E+12
น้ำทิพย์เล็ก,55,45,เครื่องดื่ม,0,8.85196E+12
น้ำทิพย์ใหญ่,55,50,เครื่องดื่ม,0,8.85196E+12
วีแคร์,20,15,แปลงฟัน,20,8.85197E+12
แปรงสีฟันวีแคร์,20,15,แปลงฟัน,100,8.85197E+12
วีแคร์,30,25,แปลงฟัน,8,8.85197E+12
วีแค100ก้าน,10,8,กระดาษทิชชู,50,8.85197E+12
สำลีก้านวีแคร์,10,8,น้ำยาปรับผ้านุ่ม,20,8.85197E+12
วี-เเคร์ for kid,20,16,แปลงฟัน,49,8.85197E+12
วีแคร์แปรงผู้ใหญ่,20,15,ของใช้ส่วนตัว,49,8.85197E+12
แปลงสีฟันวีแคร์,20,15,ราคาสิินค้า,100,8.85197E+12
เอเวอร์เซ้นส์45มล.,39,35,เครื่องสำอาง,20,8.85199E+12
เอเวอร์เซ้นส์ฟ้า45มล.,39,35,เครื่องสำอาง,22,8.85199E+12
เอเวอร์เซ้นต์ มอยซ์ โคโลญ 90มล.,55,46.2,เครื่องสำอาง,22,8.85199E+12
เอเวอร์เซ้นส์90มล.,59,55,เครื่องสำอาง,22,8.85199E+12
เอเวอร์เซ้นส์ส้ม45มล.,39,35,เครื่องสำอาง,22,8.85199E+12
เอเวอร์เซ้นส์ชมพู20มล.,30,25,เครื่องสำอาง,22,8.85199E+12
เอเวอร์เซ้นส์ขาว20มล.,30,25,เครื่องสำอาง,22,8.85199E+12
แป้งหอม,30,28,แป้ง,10,8.85199E+12
เอเวอร์เซ้น ชิค มอยซ์ 100มล.,85,80,เครื่องสำอาง,50,8.85199E+12
เอเวอร์เซ้นส์ โคโลญ มาร์ชเมลโล่ 20มล.,30,24,ของใช้ส่วนตัว,5,8.85199E+12
เอเวอร์เซ้นส์ เพอร์ฟูม เพอเพิ้ล 85มล 1+1,59,41,เครื่องสำอาง,12,8.85199E+12
ทรอส25,35,30,ราคาสิินค้า,-2,8.85199E+12
โฟกัส25มล,35,30,เครื่องสำอาง,49,8.85199E+12
โฟกัส25มล,35,30,เครื่องสำอาง,49,8.85199E+12
ทรอส25มล,35,30,เครื่องสำอาง,48,8.85199E+12
ทรอส แฮร์เจล,25,18,แป้ง,0,8.85199E+12
ทรอสแฮร์เจล45กรัม,20,12,แป้ง,22,8.85199E+12
ทรอสแฮร์เจล45ก,20,13,เครื่องสำอาง,50,8.85199E+12
ทรอสโคโลญ50มล,45,40,เครื่องสำอาง,49,8.85199E+12
ทรอส25มล,35,30,เครื่องสำอาง,47,8.85199E+12
ทรอสพ็อคเก็ต20มล.,30,28,เครื่องสำอาง,22,8.85199E+12
ทรอสพ็อคเก็ตมอยส์20มล.,30,28,เครื่องสำอาง,19,8.85199E+12
โคโลญ50มล,45,40,เครื่องสำอาง,39,8.85199E+12
ทรอส โคโลญ50มล,45,40,เครื่องสำอาง,50,8.85199E+12
ทรอส ดีพ25มล,35,30,เครื่องสำอาง,30,8.85199E+12
Tros เอ็กซ์ตรีม สปอร์ต 25มล.,35,30,ของใช้ส่วนตัว,118,8.85199E+12
ไฟน์ไลน์,35,30,น้ำยารีดผ้า,21,8.85199E+12
ไฟน์ไลน์ฟ้า,15,10,น้ำยาปรับผ้านุ่ม,99,8.85199E+12
ไฟน์ไลน์500มล,15,12,น้ำยาปรับผ้านุ่ม,99,8.85199E+12
ไฟไลน์ ปรับผ้านุ่ม คาริ่งบลู 470มล.,18,0,น้ำยาปรับผ้านุ่ม,0,8.85199E+12
ไฟน์ไลน์ชมพู,20,15,น้ำยาปรับผ้านุ่ม,96,8.85199E+12
ไฟน์ไลน์ชมพู,35,30,น้ำยาปรับผ้านุ่ม,100,8.85199E+12
ไฟน์ไลน์ชมพู,15,10,น้ำยาปรับผ้านุ่ม,99,8.85199E+12
ไฟน์ไลน์แดง,15,10,น้ำยาปรับผ้านุ่ม,-2,8.85199E+12
ไฟน์ไลน์ม่วง,18,13,น้ำยาปรับผ้านุ่ม,-4,8.85199E+12
ไฟน์ไลน์แดง600มล.,18,13,น้ำยาปรับผ้านุ่ม,19,8.85199E+12
ไฟน์ไลน์ชมพู600มล.,20,15,น้ำยาปรับผ้านุ่ม,15,8.85199E+12
ไฟน์ไลน์250มล,10,8,น้ำยาปรับผ้านุ่ม,100,8.85199E+12
ไฟน์ไลน์ชมพูเล้ก,10,8,น้ำยาปรับผ้านุ่ม,97,8.85199E+12
ไฟน์ไลน์ม่วง250มล.,10,8,น้ำยาปรับผ้านุ่ม,20,8.85199E+12
ไฟน์ไลน์250มล.,10,8,น้ำยาปรับผ้านุ่ม,21,8.85199E+12
ไฟน์ไลน์250มล.,10,8,น้ำยาปรับผ้านุ่ม,22,8.85199E+12
ไฟน์ไลน์ม่วง,15,10,น้ำยาปรับผ้านุ่ม,97,8.85199E+12
ไฟน์ไลน์ทอง,15,10,น้ำยาปรับผ้านุ่ม,100,8.85199E+12
ไฟน์ไลน์ดำ,15,10,น้ำยาปรับผ้านุ่ม,-1,8.85199E+12
ไฟน์ไลน์ม่วง,15,10,น้ำยาปรับผ้านุ่ม,50,8.85199E+12
ไฟน์ไลน์แอลดิแกน250มล.,40,35,น้ำยาปรับผ้านุ่ม,22,8.85199E+12
ไฟน์ไลน์600มล.,40,35,น้ำยาปรับผ้านุ่ม,22,8.85199E+12
ไฟน์ไลน์ชมพู,4,3,น้ำยาปรับผ้านุ่ม,100,8.85199E+12
ไฟน์ไลน์20มล,4,2,น้ำยาปรับผ้านุ่ม,100,8.85199E+12
ไฟน์ไลน์20มล,4,2,น้ำยาปรับผ้านุ่ม,100,8.85199E+12
ไฟไลน์ ปรับผ้านุ่ม ลดขนสัตว์ติดผ้า 125มล.,20,0,น้ำยาปรับผ้านุ่ม,0,8.85199E+12
fineline ปรับผ้านุ่ม สีชมพู 1300 มล.,65,0,ราคาสิินค้า,3,8.85199E+12
fineline ปรับผ้านุ่มสีแดง 1300มล.,65,0,น้ำยาปรับผ้านุ่ม,0,8.85199E+12
fineline ปรับผ้านุ่ม สีขาว 1300 มล.,65,0,น้ำยาปรับผ้านุ่ม,5,8.85199E+12
fineline ปรับผ้านุ่มสีม่วง 1300มล.,65,0,น้ำยาปรับผ้านุ่ม,5,8.85199E+12
ดีนี่สำลีก้าน,10,8,ราคาสิินค้า,9,8.85199E+12
ดีนี้  สำลี200ก้าน,20,15,กระดาษทิชชู,50,8.85199E+12
ดีนี่ สำลีก้านจิ๋ว 100ก้าน,15,10,กระดาษทิชชู,49,8.85199E+12
สำลีก้าดีนี่,25,20,กระดาษทิชชู,19,8.85199E+12
ดีนี่ ซักผ้าเด็ก กลิ่งเเป้งเด็ก 600มล.,45,38,ผงซักผ้า,119,8.85199E+12
ดีนี่ ซักผ้าเด็ก กลิ่นHappy Baby 600มล.,45,40,น้ำยาปรับผ้านุ่ม,1000,8.85199E+12
ดีนี่เด็ก,45,40,ผงซักผ้า,0,8.85199E+12
สำลีก้อนดีนี่35กรัม,20,15,น้ำยาปรับผ้านุ่ม,22,8.85199E+12
สำลีดีนี่45กรัม,30,25,น้ำยาปรับผ้านุ่ม,22,8.85199E+12
ดีนี่ ซักผ้าเด็ก กลิ่นMorning Fresh 600มล.,45,40,น้ำยาปรับผ้านุ่ม,12,8.85199E+12
ดีนี่ คิดส์ เชอร์รี่ 200มล.,50,45,สบู่,3,8.85199E+12
ดีนี่สบู่เหลว200มล.,55,40,เครื่องสำอาง,21,8.85199E+12
ดีนี่สบู่เหลว200มล.,45,40,เครื่องสำอาง,22,8.85199E+12
ดีนี ซากุระ ฟอร์ นิวบอร์น เบบี้โลชั่น 200มล.,55,47,เครื่องสำอาง,2,8.85199E+12
ดีนี้ เพียว200มล,45,40,ยาสระผมครีมนวด,100,8.85199E+12
ดีนี่ซากุระซอฟท์180กรัม,28,25,แป้ง,22,8.85199E+12
ดีนี่นิวบอร์น180กรัม,28,25,แป้ง,22,8.85199E+12
แป้งดีนี้380ก,50,40,แป้ง,50,8.85199E+12
ดีนี้380ก,55,45,แป้ง,19,8.85199E+12
ดีนี้180ก,28,23,แป้ง,50,8.85199E+12
ดีนี้180มล,28,23,แป้ง,50,8.85199E+12
ดีนี เพียว200มล,45,40,ยาสระผมครีมนวด,100,8.85199E+12
ดีนี้200มล,45,40,เครื่องสำอาง,100,8.85199E+12
ดีนี่ซักพ้าเด็ก,49,45,ราคาสิินค้า,0,8.85199E+12
ดีนี่ นิวบอร์น เบบี้โลชั่น 200มล.,55,47,เครื่องสำอาง,2,8.85199E+12
ดีนี่ย์เขีย180ก,30,25,แป้ง,-1,8.85199E+12
ดีนี่คิดส์40กรัม,30,25,ยาสีฟัน,22,8.85199E+12
ดีนี่คิดส์ยาสีฟัน,30,25,ยาสีฟัน,0,8.85199E+12
ดี้นี้ซักผ้าเด็ก600มล,45,35,ผงซักผ้า,20,8.85199E+12
ดีนี่เบบี้ออยลื,39,32,ราคาสิินค้า,0,8.85199E+12
ดีนีเบบี้ออย,39,32,ราคาสิินค้า,0,8.85199E+12
ดีนี้ซักผ้าเด็ก1800มล,120,105,ผงซักผ้า,20,8.85199E+12
ดีนี่ ผลิตภัณฑ์ซักผ้าเด็ก,50,45,ผงซักผ้า,22,8.85199E+12
ดีนี้แชมพูสบู่200มล,55,45,สบู่,50,8.85199E+12
ดีนี่ คิดส์ เฮด เเอนด์ บอดี้ สมาร์ทตี้ 200มล.,55,48,ของใช้ส่วนตัว,120,8.85199E+12
ดีนี่ ซักผ้าเด็ก กลิ่นอโรม่า 600มล.,49,45,ผงซักผ้า,120,8.85199E+12
ดีนี่ คิดส์ เฮด เเอนด์ บอดี้ เมจิก สโนว์ 200มล.,55,48,ของใช้ส่วนตัว,120,8.85199E+12
ดีนี่ ซักผ้าเด็ก ฟ้า 1300มล.,90,81.75,น้ำยาปรับผ้านุ่ม,118,8.85199E+12
ดี-นี้ซักผ้า1300มล,105,95,ผงซักผ้า,20,8.85199E+12
ดีนี่ คิดส์ เบอร์รี่ 200มล.,50,45,สบู่,2,8.85199E+12
ดีนี่ สวีทดรีม เบบี้โลชั่น บูส 200มล.,55,47,เครื่องสำอาง,2,8.85199E+12
วีไวต์ ออร์เเกนิค ไวท์ ที 20มล.,30,24,ของใช้ส่วนตัว,120,8.85199E+12
วีไวด์โรออน20มล,25,20,เครื่องสำอาง,3,8.85199E+12
วีไวร์  โรออน20มล,25,20,เครื่องสำอาง,3,8.85199E+12
วีไวต์ โอ เดอร์ เลิฟ ลัช 6มล.,45,38,ของใช้ส่วนตัว,100,8.85199E+12
วีไวต์ ซุปเปอร์วิตามิน บอดี้ เซรั่ม 30มล.,25,18,ราคาสิินค้า,4,8.85199E+12
บีไนซ์แอนตี้180มล.,30,28,แป้ง,21,8.85199E+12
BeNice เพอเฟค อีลาสติก 180มล,45,37,ยาสระผมครีมนวด,50,8.85199E+12
บิไนย์  180มล,45,37,เครื่องสำอาง,100,8.85199E+12
บีไนส์ครีมอายน้ำ180มล,45,37,สบู่,46,8.85199E+12
บีไนช์ อาบน้ำ180มล,45,40,เครื่องสำอาง,-1,8.85199E+12
บีไนท์ชมพู,30,25,แป้ง,98,8.85199E+12
บีไนร์60มล,45,40,เครื่องสำอาง,50,8.85199E+12
บีไนท์ บีมินีน,59,55,สบู่,0,8.85199E+12
ครีมอาบน้ำบีไน,85,79,ราคาสิินค้า,0,8.85199E+12
บีไนซ์ ครีมอาบน้ำ กาแฟ 450มล.,85,75,เครื่องสำอาง,120,8.85199E+12
บีไนร์60มล,45,40,แป้ง,50,8.85199E+12
บีไนท์,59,55,สบู่,0,8.85199E+12
บีไนซ์ ครีมอาบน้ำ เบอร์รี่ 450มล.,85,79,ของใช้ส่วนตัว,117,8.85199E+12
บีไนซ์แอนตี้90มล.,30,25,แป้ง,19,8.85199E+12
บีไนร์60มล,45,40,แป้ง,50,8.85199E+12
บีไนซ์แอนตี้90มล.,30,28,แป้ง,21,8.85199E+12
บีไนซ์แอนตี้180มล.,45,40,แป้ง,22,8.85199E+12
บีไนช์,45,35,สบู่,49,8.85199E+12
บีไนซ์ มีสทีน ไวท์ 450มล.,85,74,สบู่,11,8.85199E+12
บีไนซ์ สมูธตี้ บาธ กรีน 450มล.,80,74,สบู่,120,8.85199E+12
บีไนซ์ สมูธตี้ บาธ ออเรนจ์ 450มล.,80,74,สบู่,12,8.85199E+12
บีไนซ์ สมูธตี้ บาธ ซัมเมอร์ เรด 450มล.,80,74,สบู่,120,8.85199E+12
บีไนซ์ ชาวเวอร์  ลาเวนเดอร์ เชอร์รี่ 450มล.,95,87,สบู่,120,8.85199E+12
ครีมอาบน้ำบีไน,85,79,ราคาสิินค้า,0,8.85199E+12
บีไนซ์ โกลดื แอนด์ เพอรืฟูม,35,24,ราคาสิินค้า,6,8.85199E+12
finelineสีแดง6ซอง,55,52,น้ำยาปรับผ้านุ่ม,10,8.85199E+12
finelineสีขาว6ซอง,55,53,น้ำยาปรับผ้านุ่ม,10,8.85199E+12
ทรอส เอ็กซ์ตรีม 300ก.,85,79,แป้ง,20,8.85199E+12
ไฟน์ไลน์ชมพู ,70,65,น้ำยาปรับผ้านุ่ม,0,8.85199E+12
ไฟน์ไลนืเขียว,70,65,น้ำยาปรับผ้านุ่ม,0,8.85199E+12
ไฟน์ไลน์ม่วง,70,65,น้ำยาปรับผ้านุ่ม,0,8.85199E+12
ไทเกอร์ปาร์ม,55,48,ยา,20,8.85199E+12
ช้าง 320 มล.,37,31.2,เครื่องดื่ม,45,8.85199E+12
ช้าง 620 มล.,58,50,เครื่องดื่ม,-8,8.85199E+12
ช้าง 620 มล.,600,580,เครื่องดื่มแอลกอฮอ,20,8.85199E+12
ช้าง 320 มล.,37,33,เครื่องดื่ม,35,8.85199E+12
ช้าง 490 มล.,57,46,เครื่องดื่ม,2,8.85199E+12
เบียร์ช้าง Cold Brew 620ซม,55,46,เครื่องดื่มแอลกอฮอ,120,8.85199E+12
เบียร์ช้าง แคน Cold #490มล,53,46,เครื่องดื่ม,24,8.85199E+12
โซดาร็อคเมาเท็น,45,40,เครื่องดื่ม,0,8.85199E+12
น้ำเเร่ช้าง 460มล.,10,0,เครื่องดื่ม,24,8.85199E+12
แบรนด์  42มล.,37,30,เครื่องดื่ม,27,8.852E+12
แบรนด์เห็ดสกัดเข้มข้น65มล.,55,50,เครื่องดื่ม,99,8.852E+12
แบรนด์ วีต้า เมโทพลัสไลโคปืน 42มล.,35,31,เครื่องดื่ม,1210,8.852E+12
แบรนด์ รังนกแท้ คลาสสิค 42มล.,90,82,เครื่องดื่ม,120,8.852E+12
แบรนด์รังนก42มล.,90,80,เครื่องดื่ม,100,8.852E+12
แบรนด์ซุปไก่สกัดกลิ่นไลท์อะโรมา42มล.,37,30,เครื่องดื่ม,98,8.852E+12
แบรนด์เจนยูลูทีน่าพลัส 50มล.,20,15,เครื่องดื่ม,100,8.852E+12
เเบรนด์ สูตรช็อคโกเเลตซิกเนเจอร์ 42มล.,37,32,เครื่องดื่ม,120,8.852E+12
เเบรนด์ วีต้า เเอคทีฟ14 42มล.,35,32,เครื่องดื่ม,120,8.852E+12
แบรนด์ ซุปไก่สกัด 39มล.,37,30,เครื่องดื่ม,17,8.852E+12
แบรนด์ ซุปไก่สกัด 65มล.,58,47.6,ราคาสิินค้า,19,8.852E+12
แบรนด์ วีต้า เบอร์รี่ 42มล.,35,30,เครื่องดื่ม,27,8.852E+12
แบรนด์ 70มล.,55,48,เครื่องดื่ม,32,8.852E+12
แบรนด์ วีต้า พรุน 42มล.,37,32,เครื่องดื่ม,32,8.852E+12
สก็็อตถังเฉ้า150มล,12,10.2,เครื่องดื่ม,10,8.85201E+12
หมากฝรั่งแบล็ก แบล็ก 13.5g,5,4,หมากฝรั่ง+ลูกอม,25,8.85201E+12
โคลาเลม่อน,10,8,ขนม+ไอสครีม,-2,8.85201E+12
หมากฝรั่งกลิ่นเฟปเปอร์มินต์,5,4,หมากฝรั่ง+ลูกอม,21,8.85201E+12
หมากฝรั่งกลิ่นคูลเมนทอล 13.5g,5,4,หมากฝรั่ง+ลูกอม,17,8.85201E+12
หมากฝรั่งกลิ่นสตรอเบอรืรี่ 13.5g,5,4,ราคาสิินค้า,13,8.85201E+12
หมากฝรั่งกลิ่นบลูเบอร์รี่,5,4,หมากฝรั่ง+ลูกอม,12,8.85201E+12
หมากฝรั่งกลิ่นสเปียร์มินต์ 13.5g,5,4,หมากฝรั่ง+ลูกอม,7,8.85201E+12
สตรอเบอรรี่,10,8,ขนม+ไอสครีม,10,8.85201E+12
บลูเบอรรี่,10,8,ขนม+ไอสครีม,9,8.85201E+12
อาริงาโต,5,4,ขนม+ไอสครีม,0,8.85202E+12
ซีเล็ค165ก,48,43,อาหารสำเร็จรูป,100,8.85202E+12
ทูน่าซีเล็ค,48,43,ยาสระผมครีมนวด,20,8.85202E+12
น้ำส้มคิวพี700ก,25,19,น้ำส้มสายชู,50,8.85202E+12
น้ำส้มคิวพี250มล,15,12,เครื่องปรุงอาหาร,98,8.85202E+12
โก๋เเก่ ถั่วลันเตา 20กรัม,5,3,ขนม+ไอสครีม,120,8.85202E+12
โก๋แก่ลันเตา82กรัม,20,18,ขนม+ไอสครีม,20,8.85202E+12
โก๋แก่กระทิ,5,3.7,ขนม+ไอสครีม,23,8.85202E+12
โก้แก่กะทิ75g,20,16,ขนม+ไอสครีม,7,8.85202E+12
โก้แก่,20,16,ขนม+ไอสครีม,10,8.85202E+12
โก๋แก่ บาร์บีคิว 17กรัม,5,3,ขนม+ไอสครีม,100,8.85202E+12
ฟลูโอค่รีล,50,45,ยาสีฟัน,50,8.85203E+12
ฟลูโอคารีน,75,70,ยาสีฟัน,20,8.85203E+12
ทาโร รสเข้มข้น 5กรัม,5,3.7,ขนม+ไอสครีม,12,8.85204E+12
ทาโร เข้มข้น 20g.,20,15,ขนม+ไอสครีม,6,8.85204E+12
ทาโร บาร์บีคิว 5g.,5,3.8,ขนม+ไอสครีม,12,8.85204E+12
ทาโร บาร์บีคิว 20g.,20,15,ขนม+ไอสครีม,5,8.85204E+12
ทาโร ซเปอร์เเซบ 5g.,5,3.7,ขนม+ไอสครีม,12,8.85204E+12
"ทาโร่รสlksijkp17diy,",10,8,ขนม+ไอสครีม,20,8.85204E+12
ทาโรโรล,15,12,ขนม+ไอสครีม,24,8.85204E+12
ทาโร โรล รสเข้มข้น 13ก.,15,9,ขนม+ไอสครีม,120,8.85204E+12
ทาโร โรล,13,12,ขนม+ไอสครีม,24,8.85204E+12
ทาโร13.6ก,10,8,ขนม+ไอสครีม,50,8.85204E+12
ทาโร่รสบาบีคิว17กรัม,10,8,ขนม+ไอสครีม,16,8.85204E+12
ทาโร เส้นปลา รสต้มยำกุ้งน้ำข้น 47ก.,35,28,ราคาสิินค้า,1201,8.85204E+12
ทาโร เส้นปลา รสเย็นตาโฟหม้อไฟ 80ก.,35,28,ราคาสิินค้า,120,8.85204E+12
Time Chocolate 30g,5,4,ขนม+ไอสครีม,120,8.85205E+12
Time milk 30g,5,4,ขนม+ไอสครีม,19,8.85205E+12
ไทมบัตเตอร์เนย,5,4,ขนม+ไอสครีม,20,8.85205E+12
Time Orenge 30g,5,4,ขนม+ไอสครีม,121,8.85205E+12
Time strawberry 30g,5,4,ขนม+ไอสครีม,19,8.85205E+12
Time coconut 30g,5,3,ขนม+ไอสครีม,100,8.85205E+12
Time Cheese 30g,5,4,ราคาสิินค้า,119,8.85205E+12
เซียงไฮ ช็อกโกเเลต 34ก.,5,4,ขนม+ไอสครีม,20,8.85205E+12
ปังปัง เวเฟอร์ ช็อก 350ก.,75,62,ขนม+ไอสครีม,120,8.85205E+12
ปังปัง เวเฟอร์ รสนม 350ก.,75,62,ขนม+ไอสครีม,120,8.85205E+12
ลูกอมซาการ่า,5,4,ขนม+ไอสครีม,20,8.85205E+12
yoyo cola 15g.,5,4,ราคาสิินค้า,120,8.85205E+12
ลูกอมทอมมี่,5,4,ขนม+ไอสครีม,17,8.85205E+12
Tommy กลิ่นโคลา 15ก.,5,4,ราคาสิินค้า,118,8.85205E+12
yoyo plus เเยมองุ่น 15ก.,5,4,ราคาสิินค้า,120,8.85205E+12
yoyo plus สตรอเบอร์รี่ 15ก.,5,4,ราคาสิินค้า,120,8.85205E+12
yoyo GJ grape & apple 15g,5,4,ราคาสิินค้า,120,8.85205E+12
วุ้นเจลาตินสำเร็จรูป 18กรัม,5,4,ราคาสิินค้า,120,8.85205E+12
yoyo ฟรุตตี้ 18ก.,5,4,ราคาสิินค้า,120,8.85205E+12
Fam minibear 18ก.,5,4,ราคาสิินค้า,120,8.85205E+12
Fam กลิ่นโคราเเละเลมอน-ไลม์ 18ก.,5,4,ราคาสิินค้า,120,8.85205E+12
ซาการา รสหวาน 7.5ก.,5,4,ราคาสิินค้า,120,8.85205E+12
ซาการา ช็อกโกเเลต 7.5ก,5,4,ราคาสิินค้า,121,8.85205E+12
ปังปัง ขาไก่ 430ก.,75,62,ขนม+ไอสครีม,120,8.85205E+12
ปังปัง เวเฟอร์ ส้ม 350ก.,75,62,ขนม+ไอสครีม,120,8.85205E+12
โตโร,5,4,ขนม+ไอสครีม,20,8.85205E+12
โตโรป๊อปคอร์น 80กรัม,20,17,ขนม+ไอสครีม,119,8.85205E+12
ขนมปังแท่งเคลือบรสนม 12กรัม,5,4,ราคาสิินค้า,119,8.85205E+12
เเก๊ป chocolate 12กรัม,5,4,ขนม+ไอสครีม,120,8.85205E+12
อัลมอนด์ทูโทน 19 กรัม,10,8,ราคาสิินค้า,119,8.85205E+12
Woody ช็อคโกเเลต 15 กรัม,5,4,ขนม+ไอสครีม,120,8.85205E+12
ยูไนเต็ดวู้ดดี้ 15กรัม,5,4,ราคาสิินค้า,119,8.85205E+12
เมล็ดทานตะวัน,5,3,ขนม+ไอสครีม,0,8.85205E+12
ฮานามิ15กรัม,5,4,ขนม+ไอสครีม,15,8.85205E+12
ฮานามิ รสดั้งเดิม,20,16,ขนม+ไอสครีม,100,8.85205E+12
ฮานามิออตชิวลี่,5,3,ขนม+ไอสครีม,-1,8.85205E+12
ฮานามิข้าวเกรียบกุ้งรสฮอตชิลลี 60กรัม,20,17,ขนม+ไอสครีม,120,8.85205E+12
ฮานามิกระเทียมพริกไทย,5,3,ขนม+ไอสครีม,20,8.85205E+12
ฮานามิซีฟู๊ด,20,18,ขนม+ไอสครีม,20,8.85205E+12
อาร์เซนอล คุกกี้กลิ่นใบเตย 20กรัม,5,4,ขนม+ไอสครีม,117,8.85205E+12
รวยเพื่อน,5,4,ขนม+ไอสครีม,18,8.85205E+12
สแน็คแจ๊ค รสดั่งเดิม 17กรัม,5,4,ขนม+ไอสครีม,16,8.85205E+12
สแน็คแจ็คถั่วลันเตาอบ 70กรัม,20,17,ขนม+ไอสครีม,120,8.85205E+12
แคร์ริ่งครีมเปลื่ยนสีผม สีน้ำตาลม่วง,65,60,น้ำยาปรับผ้านุ่ม,20,8.85205E+12
บิวตี้แฮร์No.1,60,55,เครื่องสำอาง,0,8.85205E+12
แฮร์เอลีแกน 2,65,60,เครื่องสำอาง,0,8.85205E+12
บิวตี้แฮร์ บลอนด์น้ำตาลอ่อน,60,55,น้ำยาปรับผ้านุ่ม,20,8.85205E+12
แฮร์เอลีแกน 8,65,60,น้ำยาปรับผ้านุ่ม,0,8.85205E+12
แคริ่งอีซี่ ปิดผมขาว,48,45,น้ำยาปรับผ้านุ่ม,20,8.85205E+12
แคริ่ง เซ็ท แมท,55,50,เครื่องสำอาง,2,8.85205E+12
แคริ่ง เซ็ท สไปค์,55,50,เครื่องสำอาง,10,8.85205E+12
แคริ่งไฮไล,65,60,เครื่องสำอาง,50,8.85205E+12
ทรีทเม้นท์ ชาขาว 30กรัม,10,8,ยาสระผมครีมนวด,20,8.85205E+12
แคร์ริ่ง สีบลอนด์อ่อน,65,60,น้ำยาปรับผ้านุ่ม,20,8.85205E+12
แคร์ริ่ง สีน้ำตาลประกายทองแดง,65,60,น้ำยาปรับผ้านุ่ม,20,8.85205E+12
แคริ่ง ช็อคโกแล็ตกลาง,65,60,เครื่องสำอาง,10,8.85205E+12
จัสท์โมดอร์ฯ สีดำ,35,30,น้ำยาปรับผ้านุ่ม,20,8.85205E+12
คัลเลอร์ฟูล ว้าว สีน้ำตาลอ่อน,60,55,น้ำยาปรับผ้านุ่ม,20,8.85205E+12
แป้งข้าวเจ้า,18,15,เครื่องปรุงอาหาร,15,8.85207E+12
แป้งข้าวเจ้าตราหมีคู้ดาว,40,35,เครื่องปรุงอาหาร,20,8.85207E+12
แป้งข้าวเหนียว หมีคู่ดาว ,23,21,เครื่องปรุงต่างๆ,93,8.85207E+12
หมีคู่ แป้งมัน 500ก,20,16.5,เครื่องปรุงต่างๆ,5,8.85207E+12
คริสตัลเฟรซ(โรลออน)60กรัม,35,30,เครื่องสำอาง,20,8.85207E+12
ตรางู50ก,15,12,แป้ง,50,8.85209E+12
แป้งตรางู140ก,30,25,แป้ง,20,8.85209E+12
แป้งตรางู,30,28,แป้ง,50,8.85209E+12
แป้งตรางู280ก,50,45,แป้ง,20,8.85209E+12
แป้งเย็นตรางู140ก,30,28,แป้ง,50,8.85209E+12
แป้งเย็นตรางูปริกลี่ฮีท140กรัม,30,28,แป้ง,20,8.85209E+12
แป้งตรางูไวลด์ ทานาคา280ก,50,45,แป้ง,20,8.85209E+12
แป้งเย็นตรางูลูกศร50กรัม,15,10,แป้ง,26,8.85209E+12
แป้งตรางู140ก,35,28,แป้ง,49,8.85209E+12
แป้งตรางู280ก,50,45,แป้ง,20,8.85209E+12
แป้งเด็ก เซนลุกซ์ ,35,30,แป้ง,100,8.85209E+12
แป้งตรางู เฟรนซ์ ลาเวนเดอร์ 50มล,15,10,แป้ง,25,8.85209E+12
แป้งตรางู140ก,30,28,แป้ง,49,8.85209E+12
แป้งตรางู280มล,50,45,แป้ง,19,8.85209E+12
สเปรย์ สูตรเย็น50มล,120,110,แป้ง,50,8.85209E+12
ยาแก้ไข้ตรางู,30,25,ยา,0,8.85209E+12
เขาช่อง50กรัม,35,30,กาแฟ,20,8.8521E+12
เขาช่อง50กรัม,35,30,กาแฟ,20,8.8521E+12
สาหร่ายม้วนอบกรอบรสออริจินัล ตราซาลิมิ,5,3.75,ขนม+ไอสครีม,4,8.85212E+12
สาหร่ายม้วนอบกรอบรสปลาหมึกย่าง ตราซาลิมิ,0,3.75,ขนม+ไอสครีม,14,8.85212E+12
ซีสโกะ,5,3,ขนม+ไอสครีม,10,8.85212E+12
ซีลีโกะ โรยปลาสวรรค์กรอบ,5,4,ขนม+ไอสครีม,12,8.85212E+12
โปโรโรกลิ่นผัก,5,3,ขนม+ไอสครีม,10,8.85212E+12
โปโรโร่บาบิคิว,5,3,ขนม+ไอสครีม,10,8.85212E+12
วีทสแน็ครสนม,5,4,ขนม+ไอสครีม,20,8.85212E+12
ขนมอบกรอบสอดไส้ครีมรสช็อกโกแลต ตราแดทแดท,2,1,ราคาสิินค้า,120,8.85212E+12
สำลีก้านเอเวอร์มินิ,13,10,น้ำยาปรับผ้านุ่ม,12,8.85212E+12
เอเวอร์กรีน,20,16,ของใช้ส่วนตัว,50,8.85212E+12
สำลีก้าน เอเวอร์กรีน,10,8,ของใช้ส่วนตัว,114,8.85212E+12
เอเวอร์กรีน,20,16,ของใช้ส่วนตัว,50,8.85212E+12
เอเวอร์กรีน สำลีก้าน 100ก้าน,10,8,ราคาสิินค้า,120,8.85212E+12
สำลีก้านเอเวอร์กรีน,10,8,น้ำยาปรับผ้านุ่ม,17,8.85212E+12
สำลีแผ่น50ก,30,25,น้ำยาปรับผ้านุ่ม,50,8.85212E+12
เอเวอร์กรีน สำลีแผ่นรีดขอบ 100แผ่น,30,25,ราคาสิินค้า,99,8.85212E+12
เอเวอร์กรีน สำลีก้อนกลม 40ก.,20,15,ราคาสิินค้า,100,8.85212E+12
หวี,20,15,ของใช้ส่วนตัว,50,8.85216E+12
ยาหม่องเล็ก,10,8,ยา,0,8.8522E+12
ยาม่องตราถ้วยทอง 12ก.,30,25,ยา,25,8.8522E+12
ข้าวตังหน้าหมูหยอง ตราเจ้าสัว,35,28,ขนม+ไอสครีม,1,8.85224E+12
ข้าวตังหน้าหมึกย่าง รสสวีทชิลลี่,35,28,ราคาสิินค้า,1,8.85224E+12
หมูหยองกรอบ,15,10,เครื่องปรุงต่างๆ,0,8.85224E+12
เจ้าสัว ผัดหมี่โคราช ต้นตำหรับ 200ก..,35,29,อาหารสำเร็จรูป,4,8.85224E+12
เจ้าสัว ผัดหมี่โคราช รสเเซ่บ 200ก.,35,29,อาหารสำเร็จรูป,4,8.85224E+12
Tanako แป้งUV พาวเดอร์ 15กรัม,35,26,เครื่องสำอาง,120,8.85226E+12
โกลด์เบรด ขนมปังไส้เผือก ,10,7.94,ขนม+ไอสครีม,20,8.85227E+12
โกลด์เบรด ขนมปังไส่ถั่วเเดง ,10,7.94,ขนม+ไอสครีม,118,8.85227E+12
เค้กบัตเตอร์60ก,12,9,ขนม+ไอสครีม,20,8.85227E+12
โกลด์เบรด เด้กกล้วยหอม,12,9.35,ขนม+ไอสครีม,120,8.85227E+12
โกลด์เบรด พิซซ่าไส้กรอก 60ก.,15,11,ขนม+ไอสครีม,119,8.85227E+12
โกลด์เบรด ขนมปังสังขยา,10,7.94,ขนม+ไอสครีม,15,8.85227E+12
โกลด์เบรด ขนมปังถั่วเเดง 80กรัม,12,7,ขนม+ไอสครีม,120,8.85227E+12
โกลด์เบรด ขนมปัง หมูหยองน้ำสลัด ,15,11,ขนม+ไอสครีม,112,8.85227E+12
โกลด์เบรด ขนมปังแผ่น 480กรัม,35,28,ขนม+ไอสครีม,12,8.85227E+12
โกลด์เบรด โมจิไส้ถั่ว,10,7.94,ขนม+ไอสครีม,119,8.85227E+12
โกลด์เบรด ขนมปังไส้ครีมสลัด,12,9.35,ขนม+ไอสครีม,119,8.85227E+12
โกลด์เบรด ขนมปังไก่หยอง,15,12.15,ขนม+ไอสครีม,15,8.85227E+12
โกลด์เบรด ขนมปังหมูหยองน้ำพริกเผา,15,12.15,ขนม+ไอสครีม,15,8.85227E+12
ขนมปังพิชซ่าปูอัด,15,12.15,ขนม+ไอสครีม,20,8.85227E+12
โกลด์เบรด มันม่วง 75ก.,10,8,ราคาสิินค้า,120,8.85227E+12
โกลด์เบรด โมจิไส้ถั่วไข่เค็ม,15,12.15,ขนม+ไอสครีม,120,8.85227E+12
บันเตยหอมไส่มันเทศ,10,7.94,ขนม+ไอสครีม,20,8.85227E+12
โกลด์เบรด โมจิไส้เผือก,10,7.94,ขนม+ไอสครีม,120,8.85227E+12
โกลด์เบรด ขนมปังไส้ถั่วดำ,10,7.94,ขนม+ไอสครีม,119,8.85227E+12
โกลด์เบรด ขนมปังไส้ครีมกาเเฟ ,12,9.35,ขนม+ไอสครีม,119,8.85227E+12
มายเบซิน,12,8.25,ราคาสิินค้า,0,8.85229E+12
มายเบซิน ส้ม,12,8.25,ยา,-1,8.85229E+12
มายเบซิน เลม่อน,10,8,ยา,0,8.85229E+12
มายเบซินส้ม,45,40,ยาสีฟัน,20,8.85229E+12
มาเบซินสตรอเบอรี่,45,40,ยาสีฟัน,20,8.85229E+12
มัยโซเวน รสส้ม ,10,6,ราคาสิินค้า,120,8.85229E+12
มัยโซเวน รสส้ม 200,10,6,ราคาสิินค้า,120,8.85229E+12
โสม จี เอส ดี 100มล.,10,8,เครื่องดื่ม,192,8.85231E+12
โสมOT,10,8,เครื่องดื่ม,100,8.85231E+12
วิเศษนิยม,15,10,ยาสีฟัน,0,8.85235E+12
หงส์ทอง 0.70ลิตร,270,256,เครื่องดื่ม,8,8.85239E+12
หงส์ทอง 350มล.,145,130,เครื่องดื่ม,2,8.85239E+12
หงส์ทอง 1ลิตร,390,385,เครื่องดื่ม,117,8.85239E+12
รสกี รสต้มยำน้ำข้น,6,4,อาหารสำเร็จรูป,22,8.85252E+12
ดิชแฮปปี้,12,10,น้ำยาล้างจาน,22,8.85252E+12
น้ำหอมปรับอากาศ,65,60,สบู่,-1,8.85252E+12
น้ำหอมปรับอากาศ,65,60,สบู่,0,8.85252E+12
น้ำหอมปรับอากาศ,65,60,สบู่,0,8.85252E+12
ฮันนี่ วี บีเอสซีืื เฟเชียล โฟม 100 ก.,65,60,ราคาสิินค้า,100,8.85253E+12
ชินเน่แป้ง30ก,25,20,แป้ง,50,8.85253E+12
สีทาเล็บ,29,25,เครื่องสำอาง,0,8.85253E+12
สีทาเล็บ,29,25,เครื่องสำอาง,0,8.85253E+12
สีทาเล็บ,29,25,เครื่องสำอาง,0,8.85253E+12
สีทาเล็บ,29,20,เครื่องสำอาง,0,8.85253E+12
สีทาเล็บ,29,25,เครื่องสำอาง,0,8.85253E+12
สีทาเล็บ,29,25,เครื่องสำอาง,0,8.85253E+12
สีทาเล็บ,29,25,เครื่องสำอาง,0,8.85253E+12
ชีนเเน่ ลิป เเคร์ F2 2 กรัม,25,19,พลาสติก,120,8.85253E+12
ชีนเเน่ ลิป เเคร์ P2 2ก.,25,20,น้ำยาปรับผ้านุ่ม,19,8.85253E+12
ชิ้นเน,25,18,ราคาสิินค้า,50,8.85253E+12
เซ้นแอนดรูว์50ก,15,9.75,แป้ง,10,8.85253E+12
เซ็ยท์แอนดรูว์50ก,15,9.75,แป้ง,12,8.85253E+12
เซ็นท์แอนดรูว์500ก,55,48,แป้ง,2,8.85253E+12
เซ็นร์แอนว์ดรูว์500ก,55,49,แป้ง,4,8.85253E+12
arson ถุงเท้า 9-11 น้ำตาล,35,28,พลาสติก,120,8.85253E+12
ห่านฟ้า 13,25,19,กำจัดแมลง,14,8.85253E+12
เพอร์เฟคไวท์,35,30,เครื่องสำอาง,50,8.85253E+12
ซีนเน่ มอยส์เจอร์ไรเชอร์ ลิป แคร์ 2ก.,25,20,เครื่องสำอาง,100,8.85253E+11
นิสชิน ต้มยำกุ่งเเซ่บ 60ก.,10,7,อาหารสำเร็จรูป,200,8.85253E+12
นิชชินรสหมูสับ,6,4,อาหารสำเร็จรูป,20,8.85253E+12
นิสชินรสหมูมะนาว,6,3,อาหารสำเร็จรูป,10,8.85253E+12
นิสชิน ทงคตสึราเมน,10,7,อาหารสำเร็จรูป,200,8.85253E+12
นิสชิน ซุปเกาหลี 70ก.,20,17,อาหารสำเร็จรูป,200,8.85253E+12
นิสชิน คัพ สไปรซีทงคตสึ 70ก.,20,18,อาหารสำเร็จรูป,200,8.85253E+12
นิสชิน ไก่เผ็ดเกาหลีซีส,10,7,อาหารสำเร็จรูป,200,8.85253E+12
นิสชิน คัพ  ต้มยำครบเครื่อง 70ก.,20,18,อาหารสำเร็จรูป,200,8.85253E+12
คัพนูดเดิลรสหมูมะนาว,20,18,ราคาสิินค้า,0,8.85253E+12
นิสชิน ไก่เผ็ดเกาหลี,20,17,อาหารสำเร็จรูป,200,8.85253E+12
นิสชิน ไก่เผ็ดไข่เค็ม,10,6,อาหารสำเร็จรูป,200,8.85253E+12
คัพนูดเดิลรสหม่าล่า,20,0,ราคาสิินค้า,0,8.85253E+12
วัวแดงรสจืด,12,10,เครื่องดื่ม,32,8.85254E+12
วัวแดงรสจืดแพค,65,60,เครื่องดื่ม,44,8.85254E+12
ไทยเดรมาค125มล.รสจืด,35,30,เครื่องดื่ม,9,8.85254E+12
ไทย-เดนมาร์ค รสหวาน 200มล.,13,11,เครื่องดื่ม,39,8.85254E+12
วัวแดงใหญ่รสหวาน,65,60,ราคาสิินค้า,43,8.85254E+12
วัวแดงหวาน125มล.,6,3,เครื่องดื่ม,48,8.85254E+12
วัวแดงเล็กรสหวาน,37,30,ราคาสิินค้า,48,8.85254E+12
ไทย-เดนมาร์ค ช๊อกโกเเลต 200มล.,13,11,เครื่องดื่ม,12,8.85254E+12
เดนมาค125มล.รสช็อคโคแลต,35,30,เครื่องดื่ม,10,8.85254E+12
เดนมาคสตรอเบอรรี่,55,50,เครื่องดื่ม,12,8.85254E+12
รีเจนซี่ 350มล.,250,230,เครื่องดื่ม,48,8.85255E+12
ดีน้องพร30cc,12,10,เครื่องปรุงต่างๆ,10,8.85262E+12
เอนแชนเทอร์50กรัม,30,25,แป้ง,48,8.85266E+12
เอนแชนเทอร์50กรัม,30,25,แป้ง,48,8.85266E+12
แอร์-เอ็กซ์ มิ้นท์ 80มก.,16,14,ยา,50,8.85267E+12
แอร์เอ็กซ์,15,10,ยา,50,8.85267E+12
แอร์-เอ็กซ์ ส้ม 80มก.,16,14,ยา,20,8.85267E+12
แอร์-เอ็กซ์ มะนาว 80มก.,16,14,ยา,12,8.85267E+12
ท็อปรสนม,5,4,ขนม+ไอสครีม,20,8.85268E+12
ท็อปช็อกโกแลต,5,4,ขนม+ไอสครีม,20,8.85268E+12
นมแท่งรสนม,5,4,ขนม+ไอสครีม,10,8.85268E+12
นมแท่งช็อคโกแลต,5,3,ขนม+ไอสครีม,0,8.85268E+12
ฟูชิ ข้าวเกรียบกุ้ง 20ก.,5,3,ขนม+ไอสครีม,19,8.85268E+12
ผิงผิง เวเฟอร์สติ๊ก 30กรัม,5,3,ขนม+ไอสครีม,118,8.85268E+12
โยเฟอร์ส้ม,5,4,ขนม+ไอสครีม,20,8.85268E+12
โยเฟอร์มะพร้าว,5,4,ขนม+ไอสครีม,20,8.85268E+12
บิ๊กช็อก,5,4,ขนม+ไอสครีม,20,8.85268E+12
ฟูชิ รสสาหร่ายโนริ 20กรัม,5,4,ขนม+ไอสครีม,120,8.85268E+12
ฟูชิ ข้าวเกรียบกุ้ง 96กรัม,20,16,ขนม+ไอสครีม,120,8.85268E+12
เเรงเยอร์ 150มล.,10,9,เครื่องดื่ม,20,8.85274E+12
ตะขาบ5ตัว,25,20,ยา,50,8.85276E+12
กลูต้าคอลลาเจน100มล.,20,15,เครื่องดื่ม,100,8.85278E+12
กลูต้าพรุน100มล.,20,15,เครื่องดื่ม,100,8.85278E+12
คาโรโลน,15,20,ยา,-1,8.85281E+12
อควาฟิน่า 550มล.,6,4,เครื่องดื่ม,120,8.85285E+12
ข้าวเหนียวงู5กก,155,140,ข้าว,95,8.85291E+12
ข้าวงูใหม่1ก,35,30,ข้าว,91,8.85291E+12
ออรีด้า อาร์โอ 3.3กรัม,5,2.5,ยา,24,8.85291E+12
วุ้นเส้นเกษตร,13,10,อาหารสำเร็จรูป,100,8.85296E+12
เสีย 11 ตัว ยาแผ่น,25,21,ยา,199,8.85297E+12
เมล็ดแตงดมM16,5,4,ขนม+ไอสครีม,20,8.85297E+12
ลูกอมกลิ้นแตงโม8ก,3,0,ขนม+ไอสครีม,200,8.85298E+12
Cemol 500มก. 100เม็ด,50,38,ยา,12,8.85298E+12
ดีน่างาดำ2เท่าสีเทา,12,9,เครื่องดื่ม,41,8.853E+12
ดีน่างาดำ 180ml,38,30,เครื่องดื่ม,31,8.853E+12
ดีมอลล์180มล.,10,18,เครื่องดื่ม,32,8.853E+12
ดีมอลต์ 180มล. ,38,30,เครื่องดื่ม,43,8.853E+12
ดีมอลล์90มล.,6,5,เครื่องดื่ม,42,8.853E+12
ดีมอล 90มล. X4,18,12,เครื่องดื่ม,39,8.853E+12
ดีน่าจมูกข้าว180มล.,10,8,เครื่องดื่ม,44,8.853E+12
ดีน่าจมูกข้าวญี่ปุ่น,38,31,เครื่องดื่ม,46,8.853E+12
ดัชมิลล์เบอรี180มล.,10,8,เครื่องดื่ม,45,8.853E+12
ดัชมิลล์ เบอร์รี่รวม 180ml,43,38,เครื่องดื่ม,43,8.853E+12
ดีน่าคอลลาเจ่น,10,8,เครื่องดื่ม,48,8.853E+12
ดีน่าคลอลาเจนแพค,35,30,เครื่องดื่ม,48,8.853E+12
ดีมอลล์ 33 กรัม,6,5,กาแฟ,19,8.853E+12
ดีมอลต์ 3in1 20ซอง,115,90,กาแฟ,4,8.853E+12
ดัชมิลล์ ซีเล็คเต็ด รสจืด 180มล.,10,8,เครื่องดื่ม,48,8.853E+12
ดัชมิลล์ ซีเล็คเต็ด รสจืด 180มล.,35,30,เครื่องดื่ม,47,8.853E+12
ดีน่าข้าวโพด180มล.,10,8,เครื่องดื่ม,47,8.853E+12
ดีน่าน้ำนมข้าวโพด 180ml,38,30,เครื่องดื่ม,46,8.853E+12
ดีน่างา2เท่า,35,30,เครื่องดื่ม,48,8.853E+19
ไลฟ์น้ำตาลน้อย,10,8,เครื่องดื่ม,48,8.853E+12
ดัชมิลล์ไลฟ์พลัสแพค,35,30,เครื่องดื่ม,46,8.853E+12
ดัชมิลล์ไลฟ์สตรอเบอรี่,10,8,เครื่องดื่ม,48,8.853E+12
ดัชมิลล์แอปเปิ้ลรวม180มล.,10,8,เครื่องดื่ม,48,8.853E+12
ดัชมิลล์4อิน1แพค,35,30,เครื่องดื่ม,48,8.853E+12
ดัสมิลล์เจ็นไอรสจืด,10,8,เครื่องดื่ม,48,8.853E+12
เจ็นไอ90มล.,5,3,เครื่องดื่ม,48,8.853E+12
ดัสมิลล์เจ็นไอ  ,18,15,เครื่องดื่ม,46,8.853E+12
ดีน่างาดำ180มล.,10,8,เครื่องดื่ม,48,8.853E+12
ดีน่าแบล็ค,35,30,เครื่องดื่ม,48,8.853E+12
อาราบัส ออริจินัล 180ทล.,12,10,เครื่องสำอาง,30,8.853E+12
อาราบัสเขียว18กรัม,4,3,กาแฟ,34,8.853E+12
อาราบัสแดง18กรัม,3,2,กาแฟ,39,8.853E+12
อาราบัส สปีด เอสเปรสโซ 16X30 ซอง ,95,89,กาแฟ,4,8.853E+12
อาราบัส สปีด ออริจินอล 16X30กรัม,95,90,กาแฟ,3,8.853E+12
ดรัชมิลล์ช็อกโกแลต180มล.,10,8,เครื่องดื่ม,48,8.853E+12
ดัชมิลล์แอปเปิ้ล90มล.,5,4,เครื่องดื่ม,48,8.853E+12
ดัชมิลล์แพคเล็ก,18,15,เครื่องดื่ม,48,8.853E+12
ดัชมิลล์ไลฟ์เลม่อน,10,8,เครื่องดื่ม,48,8.853E+12
อาราบัสรอยัล บลู 180มล.,12,10,เครื่องสำอาง,30,8.853E+12
ดัชมิลล์กาแฟ180มล.,10,8,เครื่องดื่ม,48,8.853E+12
ดัสมิลล์เจ็นไอรสช้อกโกแลต,10,8,เครื่องดื่ม,48,8.853E+12
เจนไอใหญ่,35,30,เครื่องดื่ม,47,8.853E+12
ดีน่า ไรซ์เบอร์รี่ 180มล.,10,8,เครื่องดื่ม,119,8.853E+12
ดีน่า ไรซ์เบอร์รี่ น้ำตาลน้อย 180มล.,35,31,เครื่องดื่ม,119,8.853E+12
ไวท์โกลด์มิลค์150มล.,10,8,เครื่องดื่ม,1999,8.853E+12
เดลี่ซีวิตามินออเร้นจ์150มล.,10,8,เครื่องดื่ม,100,8.853E+12
เดลี่ซีวิตามินเลมอน150มล.,10,8,เครื่องดื่ม,1000,8.853E+12
อาราบัส BK คั่วเข้ม 2 กรัม,4,1.83,กาแฟ,26,8.853E+12
จอห์นสันเบเบี้(ครีม)50กรัม,59,52,เครื่องสำอาง,18,88530208
ปลั้กไฟ,195,173,ของใช้ส่วนตัว,10,8.85304E+12
ยาแก้ไอตราเสือดาว 60มล.,22,15,ยา,20,8.85304E+12
คาลาไมน์ ตราเสือดาว 120มล.,30,24,ราคาสิินค้า,0,8.85304E+12
เสือดาว เเอลกอฮอล์ 30ml.,10,6,ยา,11,8.85304E+12
เสือดาว แอลกอฮอล์ 60ml.,12,8,ยา,30,8.85304E+12
กระจก ไวท์ สตอรี่,35,30,ของใช้ส่วนตัว,1,8.85311E+12
กล่อง,15,10,ของใช้ส่วนตัว,0,8.85311E+12
Jolly ฟองน้ำ ,20,13,ของใช้ส่วนตัว,119,8.85311E+12
ห่านฟ้า กลิ่นลาเวนเดอร์,25,15,กำจัดแมลง,52,8.85312E+12
จอห์นสันเบเบี้(ครีม)50กรัม,65,54,เครื่องสำอาง,20,88531649
เมจิกลิปแคร์,25,20,น้ำยาปรับผ้านุ่ม,20,8.8532E+12
เจนนินสปาร์คกิ้ง18มล.,39,35,เครื่องสำอาง,20,8.8532E+12
เจนนินสปาร์คกิ้ง18มล.,39,35,เครื่องสำอาง,20,8.8532E+12
เจนนินสปาร์คกิ้ง18มล.,39,35,เครื่องสำอาง,20,8.8532E+12
ซิงซิง-ทาสิวฝ้า ,10,8,เครื่องสำอาง,115,8.85325E+12
สบู่น้ำนมข้าว  160กรัม,25,20,สบู่,9,8.85325E+12
สบู่น้ำนมสดเต้าหู้60กรัม,10,8,สบู่,19,8.85325E+12
สบู่ชาเขียว60กรัม,10,8,สบู่,20,8.85325E+12
เต้าฮู้ข้าว60ก,10,8,สบู่,20,8.85325E+12
K น้ำนมข้าว,12,8,สบู่,98,8.85325E+12
USA เบบี้ เฟส 50กรัม,15,11,สบู่,11,8.85325E+12
K.Brothers Black spot 50g.,15,10,สบู่,120,8.85325E+12
สมุดชีกมีเส้น,10,8,ของใช้ส่วนตัว,20,8.85332E+12
เฟิรสช้อย เงาะในน้ำเชื่อม565g,45,40,เครื่องดื่ม,12,8.85333E+12
มาลีน้ำมะพร้าว,10,8,เครื่องดื่ม,48,8.85333E+12
มาลีรสลิ้นจี่,10,8,เครื่องดื่ม,48,8.85333E+12
มาลีลิ้นจี้,25,20,เครื่องดื่ม,48,8.85333E+12
มาลีส้าสายน้ำผึ้ง,10,8,เครื่องดื่ม,48,8.85333E+12
มาลีส้มสายน้ำผึ่ง,25,20,เครื่องดื่ม,48,8.85333E+12
มาลีสตรอเบอรี่,25,20,เครื่องดื่ม,48,8.85333E+12
น้ำเสาวรส180มล.,10,0,เครื่องดื่ม,0,8.85333E+12
เมลีน ยูวี,25,20,แป้ง,50,8.85349E+12
เมอร์รี่เบล สบู่ขิง 50กรัม,15,11.5,สบู่,12,8.8535E+12
ขั้วยางกันน้ำ LH-538,50,40,ของใช้ส่วนตัว,0,8.85354E+12
ขั้วยางกันน้ำ LH-638,20,14,ของใช้ส่วนตัว,4,8.85354E+12
นกขั้วโลก กระเทียมเจียว 100ก.,10,7,อาหารสำเร็จรูป,10,8.85354E+12
ซอสหอยนางรมตรานกขั่วโลก,25,20,เครื่องปรุงอาหาร,20,8.85354E+12
ที่จุดไฟเอนกประสงค์,30,25,ของใช้ส่วนตัว,19,8.8536E+12
ซอสพริกตราม้าบิน,32,26,เครื่องปรุงต่างๆ,20,8.8537E+12
ซอสพริกตราม้าบิน,28,23,ราคาสิินค้า,20,8.8537E+12
น้ำจิ้มไก่ตราม้าบิน360กรัม,25,20,เครื่องปรุงอาหาร,20,8.8537E+12
น้ำจิ้มลูกชิ้นม้าบิน900ก,35,25,อาหารสำเร็จรูป,5,8.8537E+12
ซอสหอยนางรมตราม้าบิน,25,20,เครื่องปรุงอาหาร,20,8.8537E+12
ซอสเย็นตาโฟตราม้าบิน,30,25,เครื่องปรุงต่างๆ,20,8.8537E+12
ซอสพริกตราม้าบิน,35,30,เครื่องปรุงต่างๆ,20,8.8537E+12
สบู่แคมเฟอะ 68กรัม,15,10,สบู่,15,8.85378E+12
เอลราเคิล ครีม30มล,15,12,ยาสระผมครีมนวด,43,8.8538E+12
ทรีทเมนต์ ครีม30มล,10,6,ยาสระผมครีมนวด,97,8.8538E+12
เราเคิล30มล,15,12,ยาสระผมครีมนวด,47,8.8538E+12
Bio เเอคทีฟ เเชมพู เคอราติน 25มล.,10,7,เครื่องสำอาง,12,8.8538E+12
บูเต้ โลชั่น สปาUV 150มล.,30,18,เครื่องสำอาง,120,8.85383E+12
โปวีดีน 15ml,29,17,ยา,49,8.85384E+12
เกาลูน วุ้นเส้น 200ก.,10,7,ราคาสิินค้า,114,8.85384E+12
เกาลูน วุ้นเส้น 500กรัม,20,17,อาหารสำเร็จรูป,119,8.85384E+12
คาดรามาย-วี โลชั่น,30,22,ยา,40,8.85387E+12
โมราลิชเจลแต่งผม100กรัม,20,18,แป้ง,30,8.85392E+12
แชมพูคู้ขวัญ360มล,55,45,ยาสระผมครีมนวด,20,8.85392E+12
ลาวีด้า เพียว ปิโตเลียม เจลลี่ 50g,45,38,เครื่องสำอาง,120,8.85392E+12
เคราตินแฮร์ ทรีทเม้นท์ 60มล.,20,16,ยาสระผมครีมนวด,20,8.85392E+12
Lavida ซูทติ้ง เจล 50มล.,45,38,ของใช้ส่วนตัว,120,8.85392E+12
ออฟซ่าร์ ยาล้างตา 100ml.,45,28,ยา,3,8.85397E+12
หมูยอ 400ก,50,46.5,เครื่องดื่ม,1,8.85399E+12
หมูอนามัย แหนม,45,37,เครื่องปรุงต่างๆ,-3,8.85399E+12
แหนม,25,23.25,เครื่องปรุงอาหาร,38,8.85399E+12
หมูอนามัย เเหนม 250ก.,50,39,อาหารสำเร็จรูป,116,8.85399E+12
เพนิซิลลิน Tablets,30,18,ยา,38,8.85406E+12
คลีนเเอนด์เเคร์ นอร์มอลซาไลน์ 500มล.,45,35,ยา,120,8.85406E+12
ผงฟูโบนัท,7,5,เครื่องปรุงต่างๆ,20,8.8542E+12
ผงกระหรี่20ก,10,8,เครื่องปรุงต่างๆ,48,8.8542E+12
เต้าหู้ยี้,30,25,เครื่องปรุงต่างๆ,20,8.8542E+12
TOTO-ไฟเเช็ค,5,3,ของใช้ส่วนตัว,1000,8.8542E+12
ผงกระหรี่60ก,25,20,เครื่องปรุงอาหาร,50,8.8542E+12
น.เสื้อกันฟนเด็ก H08,59,42,ของใช้ส่วนตัว,11,8.85424E+12
น้ำปลาตราไส้ตันลูกยอด,15,10,น้ำปลา,80,8.85429E+12
กุ้งระยอง,15,9,น้ำปลา,12,8.85429E+12
แชมพูคู้ขวัญ360มล,55,45,ยาสระผมครีมนวด,20,8.8543E+12
แชมพูคู้ขวัญ360มล,55,45,ยาสระผมครีมนวด,10,8.8543E+12
สบู่แตงโม160ก,25,20,สบู่,50,8.8543E+12
จาเป่า สบู่สมุนไพร 160g,25,23,ของใช้ส่วนตัว,120,8.85431E+12
ฟ้าไทย น้ำใส 350กรัม,29,25.5,เครื่องปรุงอาหาร,12,8.85433E+12
ฟ้าไทย ผงปรุงรส รสหมู 75กรัม,12,8,เครื่องปรุงต่างๆ,12,8.85433E+12
ฟ้าไทย75มล,12,10,เครื่องปรุงต่างๆ,50,8.85433E+12
ฟ้าไทย75ก,12,10,เครื่องปรุงต่างๆ,49,8.85433E+12
ฟ้าไทยน้ำข้น75ก,12,10,เครื่องปรุงต่างๆ,50,8.85433E+12
ฟ้าไทย น้ำข้น 350 g.,29,25.5,เครื่องปรุงอาหาร,18,8.85433E+12
ฟ้าไทย รสพะโล้ 350กรัม,29,25,เครื่องปรุงต่างๆ,12,8.85433E+12
ฟ้าไทย บะหมี่เกี๊ยว 270มล,29,25.5,เครื่องปรุงอาหาร,4,8.85433E+12
ฟ้าไทย ซุปน้ำรสหมู 25มล.,5,3,เครื่องปรุงต่างๆ,12,8.85433E+12
ฟ้าไทย ซุปน้ำรสไก่ 25มล.,5,3,อาหารสำเร็จรูป,12,8.85433E+12
ฟ้าไทย น้ำนะนาว700มล,22,18,เครื่องปรุงต่างๆ,3,8.85433E+12
กระดาษสา ห่อเหรียญ 100แผ่น,25,19,ราคาสิินค้า,120,8.85443E+12
ดินน้ำมัน,5,4,ของใช้ส่วนตัว,20,8.8545E+12
กะปิกุ้งมังกร90ก,17,12.25,เครื่องปรุงอาหาร,46,8.85456E+12
น้ำจิ้มไก่ตราเอกชัย,25,20,เครื่องปรุงอาหาร,18,8.85457E+12
ตั้งฉ่าย,15,10,เครื่องปรุงอาหาร,20,8.85457E+12
น้ำตาล ษฎา 1กก,30,25,เครื่องปรุงอาหาร,5,8.85457E+12
สำลีก้านวีเเคร์,20,15,น้ำยาปรับผ้านุ่ม,19,8.85459E+12
วีแคร์สำลีแผ่น,30,25,กระดาษทิชชู,50,8.85459E+12
วีแคร์,20,15,เครื่องสำอาง,0,8.85459E+12
ดราก้อน ฟรุตกัมมี่ กลิ่นโคล่า 25กรัม,5,4,ขนม+ไอสครีม,120,8.8546E+12
ยันฮี ไวต้า-วิตซี ลื่นจี่,15,8,อาหารสำเร็จรูป,120,8.85461E+12
แอป220มล,25,20,ผงซักผ้า,50,8.85467E+12
หมอจุฬา 100g,45,40,ยาสีฟัน,20,8.85469E+12
โออิชิน้ำผึ้งมะนาว,10,8,เครื่องดื่ม,-2,8.8547E+12
โออิชิน้ำผึ้งมะนาว,35,30,เครื่องดื่ม,47,8.8547E+12
โออิชิ น้ำผิ้งมะนาว 500มล.,25,19,เครื่องดื่ม,120,8.8547E+12
โออิชิสตรอเบอรี่250มล.,10,8,เครื่องดื่ม,48,8.8547E+12
โออิชิ น้ำผิ้งมะนาว 380มล.,17,0,เครื่องดื่ม,24,8.8547E+12
โออิชิ ต้นตำรับ 380มล.,17,0,เครื่องดื่ม,24,8.8547E+12
โออิชิ ข้าวญี่ปุน 380มล.,17,0,เครื่องดื่ม,24,8.8547E+12
ซาคูลล์ซ่าโชดา320มล,15,11.25,เครื่องดื่ม,21,8.8547E+12
โออิชิ ลิ้นจี่ 380มล.,17,0,เครื่องดื่ม,24,8.8547E+12
โออิชิลิ้นจี่250มล.,10,8,เครื่องดื่ม,48,8.8547E+12
โออิชิลิ้นจี้แพค,35,30,เครื่องดื่ม,48,8.8547E+12
โออิชิองุ่นเคียวโฮ,17,15,เครื่องดื่ม,19,8.8547E+12
โออิชิ เเตงโม 380มล.,17,0,เครื่องดื่ม,24,8.8547E+12
จับใจ 400มล.,10,6.5,เครื่องดื่ม,20,8.8547E+12
โออิชิ ซากุระสตรอเบอร์รี่ 380มล.,17,0,เครื่องดื่ม,24,8.8547E+12
โออิชิ ส้มยูซู 380มล.,17,0,เครื่องดื่ม,24,8.8547E+12
โออิชิ น้ำผิ้ง เลมอน 350มล.,15,10,เครื่องดื่ม,-10,8.8547E+12
โออิซิ350มล,15,12.9,เครื่องดื่ม,20,8.8547E+12
โออิชิข้าวญี่ปุ่น 350มล,15,12,เครื่องดื่ม,47,8.8547E+12
โออิชิแตงโม,12,8,เครื่องดื่ม,99,8.8547E+12
Boost รสเลมอน 150มล.,15,10.75,เครื่องดื่ม,120,8.8547E+12
เบต้ากลูแคน150มล.,15,10,เครื่องดื่ม,100,8.8547E+12
ซาคูลซ่า320มล,15,11.25,เครื่องดื่ม,23,8.8547E+12
ดรีมมี่ เซฟ ปรุงเเต่งรส 1000g,75,67,กาแฟ,1,8.85473E+12
ร่มชูชีพ ผงพิเศษ 3gm.,13,10,ยา,36,8.85475E+12
โอฉะซัง,20,17.25,เครื่องดื่ม,8,8.85476E+12
โอฉะซัง,20,17.25,เครื่องดื่ม,4,8.85476E+12
น้ำแอปเปิ้ลผสมว่านห่างจระเข้,17,13.6,เครื่องดื่ม,20,8.85476E+12
ชูนิ้วสิบ,150,140,เครื่องดื่ม,2,8.85479E+12
เชียงชุน 625มล.,140,128,เครื่องดื่ม,24,8.8548E+12
สุรา30ดีกรี 625มล.,110,100,เครื่องดื่ม,17,8.8548E+12
สุรา40ดีกรี 625มล.,120,110,เครื่องดื่ม,20,8.8548E+12
สุรา30ดีกรี 330มล.,60,55,เครื่องดื่ม,46,8.8548E+12
สุรา40ดีกรี 625มล.,65,60,เครื่องดื่ม,-16,8.8548E+12
สแน็คแจ็ครสดั้งเดิม15กรัม,20,16,ขนม+ไอสครีม,100,8.85492E+12
สเเน็คเเจ๊ค รสกุ้งคั่วพริกเกลือ 16กรัม,5,4,ขนม+ไอสครีม,10,8.85492E+12
สเเน็คเเจ๊ค รสสเต๊กไก่ซอสจิ้มเเจ่ว 16กรัม,5,4,ขนม+ไอสครีม,118,8.85492E+12
สเเน็คเเจ๊ก รสหอยเชลล์ 16กรัม,5,4,ขนม+ไอสครีม,119,8.85492E+12
หมุหยอง,60,50,ขนม+ไอสครีม,10,8.85499E+12
กุนเชียง 5 ดาว 475กรัม,60,55,อาหารสำเร็จรูป,120,8.85501E+12
ยาแก้ปวดฟัน,30,25,ราคาสิินค้า,0,8.85501E+12
อีพีพี ถ้วยกระดาษ 6.5oz.,45,40,พลาสติก,120,8.85505E+12
หลอดงอ คละสี,17,13,ถุงพลาสติก,20,8.85505E+12
อีพีพี ถ้วยกระดาษ ไม่พิมพ์ลาย 6.5oz.,45,40,พลาสติก,120,8.85505E+12
EPP ตะเกียบไม้ 22cm.,20,15,ไม้เสียบ,10,8.85505E+12
ทีซี-มัยซิน,40,24,ยา,11,8.85511E+12
Yummy เฟรช ปลาทูน่า 1กก.,50,42,อาหารแมว,2,8.85513E+12
ธูปหอมนิ้วสับปะรด,65,60,ราคาสิินค้า,0,8.85514E+12
ไบโอวูเมนส์ พาวเดอร์,40,36,เครื่องสำอาง,20,8.85514E+12
รวงข้าว 700มล.,170,145,เครื่องดื่ม,2,8.85516E+12
นิยมไทย 40ดีกรี 330มล.,65,57,เครื่องดื่มแอลกอฮอ,7,8.85516E+12
นิยมไทย 40ดีกรี 625มล,120,107,เครื่องดื่มแอลกอฮอ,10,8.85516E+12
เบน285 700มล.,270,250,เครื่องดื่ม,23,8.85516E+12
Blend285 1litre,385,366,ราคาสิินค้า,0,8.85516E+12
เบน285ทอง 700มล.,320,298,เครื่องดื่ม,11,8.85516E+12
Blend 285 sig 1Litre,470,429,เครื่องดื่มแอลกอฮอ,120,8.85516E+12
เทปใส,25,20,ของใช้ส่วนตัว,50,8.85531E+12
ปากกาน้ำเงิน OG-06,5,3,ของใช้ส่วนตัว,97,8.85531E+12
ปากกาเเดง 0G-32,5,3,ของใช้ส่วนตัว,98,8.85531E+12
อมตรีเฮิร์บ8เม็ด,20,15,ยา,50,8.85546E+12
ยาแก้ไอมะขามป้อม60มล,25,19,ยา,6,8.85554E+12
ข้าวตังหน้าหมูหยอง ปึงหงี่เชียง,35,28,ขนม+ไอสครีม,1,8.85555E+12
รีเจนซี่ 700มล.,520,505,เครื่องดื่ม,24,8.85556E+12
คาราด้า นักเก็ต รสสาหร่าย 17กรัม,5,3,ขนม+ไอสครีม,120,8.85559E+12
มิสทิน เนเชอรัล 200มล.,45,35,เครื่องสำอาง,5,8.85563E+12
ซี-คอน น้ำมะพร้าวสด 330มล.,15,11,เครื่องดื่ม,118,8.85565E+12
ซีคอน น้ำตาลสด290มล,15,8.75,เครื่องดื่ม,12,8.85565E+12
เห็ดเข็มทอง 300ก.,20,18,ราคาสิินค้า,119,8.85572E+12
ตราจาน-ซีอิ้วขาว2  625cc,20,17,เครื่องปรุงอาหาร,9,8.85572E+12
ตราจาน-ซีอิ้ว 3  625cc,20,15,เครื่องปรุงต่างๆ,10,8.85572E+12
ซอสหวานจานทิพย์525ซม.,25,20,เครื่องปรุงต่างๆ,14,8.85572E+12
ซอสหวานจานทิพย์เล็ก,12,9,เครื่องปรุงต่างๆ,13,8.85572E+12
สบู่เอแซนเต้100กรัม,20,15,สบู่,20,8.85575E+12
เอเซนเต้100ก,20,15,สบู่,100,8.85575E+12
สุพรรณา160ก,25,20,สบู่,100,8.85575E+12
สบู่สุพรรณามะละกอ 160กรัม,25,20,สบู่,19,8.85575E+12
สบู่สุพรรณา,25,20,สบู่,10,8.85575E+12
สุพรรณา160ก,25,20,สบู่,100,8.85575E+12
สุพรรณา160ก,25,20,สบู่,100,8.85575E+12
สบู่มะขาม80ก,18,13,สบู่,50,8.85575E+12
สบู่มะขาม80ก,15,10,สบู่,50,8.85575E+12
สบู่มะขาม80ก,15,13,สบู่,100,8.85575E+12
คาราบาวแดง 150ซม.,10,9,เครื่องดื่ม,165,8.85579E+12
คาราบาว19กรัม,4,3,กาแฟ,29,8.85579E+12
คาราบาว ริช อโรมา 27ซอง,90,83,กาแฟ,30,8.85579E+12
คาราบาวเขียว18กรัม,4,3,กาแฟ,27,8.85579E+12
โอวันติน18กรัม,5,3,กาแฟ,10,8.85579E+19
คาราบาว เอสเปรสโซ 27ซอง,90,83,ราคาสิินค้า,120,8.85579E+12
คาราบาว โรบัสต้า 180มล.,10,9,เครื่องดื่ม,28,8.85579E+12
คาราบาว เอสเปรสโซ 180มล.,10,9,เครื่องดื่ม,30,8.85579E+12
วู้ดดี้ซีล็อค140มล.,15,10,เครื่องดื่ม,100,8.85579E+12
ฟูลมูน แดง 275 มล.,30,25.5,เครื่องดื่ม,6,8.8558E+12
ฟูลมูน ขาว 275 มล.,30,25.5,เครื่องดื่ม,28,8.8558E+12
ฟูลมูน ดำ 275 มล.,30,25.5,เครื่องดื่ม,6,8.8558E+12
ฟลูมูน ป๊อป พึ้งกี้ 275มล.,35,24.5,เครื่องดื่มแอลกอฮอ,6,8.8558E+12
ฟลูมูล ป๊อป ทไวไลท์ 275มล.,30,24.5,เครื่องดื่มแอลกอฮอ,6,8.8558E+12
คอมเบ-โซจู สตรอฯ 360ml.,75,62,เครื่องดื่ม,2,8.8558E+12
คอมเบ-โซจู เกรปฟรุ๊ต 360ml.,75,62,เครื่องดื่ม,2,8.8558E+12
คอมเบ-โซจู เฟรช 360ml.,75,62,เครื่องดื่มแอลกอฮอ,3,8.8558E+12
คอมเบ-โซจู พีซ 360ml.,75,62,เครื่องดื่ม,2,8.8558E+12
คอมเบ-โซจู โยเกิร์ต 360ml.,75,62,เครื่องดื่ม,1,8.8558E+12
คอมเบ-โซจู เจลลี่องุ่น 360ml.,75,62,เครื่องดื่มแอลกอฮอ,3,8.8558E+12
คอมเบ-โซจู องุ่นเขียว 360ml.,75,62,เครื่องดื่ม,2,8.8558E+12
คอมเบ-โซจู เมล่อน 360ml.,75,62,เครื่องดื่มแอลกอฮอ,2,8.8558E+12
คอมเบ-โซจู ลิ้นจี้ 360ml.,75,62,เครื่องดื่ม,3,8.8558E+12
เทปกาว,15,10,ของใช้ส่วนตัว,50,8.85581E+12
 เทปกาวสองหน้า,10,8,ของใช้ส่วนตัว,29,8.85581E+12
Nano so-cute กระดาษเช็ดหน้า 150 แผ่น,25,20,กระดาษทิชชู,50,8.85581E+12
เกษตร เต้าหู้ไข่ไก่ 105ก.,10,8.25,เครื่องปรุงอาหาร,-11,8.85582E+12
วุ้นเส้นเล็ก,10,8,ของใช้ส่วนตัว,17,8.85582E+12
ช็อกโกบี้,5,4,ขนม+ไอสครีม,0,8.85592E+12
ช็อกโกบี้,5,4,ขนม+ไอสครีม,0,8.85592E+12
ผงร่วมซักฟอก ตราลิงอุ้มลูกท้อ,25,20,ราคาสิินค้า,120,8.85622E+12
น้ำจิ้มย่างเกาหลีออสก้า,45,29,เครื่องปรุงอาหาร,30,8.85627E+12
เทียนหอม No.3,20,15,ราคาสิินค้า,12,8.85634E+12
เทียนหอม40เล่ม,20,14,ธูปเทียน,10,8.85634E+12
เทียนวันเกิด,15,12,ของใช้ส่วนตัว,100,8.85634E+12
เทียน No.21 เหลือง,65,59,ของใช้ส่วนตัว,120,8.85634E+12
เทียนหอม ขาว No.10,20,17,ของใช้ส่วนตัว,12,8.85634E+12
เทียนหอม No.10 เหลือง,20,17,ของใช้ส่วนตัว,123,8.85634E+12
ซิลกี้เเฮร์โค็ท มะกรูด 30มล.,25,23,เครื่องสำอาง,50,8.85644E+12
อุทัยทิพ,25,20,บุหรี่+ยาเส้น,30,8.85644E+12
ซิลกี้แฮร์โค้ทน้ำนมข้าว30มล.,25,23,แป้ง,30,8.85644E+12
ซิลกี้แฮร์โค้ทดอกอัญชัน30มล.,25,23,แป้ง,30,8.85644E+12
ชิลกี้แฮร์โค้ท,25,23,แป้ง,30,8.85644E+12
ดอกอัญชัน85มล,75,70,เครื่องสำอาง,50,8.85644E+12
น้ำนมข้าว85มล,75,70,เครื่องสำอาง,50,8.85644E+12
ซิลกี้แฮร์โค้ทผลไม้รวม85มล.,75,70,แป้ง,30,8.85644E+12
ซิลกี้แฮร์โค้ทดอกทานตะวัน85มล.,75,70,แป้ง,30,8.85644E+12
ซิลกี้แฮร์โค้ทดอกมะลิ85มล.,85,80,แป้ง,30,8.85644E+12
น้ำนมข้าว20มล,25,20,เครื่องสำอาง,50,8.85644E+12
อัญชัน20มล,25,20,เครื่องสำอาง,50,8.85644E+12
ยาน้ำเเก้ไอตรา ไอยรา 60ml.,45,36,ราคาสิินค้า,120,8.85651E+12
สโตนผลไม้,5,3,ขนม+ไอสครีม,20,8.85655E+12
ช็อกโคเเลตสโตน,5,3,ขนม+ไอสครีม,9,8.85655E+12
สบู่พ่อสะอาด,35,30,สบู่,50,8.85664E+12
สีดาสบู่สมุรไพร60กรัม,10,8,สบู่,20,8.85664E+12
สบู่ขิงไทย60กรัม,10,8,สบู่,20,8.85664E+12
ซิลกี้,25,21,ราคาสิินค้า,0,8.85668E+12
เอ-เทรนเนอร์ ซุปเปอร์ ลอง แฮร์สีเขียว 1มล,25,20,ยาสระผมครีมนวด,50,8.85668E+12
เอ-เทรนเนอร์ ซุปเปอร์ ลอง แฮร์สีดำ 1มล,25,20,ยาสระผมครีมนวด,50,8.85668E+12
เอ-เทรนเนอร์ ซุปเปอร์ ลอง แฮร์สีเเดง 1มล,25,20,ยาสระผมครีมนวด,50,8.85668E+12
เอ-เทรนเนอร์ ซุปเปอร์ ลอง แฮร์สีทอง 1มล,25,24,ยาสระผมครีมนวด,50,8.85668E+12
วิตามินบำรุงเส้นผม,29,24,ยาสระผมครีมนวด,49,8.85668E+12
ซิลกี้มะพร้าว,25,21,ราคาสิินค้า,0,8.85668E+12
เทปใส,15,10,ของใช้ส่วนตัว,50,8.85668E+12
ซอสหอยนางรมตรานกทะเล,20,15,เครื่องปรุงอาหาร,30,8.85685E+11
ซอลหอยนางรม,30,24,เครื่องปรุงอาหาร,0,8.85685E+12
ซอสหอยนางรมตรานกทะเล,28,23,เครื่องปรุงอาหาร,84,8.85685E+12
น้ำปลาตรานกทะเล,15,11,เครื่องปรุงอาหาร,13,8.85685E+12
ดีแน่ดีท็อกซ์,14,11.2,กาแฟ,20,8.8569E+12
ยูสตาร์เฟมมี่,55,50,สบู่,0,8.85696E+12
ยูสตาร์ ออร่า อัพ ซีซี คุชชั่น 8 กรัม,35,28,ราคาสิินค้า,6,8.85696E+12
ยาเขียวตราใบโพธิ์,14,8,ราคาสิินค้า,50,8.85697E+12
กระดาษA4 40แผ่น,20,15,ของใช้ส่วนตัว,20,8.85698E+12
น้ำอบไทยทิพเกสร,10,5,ของใช้ส่วนตัว,13,8.857E+12
น้ำอบทิพเกสร,5,3,สบู่,0,8.857E+12
อาปาเช่่,25,18,ยา,99,8.85702E+12
ยาหอมเด็กในพานทอง240ก,40,30,ยา,3,8.85702E+12
ยาหอม ตราเด็กในพานทอง 240ก.,30,20,ยา,6,8.85702E+12
ยาหอมตราเด็กในพานทอง 6ก.,14,10,ยา,29,8.85702E+12
น้ำมันยา ตรามาร์วิน 70กรัม,70,56,ราคาสิินค้า,0,8.85702E+12
ยาแก้ไอตราอาปาเช่ 60มล.,25,23,ยา,20,8.85702E+12
แป้งข้าวโพด500ก,30,25,เครื่องปรุงต่างๆ,50,8.85705E+12
เกลือขัดผิวสูตรนม,55,50,สบู่,50,8.85709E+12
เกลือขัดผิวโยเกิร์ต,55,50,สบู่,0,8.85709E+12
เกลือขัดผิวมะนาว,55,50,สบู่,50,8.85709E+12
เกลือขัดผิวสูตรอโวคะโด่,55,50,สบู่,100,8.85709E+12
แชมพูเปลื่ยนสีผมภูมิพฤกษา,65,60,น้ำยาปรับผ้านุ่ม,30,8.8571E+12
ดินสอเขียนคิว,20,15,เครื่องสำอาง,200,8.8571E+12
วิภาดา ขิงผง 270ก.,45,39,กาแฟ,12,8.8571E+12
อโรมา สบู่-BB ทับทิม+คอลฯ160ก.,25,21,สบู่,120,8.8571E+12
อโนมา บีบี185ก,25,20,สบู่,100,8.8571E+12
ยาเเก้ไอ มะขามป้อม 120cc.,45,40,ราคาสิินค้า,120,8.8571E+12
ยาหมองสมุนไพรเสลดพังพอน ตราสำเภาทอง 50กรัม,25,16,ยา,6,8.8571E+12
ยาหม่องผสมไพร ตราสำเภาทอง 50กรัม,25,16,ยา,6,8.8571E+12
เถ้าเเก่น้อย คลาสสิค 3.2/12P,55,47.5,ขนม+ไอสครีม,2,8.85711E+12
เถ้าเเก่น้อย คลาสสิค 3.2g.,5,3.96,ขนม+ไอสครีม,24,8.85711E+12
เถ้าแก่น้อยรสพริก,5,3,ขนม+ไอสครีม,10,8.85711E+12
น้ำตาลกรวดหลินหยวน,20,15,เครื่องปรุงอาหาร,30,8.85711E+12
BGAS 240ml,55,45,ราคาสิินค้า,120,8.85711E+12
เครื่องพะโล้วตราเป็ดน้อย,5,3,เครื่องปรุงอาหาร,30,8.85711E+12
ครีมน้ำนมกุหลาบ,35,30,น้ำยาปรับผ้านุ่ม,30,8.85712E+12
ธูปหอมเทพมงคล,7,5,ของใช้ส่วนตัว,99,8.85712E+12
ธูปกุหลาบ,10,8,ของใช้ส่วนตัว,23,8.85712E+12
เทพมงคล,45,40,ธูปเทียน,24,8.85712E+12
ป็อก  แผงละ20 บาท,45,25,ยา,6,8.85712E+12
กาโน เม็ดละ 5บาท,60,50,ยา,10,8.85712E+12
coolbady,20,18,ยา,0,8.85712E+12
CoolBaby 6Sheets,90,75,ราคาสิินค้า,120,8.85712E+12
Kone โลชั่น บำรุงผิว 25มล.,45,36,เครื่องสำอาง,12,8.85712E+12
SOS พลาสเตอร์ใส กันน้ำ 10แผ่น,30,25,ยา,4,8.85712E+12
ดับเบิ้ลมิ้นท์,5,3,ขนม+ไอสครีม,9,8.85712E+12
น้ำจิ้มย่างเกาหลี ตราแชมป์ 250มล.,25,20,เครื่องปรุงอาหาร,23,8.85712E+12
แชมป์-น้ำจิ้มสุกี๊500ก,40,34,เครื่องปรุงอาหาร,6,8.85712E+12
น้ำยาล้างเล็บ100มล,20,12,เครื่องสำอาง,24,8.85712E+12
เอก้าฝาแดง100มล.,12,8,เครื่องดื่ม,4997,8.85712E+12
เอก้าฝาเขียว100มล.,10,8,เครื่องดื่ม,4998,8.85712E+12
เอก้าเต้าฮวยนมสด ผสมวุ้นมะพร้าวรสกาแฟ200มล.,10,8,เครื่องดื่ม,2000,8.85712E+12
สบู่ขิง,10,8,สบู่,93,8.85712E+12
เทพไทย รสมิ้น 70กรัม,87,80,ยาสีฟัน,22,8.85712E+12
เทพไทย รสมิกซ์ฟรุ๊ต 70กรัม,87,80,ยาสีฟัน,26,8.85712E+12
เทพไทย รสดั้งเดิม 70กรัม,85,75,ยาสีฟัน,98,8.85712E+12
เทพไทย รสเกลือ 70กรัม,87,75,ยาสีฟัน,19,8.85712E+12
เทพไทย รสดั้งเดิม 70กรัม,110,0,ยาสีฟัน,-1,8.85712E+12
เทพไทย เฟรชฟรุ๊ต 70กรัม,95,87,ยาสีฟัน,2,8.85712E+12
princesssหน้าใส 60ก.,150,0,น้ำยาปรับผ้านุ่ม,46,8.85712E+12
ตะเกียบ,25,20,ของใช้ส่วนตัว,20,8.85712E+12
น้ำดืมไลฟ์ 1.5ลิตร,12,0,เครื่องดื่ม,120,8.85712E+12
อร่อยตะวันออกกาแฟผสมวุ่นมะพร้าว200 มล.,10,8,เครื่องดื่ม,4998,8.85712E+12
อร่อย ตะวันออก ชาเขียววุ่นมะพร้าว 200มล.,10,8,ราคาสิินค้า,118,8.85712E+12
deesmild,20,16,แปลงฟัน,10,8.85712E+12
ไก่มะระ ก๋วยจับ,12,10,เครื่องปรุงต่างๆ,50,8.85712E+12
จั๊บจั๊บ70ก,17,8,เครื่องปรุงต่างๆ,50,8.85712E+12
จั๊บจั๊บ ก๋วยเตี๋ยวเรือ เส้นหมี่ 110กรัม,35,28,อาหารสำเร็จรูป,120,8.85712E+12
เนเซอร์รัคแชมพู30มล,35,30,น้ำยาปรับผ้านุ่ม,50,8.85712E+12
เนเซอร์แชมพู30มล,35,30,น้ำยาปรับผ้านุ่ม,50,8.85712E+12
เดย์แคร์ เคราติน แฮร์,30,25,ยาสระผมครีมนวด,50,8.85712E+12
เมเชอร์รัช30มล,35,30,น้ำยาปรับผ้านุ่ม,100,8.85712E+12
กะปิตราเคยแดง200กรัม,25,20,เครื่องปรุงอาหาร,30,8.85712E+12
กระปิเคยแดง100ก,17,15,เครื่องปรุงอาหาร,99,8.85712E+12
ผงหมักไก่100ก,29,25,เครื่องปรุงต่างๆ,50,8.85712E+12
เเจ็กซ์ ลาเวนเดอร์ 50 แผ่น,25,20,ราคาสิินค้า,117,8.85713E+12
เมล็ดทานตะวันรสพุทรา ตราลิงคู่ ไท่ฮ่าวต้า,20,16,ขนม+ไอสครีม,1,8.85713E+12
ถุงเงิน-หูหิ้ว 8X16,40,32,ถุงพลาสติก,12,8.85713E+12
แม่เภา,30,25,น้ำปลาร้า,12,8.85713E+12
น้ำปลาร้าสุนารี350มล,35,31,เครื่องปรุงอาหาร,50,8.85713E+12
เบอร์เกอร์ กัมมี่ 24ก.,5,3,ขนม+ไอสครีม,120,8.85713E+12
ไอศครีม กัมมี่ 24กรัม,5,4,ขนม+ไอสครีม,119,8.85713E+12
แม่อีพิม หม่าล่าหม้อไฟ240ก,65,56,อาหารสำเร็จรูป,10,8.85713E+12
แม่อีพิม ก๋วยจับญวน68ก,65,56,อาหารสำเร็จรูป,4,8.85713E+12
ย้งยี้ ก๋วยเตี๋ยวเรือ 140 g.,35,29,อาหารสำเร็จรูป,4,8.85713E+12
ย้งยี้ ก๋วยเตี๋ยวเรือ เส้นหมี่ 140 g.,35,29,อาหารสำเร็จรูป,4,8.85713E+12
ถ้อยถวิล ผัดไทย 200กรัม,35,29,อาหารสำเร็จรูป,3,8.85713E+12
ถ้อยถวิล ผัดหมี่โคราช 200 กรัม,35,29,อาหารสำเร็จรูป,3,8.85713E+12
ทองฟู่หวัง ลาเต้เค้ก 120ก. ,25,20,ขนม+ไอสครีม,1,8.85713E+12
ไฟแช็ก,5,3,ของใช้ส่วนตัว,0,8.8572E+12
ดีวัว,20,15,เครื่องปรุงอาหาร,100,8.8572E+12
จิยา เส้นก๋วยจั๊บเวียดนาม  ,20,16,อาหารสำเร็จรูป,118,8.8572E+12
น้ำอบไทยเเก่นจันทร์ 80cc.,15,10.83,พลาสติก,12,8.8572E+12
K platinum ดินน้ำมัน ,5,4,พลาสติก,120,8.8572E+12
ปลาร้านางฟ้า400ก,60,53,ราคาสิินค้า,50,8.8572E+12
น้ำมะขามเปียก350มล,25,21.5,เครื่องปรุงต่างๆ,3,8.8572E+12
เชฟไพรทูรย์400มล,25,21,น้ำปลาร้า,45,8.8572E+12
เชฟไพรทูรย์400มล,25,20,น้ำปลาร้า,0,8.8572E+12
ปลาร้าแม่เหรียญฟาขาว400มล,30,22,น้ำปลาร้า,18,8.8572E+12
น้ำกระเทียมดอง,20,15,ราคาสิินค้า,-1,8.8572E+12
น้ำกระเทียมดอง,10,8,ราคาสิินค้า,-4,8.8572E+12
บ้านน้ำส้ม รสส้ม 300มล.,25,20,เครื่องดื่ม,7,8.8572E+12
สตรองค-เเม็กซ์ เกลือเเร่ 25ก.,7,3.4,ยา,44,8.8572E+12
บ้านน้ำส้ม รสฟรั่ง 300มล.,25,20,เครื่องดื่ม,7,8.8572E+12
เสือ เครื่อพะโล้ ,10,8.3,เครื่องปรุงต่างๆ,111,8.85735E+12
พริกไทย,10,8,เครื่องปรุงอาหาร,50,8.85735E+12
เครื่องพะโล้ตราเสื้อ,5,3,เครื่องปรุงอาหาร,45,8.85735E+12
จึงคุนซ้ง  ต้มเนื่อ,10,8.5,เครื่องปรุงอาหาร,20,8.85735E+12
เรียวไทย250มล,25,19,กระทิ,98,8.85814E+12
เรียวไทย1000มล,65,59,กระทิ,98,8.85814E+12
กะทิเรียวไทย500มล,38,32,กระทิ,100,8.85814E+12
ไข่ไดโนเสาร์,10,8,ขนม+ไอสครีม,29,8.85815E+12
ลักกี้ ทวิน35ก,5,3,ขนม+ไอสครีม,200,8.85815E+12
กู้ดบอย ช็อกโกแลต20ก,5,3,ขนม+ไอสครีม,200,8.85815E+12
แม็ก 10mm,25,20,อุปกรณ์สำนักงาน,5,8.8582E+12
วอยซ์ ช็อกโกคริสปี้ 23กรัม,5,4,ขนม+ไอสครีม,26,8.85828E+12
วอยซ์ มินิคุกกี้ 30กรัม,5,4,ขนม+ไอสครีม,116,8.85828E+12
วอยซ์สตรอเบอรรี์,5,4,ขนม+ไอสครีม,30,8.85828E+12
วอยซ์ กลิ่นครีมบัทเตอร์ 28กรัม,5,3,ขนม+ไอสครีม,100,8.85828E+12
คุกกี้สตัฟตราวอยซ์,5,4,ขนม+ไอสครีม,19,8.85828E+12
ซอลท์เทต คาราเมล ตราวอยซ์,5,4,ราคาสิินค้า,120,8.85828E+12
บราซิลเลี่ยนโรบัสต้า ตราดีเซเว่น 180มล.,15,12,เครื่องดื่ม,0,8.85831E+12
เครื่องดื่มชาไทย ตราดีเซเว่น 180มล.,15,12,เครื่องดื่ม,0,8.85831E+12
มิลาโนเอสเพรสโซ่ ตราดีเซเว่น 180มล.,15,12,ราคาสิินค้า,0,8.85831E+12
ดีเซเว่น แลคโต กลิ่นองุ่น 320ml.,0,15,เครื่องดื่ม,12,8.85831E+12
ดีเซเว่น แลคโต กลิ่นผลไม้รวม 320มล.,15,12,เครื่องดื่ม,12,8.85831E+12
ดีเซเว่น แลคโต กลิ่นลิ้นจี่ 320มล.,15,12,เครื่องดื่ม,12,8.85831E+12
ซูเปอร์ซีเชฟปลาซาร์ดีนซอสมะเขือเทศ 155กรัม,20,17.7,ปลากระป๋อง,192,8.85846E+12
ซีเชฟ155ก,20,15,ปลากระป๋อง,86,8.85846E+12
บิ๊กโบว์ล,15,10,อาหารสำเร็จรูป,20,8.85846E+12
ซีเชฟ ยำรสเผ็ด155ก,17,15,พลาสติก,12,8.85846E+12
น้ำมันมวย 30cc.,45,30,ยา,30,8.85847E+12
เอเต้ ช๊อกโกเเลต มาเนีย 75ml.,20,16,ขนม+ไอสครีม,12,8.85849E+12
สเวิร์ล75มล,20,15,ขนม+ไอสครีม,12,8.85849E+12
เอเต้ วานิลลา ครีม ชิพ 75ml.,20,16,ขนม+ไอสครีม,12,8.85849E+12
เอเต้ โบราณ ข้าวเหนียวดำเผือก 75ก.,20,16,ขนม+ไอสครีม,19,8.85849E+12
เอเต้ โบราณ ชาไทย 75ก.,20,16,ขนม+ไอสครีม,17,8.85849E+12
เอเต้ โบราณ ถั่วดำ 75ก.,20,16,ขนม+ไอสครีม,19,8.85849E+12
เอเต้ โบราณ ข้าวโพด 75ก.,20,16,ขนม+ไอสครีม,20,8.85849E+12
เอเต้ โบราณ เผือก 75ก.,20,16,ขนม+ไอสครีม,18,8.85849E+12
แชมเปี้ยน52ก,20,15,ขนม+ไอสครีม,24,8.85849E+12
เอเต้ ผลไม้ มะพร้าวอ่อน 65ก.,25,20,ขนม+ไอสครีม,20,8.85849E+12
คอนตอน แคดดี่75มล,20,14,ขนม+ไอสครีม,12,8.85849E+12
เอเต้ ผลไม้ สตรอเบอร์รี่ 65ก.,25,20,ขนม+ไอสครีม,20,8.85849E+12
เอเต้ ปังโบราณช็อกโกเเลต 52ก.,20,16,ขนม+ไอสครีม,20,8.85849E+12
เอเต้ คูลลิป๊อป ช็อกโกเเลตมอลต์ 50ก.,10,8,ขนม+ไอสครีม,30,8.85849E+12
เอเต้ คูลลิป๊อป คอตตอนเเคนดี้ 50ก.,10,8,ขนม+ไอสครีม,30,8.85849E+12
เอเต้ ปังโบราณชาไทย 52ก.,20,16,ขนม+ไอสครีม,20,8.85849E+12
เอเต้ ปังโบราณวานิลลา 52ก.,20,16,ขนม+ไอสครีม,20,8.85849E+12
เอเต้ เชอร์เบท มะนาว 75ml.,20,16,ขนม+ไอสครีม,12,8.85849E+12
เอเต้ ฮอกไกโด มิลค์ 42ก.,10,8,ขนม+ไอสครีม,25,8.85849E+12
เอเต้ นมช๊อกโกเเลต 42ก.,10,8,ขนม+ไอสครีม,25,8.85849E+12
เอเต้ พี่เบิ้ม มะนาว 75ก.,10,8,ขนม+ไอสครีม,30,8.85849E+12
เอเต้ พี่เบิ้ม ส้ม 75ก.,10,8,ขนม+ไอสครีม,30,8.85849E+12
เอเต้ โคน สายไหม 80ก.,20,16,ขนม+ไอสครีม,24,8.85849E+12
เอเต้ ไอสคูป ซ๊อกชิพ 180ก.,40,28.03,ขนม+ไอสครีม,9,8.85849E+12
เอเต้ คุกกี้ซ็อก 80ก.,20,16,ขนม+ไอสครีม,24,8.85849E+12
เอเต้ ฟันฟัน พี่หมี 57ก.,10,8,ขนม+ไอสครีม,22,8.85849E+12
เอเต้ บิ๊กฟิน องุ่น 55ก.,10,8,ขนม+ไอสครีม,30,8.85849E+12
เอเต้ บูมบูม วนิลลา สตรอเบอร์รี่ 65ก.,20,16,ขนม+ไอสครีม,25,8.85849E+12
เอเต้ ฟันฟัน กระต่าย 55ก.,10,8,ขนม+ไอสครีม,22,8.85849E+12
เอเต้ ไอติมตัด กะทิ 60ก.,10,8,ขนม+ไอสครีม,20,8.85849E+12
ไอติมตัด110มล,10,7.5,ขนม+ไอสครีม,20,8.85849E+12
เอเต้ ไอติมตัด ทุเรียน 60ก.,10,8,ขนม+ไอสครีม,20,8.85849E+12
ข้าวขวัญใจแดง5กก,160,122,ข้าว,100,8.85853E+12
ข้าวขวัญใจ5กก,160,137,ข้าว,100,8.85853E+11
บัวลอย แป้งสำประหลัง 500กรัม,15,10,เครื่องปรุงอาหาร,17,8.85853E+12
แป้งท้าวตราบัวลอย,20,15,เครื่องปรุงอาหาร,20,8.85853E+12
พ.บัวลอย สาคู 500ก.,25,19.75,เครื่องปรุงอาหาร,19,8.85853E+12
พ.บัวลอย สาคู-ใบเตย 500ก.,27,23,เครื่องปรุงอาหาร,19,8.85853E+12
แป้งข้าวเจ้า1000ก,38,34,เครื่องปรุงอาหาร,50,8.85853E+12
แป้งข้าวจ้าว,20,15,เครื่องปรุงอาหาร,100,8.85853E+12
แป้งข้าวเหนียวตราช้างลูกบอล,40,35,เครื่องปรุงอาหาร,20,8.85853E+12
แป้งข้าวเหนียว,20,15,เครื่องปรุงอาหาร,100,8.85853E+12
ขวัญใจชมภู 5กก.,155,142,ข้าว,8,8.85853E+12
ข้าวตราเป้า  15กก.,375,361,ข้าว,100,8.85853E+12
ข้าวตราเป้า 1กก.,35,29,ข้าว,100,8.85853E+12
ข้าวขวัญใจ 1กก.,37,26,ข้าว,100,8.85853E+12
ข้าวฝ้ายแดง 1กก,45,38,ข้าว,10,8.85853E+12
ข้าวตราเป้า5กก,150,136,ราคาสิินค้า,4,8.85853E+12
ข้าวขวัญใจแดง5ก,140,122,ข้าว,100,8.85853E+12
ปืนจุดเเก๊ส no.20,25,20,ของใช้ส่วนตัว,55,8.85854E+12
อาปราคัวร์,12,0,ยา,39,8.85857E+12
อิงอร น้ำนมจมูกข้าว 160g.,35,30,ของใช้ส่วนตัว,118,8.85859E+12
อิงอร160ก,35,30,สบู่,98,8.85859E+12
อิงอรมะขามแท้,18,15,สบู่,4,8.85859E+12
อิงอร แตงกวา85ก,20,15,สบู่,100,8.85859E+12
อิงอรขมิ้นชัน,18,15,สบู่,106,8.85859E+12
อิงอรมะขามน้ำผึ้ง,18,15,สบู่,106,8.85859E+12
อิงอร มะขาม&ทองพันชั่ง 160g.,35,30,ของใช้ส่วนตัว,119,8.85859E+12
อิงอร ไข่มุกบัวหิมะ 160g,35,29,ของใช้ส่วนตัว,120,8.85859E+12
อิงอรน้ำนมแพะ160ก,35,30,สบู่,47,8.85859E+12
อิงอร มะละกอ160ก,35,30,สบู่,46,8.85859E+12
น้ำจิ้มเนื้อวัว30มล,15,11,เครื่องปรุงต่างๆ,44,8.85862E+12
น้องพรจิ้มเนื้อ100มล,25,19,เครื่องปรุงอาหาร,49,8.85862E+12
น้ำจิ้มน้องพร320มล,55,50.5,เครื่องปรุงต่างๆ,3,8.85862E+12
น้ำจิ้มน้องพร30มล,12,9,เครื่องปรุงอาหาร,12,8.85862E+12
น้ำปลาร้าตราน้องแพร,40,35,เครื่องปรุงอาหาร,20,8.85862E+12
บิ๊กโคล่า465มล.,10,8,เครื่องดื่ม,47,8.85864E+12
บิ๊กสตรอเบอรี่465มล.,10,8,เครื่องดื่ม,48,8.85864E+12
บิ๊กผลไม้รวม465มล.,10,8,เครื่องดื่ม,47,8.85864E+12
บิ๊กมะนาว465มล.,10,8,เครื่องดื่ม,48,8.85864E+12
บิ๊กส้ม465มล.,10,8,เครื่องดื่ม,48,8.85864E+12
บิ๊กเฟรชส้ม505มล.,12,10,เครื่องดื่ม,48,8.85864E+12
บิ๊กโวลต์สตรอเบอร์รี่ 300มล.,10,0,เครื่องดื่ม,24,8.85864E+12
บิ๊กโวลต์ทรอปิคอลฟรุต 300มล.,10,0,เครื่องดื่ม,24,8.85864E+12
บิ๊กกรีนที,10,8,เครื่องดื่ม,0,8.85864E+12
บิ๊กองุ่นแอปเปิ้ล,10,8,เครื่องดื่ม,48,8.85864E+12
บิ๊กองุ่น,10,8,เครื่องดื่ม,-1,8.85864E+12
สปอเรต350มล.,10,8,เครื่องดื่ม,100,8.85864E+12
ไบโอว่านหางจระเข้260มล.,10,8,เครื่องดื่ม,500,8.85864E+12
บิ๊กที ชาเขียวปรุงสำเร็จกลิ่นมิกเบอร์รี่,10,8,เครื่องดื่ม,120,8.85864E+12
นาทริฟ ยูวี40ก,25,20,แป้ง,50,8.85867E+12
นาทรีฟ บีบี40ก,25,20,แป้ง,50,8.85867E+12
บีบียูวีพาวเดอร์40กรัม,25,18,แป้ง,20,8.85867E+12
นาทริฟ บีบี25ก,25,20,แป้ง,50,8.85867E+12
นาทริฟ40ก,25,20,แป้ง,50,8.85867E+12
นาทริฟ40ก,25,20,แป้ง,50,8.85867E+12
นาทริฟ 4ดี อายโบร์ว,85,80,เครื่องสำอาง,3,8.85867E+12
นาทริฟ สีน้ำตาลเข้ม,45,40,เครื่องสำอาง,3,8.85867E+12
นาทริฟ ซีซี7มล,49,43,เครื่องสำอาง,50,8.85867E+12
มากาโดะออลิจินอล,10,8,ขนม+ไอสครีม,20,8.85867E+12
มากาโดะ โนริสาหร่าย,10,8,ขนม+ไอสครีม,20,8.85867E+12
ซีม่าโรชั้น 15มล.,30,25,ยา,20,8.85867E+12
โกกิ รสเผ็ด 500ก,50,40,เครื่องปรุงต่างๆ,10,8.85867E+12
แป้งโยคี60กรัม,25,16,แป้ง,28,8.85867E+12
แป้งโยคี100กรัม,45,30,แป้ง,28,8.85867E+12
ถุงร้อน3*5,20,15,ของใช้ส่วนตัว,38,8.85868E+12
ถุงร้อน4*6,35,30,ของใช้ส่วนตัว,40,8.85868E+12
ถุงร้อน ตราปู 4*7,40,35,ราคาสิินค้า,9,8.85868E+12
ถุงร้อน4.5X7,40,35,พลาสติก,40,8.85868E+12
ถุงร้อน5*8,40,35,ของใช้ส่วนตัว,40,8.85868E+12
ถุงร้อน ตราปู 5*9 นิ้ว,40,35,ของใช้ส่วนตัว,118,8.85868E+12
ถุงร้อน ตราปู 6*9 นิ้ว,45,39,ของใช้ส่วนตัว,118,8.85868E+12
ถุงร้อน ตราปู 6*10 นิ้ว,45,38,ของใช้ส่วนตัว,998,8.85868E+12
ถุงร้อน6*11,40,35,ของใช้ส่วนตัว,49,8.85868E+12
ถุงร้อน ตราปู 7*11 นิ้ว,45,35,ของใช้ส่วนตัว,39,8.85868E+12
ถุงหิ้วใส 6*14,40,34,ราคาสิินค้า,12,8.85868E+12
ถุงร้อน ตราปู 7*11นิ้ว,40,36,ถุงขยะ,120,8.85868E+12
ถุงร้อนใส 3*5,20,16,ราคาสิินค้า,11,8.85868E+12
6-Apr,40,35,ราคาสิินค้า,0,8.85868E+12
ถุงร้อน ตราปู 4/*7 นิ้ว,40,35,ของใช้ส่วนตัว,119,8.85868E+12
ถุงร้อน ตราปู 5*8 นิ้ว,40,35,ของใช้ส่วนตัว,120,8.85868E+12
9-May,40,35,ราคาสิินค้า,0,8.85868E+12
ถุงร้อน ตราปู 6*10,40,35,ของใช้ส่วนตัว,117,8.85868E+12
ถุงร้อนใส ตราปู 6*11,45,36,ราคาสิินค้า,12,8.85868E+12
ถุงตราปู4.5X7,45,40,ของใช้ส่วนตัว,30,8.85868E+12
11-Jun,45,38,ราคาสิินค้า,0,8.85868E+12
ถุงหิ้วใส 6*14,45,39,ถุงพลาสติก,12,8.85868E+12
15-Jul,45,39,ถุงพลาสติก,0,8.85868E+12
ถุงหิ้ว6*14,45,38,ถุงพลาสติก,31,8.85868E+12
ถุงหิ้ว8*16,40,34,ของใช้ส่วนตัว,35,8.85868E+12
ถุงหิ้วหนา 9*18,45,39,ของใช้ส่วนตัว,9,8.85868E+12
ถุงหิ้ว7*15,45,39,ถุงพลาสติก,38,8.85868E+12
ถุงหิ้ว6*11,45,38,ของใช้ส่วนตัว,37,8.85868E+12
ถุงหิ้ว6*14,45,35,ของใช้ส่วนตัว,33,8.85868E+12
ถุงหิ้วบางตราปู 8*16,45,39,ของใช้ส่วนตัว,117,8.85868E+12
ถุงหิ้ว9*18,45,39,ของใช้ส่วนตัว,18,8.85868E+12
ปู ถุงหิ้วบาง 12*20,45,35,ราคาสิินค้า,120,8.85868E+12
ถุงหิ้ว7*15,40,35,ของใช้ส่วนตัว,38,8.85868E+12
ถุงหิ้ว 7*15 ,15,10,ของใช้ส่วนตัว,99,8.85868E+12
ช้อนคาว,20,15,ของใช้ส่วนตัว,40,8.85868E+12
เเบมบู พรีเมี่ยม 500แผ่น,25,20,ของใช้ส่วนตัว,120,8.85868E+12
ทิชชู่,35,25,ของใช้ส่วนตัว,20,8.85868E+12
นาริป็อปอัพ,10,8,กระดาษทิชชู,42,8.85868E+12
cellox,10,8,กระดาษทิชชู,10,8.85868E+19
ทิคกี้  ช็อคโกแลต,5,4,เครื่องปรุงต่างๆ,12,8.85869E+12
ทิกกี้ สตอเบอร์รี้,5,4,ขนม+ไอสครีม,12,8.85869E+12
ทิกกี้ นม,5,4,ขนม+ไอสครีม,12,8.85869E+12
เอ-โต ชีส,5,0,เครื่องปรุงต่างๆ,1,8.85869E+12
แป้งเด็กศรีจันทร์เบบี้50กรัม,55,53,แป้ง,30,8.8587E+12
ศรีจันทร์คัพร์เพวร์เวอร์4.5ก,65,54,เครื่องสำอาง,2,8.8587E+12
แมทต์กริบ4.5ก,65,54,เครื่องสำอาง,2,8.8587E+12
ศรีจันทร์ ซูเปอรืคัฟเวอเรจ ออเวส์ แมทต์ 6มล.,49,37,เครื่องสำอาง,6,8.8587E+12
ศรีจันทร์ เจลครีมล็อกผิว 10ml,39,35,เครื่องสำอาง,5,8.8587E+12
เถ้าเเก่น้อย ซ.ญี่ปุ่น 3.2g.,5,3.96,ขนม+ไอสครีม,24,8.8587E+12
เถ้าเเก่น้อย ซ.ญี่ปุ่น 3.2/12P,55,47.5,ขนม+ไอสครีม,2,8.8587E+12
เถ้าเเก่น้อย หมึกย่าง ม้วน 2.5g.,5,3.96,ขนม+ไอสครีม,23,8.8587E+12
เถ้าแก่น้อยต้มยำกุ้ง,5,3,ขนม+ไอสครีม,2,8.8587E+12
เถ้าเเก่น้อย รสซีส 3.5กรัม,5,3,ขนม+ไอสครีม,120,8.8587E+12
เถ้าเเก่น้อย กิมจิ 3.2g.,5,3.96,ขนม+ไอสครีม,24,8.8587E+12
เถ้าเเก่น้อย กิมจิ 3.2/12P,55,47.5,ขนม+ไอสครีม,2,8.8587E+12
เถ้าเเก่น้อย เเซลมอน/ลิ้นจี่ 3.2g.,5,3.96,ขนม+ไอสครีม,24,8.8587E+12
เถ้าเเก่น้อย เเซลมอน/ลิ้นจี่ 3.2/12P,55,47.5,ขนม+ไอสครีม,2,8.8587E+12
เถ้าเเก่น้อย หมึกย่าง ม้วน 2.5/12P,55,47.5,ขนม+ไอสครีม,2,8.8587E+12
เถ้าเเก่น้อย คอร์นซุป 3.2ก.,5,3.96,ขนม+ไอสครีม,24,8.8587E+12
เถ้าเเก่น้อย คอร์นซุป 3.2ก./12P,55,47.5,ขนม+ไอสครีม,2,8.8587E+12
เถ้าเเก่น้อย สลัดซีซาร์ 3.2g.,5,3.96,ขนม+ไอสครีม,24,8.8587E+12
เถ้าเเก่น้อย สลัดซีซาร์ 3.2/12P,55,47.5,ขนม+ไอสครีม,2,8.8587E+12
นมตราหมีสีขาว,13,10,เครื่องดื่ม,48,8.85871E+12
ไมโล115มล.,7,5,เครื่องดื่ม,48,8.85871E+12
 ไมโลแพคเล็ก,28,25,เครื่องดื่ม,47,8.85871E+12
ทีพอท ครีมเทียมข้นหวาน 380ก.,28,23.75,กาแฟ,46,8.85871E+12
ทีพอท เอ็กซ์ตร้า ครีมเทียม 385ก.,27,21.75,กาแฟ,52,8.85871E+12
ตราหมีรสน้ำผึ้ง,15,13,เครื่องดื่ม,37,8.85871E+12
นมตราหมีรสน้ำผึ้ง,50,45,เครื่องดื่ม,48,8.85871E+12
คาเนชั่น140มล.,17,14,กาแฟ,51,8.85871E+12
ทีพอทนมข้นแบบหลอดบีบ,25,20,กาแฟ,48,8.85871E+12
นมตราหมีสีชอพู,13,10,เครื่องดื่ม,48,8.85871E+12
นมตราหมี ผสมโกจิเบอรี่ 140มล.,15,10,เครื่องดื่ม,48,8.85871E+12
นมตราหมี  ผสมโกจิเบอร์รี่ 140มล.,55,48,เครื่องดื่ม,120,8.85871E+12
คาเนชั่นหลอดบีบ,25,20,กาแฟ,44,8.85871E+12
ทีพอทรสช็อคโกแลต,25,20,กาแฟ,48,8.85871E+12
ทีพอท นมข้น 180ก.,25,19,เครื่องปรุงอาหาร,98,8.85871E+12
ทีพอท ชาเขียว 180ก.,25,19,ราคาสิินค้า,100,8.85871E+12
คาร์เนชัน นมข้นหวาน น้ำตาล0% 180กรัม,25,19,อาหารสำเร็จรูป,120,8.85871E+12
ทีพอท รสมะม่วง 150ก.,25,19,ราคาสิินค้า,120,8.85871E+12
Teapot นมข้นสตรอเบอร์รี่ 150 กรัม,28,22,กาแฟ,6,8.85871E+12
Teapot นมข้นหวาน 25% 170กรัม,28,22,กาแฟ,6,8.85871E+12
วูเน่ กลูต้า บอดี้ บูสเตอร์ 200กรัม,145,137,ของใช้ส่วนตัว,3,8.85871E+12
บีบี ซีซีกลูต้าX2,35,20,เครื่องสำอาง,49,8.85872E+12
สมูทโตะบีบีซีซี,59,50,เครื่องสำอาง,0,8.85872E+12
นามิบิวตี้ซีเครท,25,20,เครื่องสำอาง,30,8.85872E+12
สมูทโตะ โทเมโท,35,30,แป้ง,27,8.85872E+12
บีบี ซีซี สมูทโตะ,39,30,เครื่องสำอาง,39,8.85872E+12
นามิ เมจิก ไวท์50ก,39,32,เครื่องสำอาง,50,8.85872E+12
สมูทโตะบอดี้เชลั่ม,59,50,สบู่,0,8.85872E+12
สทูทโตะแวมไพร์,59,50,สบู่,50,8.85872E+12
นามิ บิวตี้ซีเครท,25,20,เครื่องสำอาง,40,8.85872E+12
นามิบิวตี้ ซีเครท,25,20,เครื่องสำอาง,30,8.85872E+12
นามิแอมเฟรซ(สคับมาส์ท)30กรัม,30,25,เครื่องสำอาง,48,8.85872E+12
Nami Make Up Pro BB 7ก.,39,35,ราคาสิินค้า,120,8.85872E+12
กรรไกร ตรานานมี 8'',30,26,ของใช้ส่วนตัว,10,8.85873E+12
กรรไกร,25,20,ของใช้ส่วนตัว,50,8.85873E+12
กรรไกรตรานานมี,25,20,ของใช้ส่วนตัว,48,8.85873E+12
กรรไกร,20,15,ของใช้ส่วนตัว,0,8.85873E+12
ยาสตรีเพ็ญภาค300cc.,48,39,ยา,6,8.85874E+12
สตรีเพ็นภาค180มล,35,29,ยา,5,8.85874E+12
พญานาคสีดำ,25,20,เครื่องดื่ม,48,8.85874E+12
พญานาค,25,24,เครื่องดื่ม,3,8.85874E+12
เพ็ญภาคพญานาค150มล.,15,10,เครื่องดื่ม,100,8.85874E+12
พญานาค175มล,30,25,เครื่องดื่ม,100,8.85874E+12
ปืนฉีดน้ำ มิกกี้ เมาส์,60,45,ของใช้ส่วนตัว,10,8.85874E+12
ป์นฉีดน้ำ มินนี้ เมาส์,60,45,ของใช้ส่วนตัว,9,8.85874E+12
เอ็มมาเเคร์สบู่มะขาว,15,10,สบู่,-1,8.85874E+12
เอเซนเต้,20,15,สบู่,0,8.85874E+12
เนเจอร์กิฟคอฟฟี่,110,10,กาแฟ,48,8.85876E+12
เบอร์น่าส้ม,110,100,กาแฟ,48,8.85876E+12
เบอร์น่าเลม่อน,110,100,กาแฟ,48,8.85876E+12
ไรโนบัน พลาสเตอร์ยา 10แผ่น,20,18,ยา,12,8.85876E+12
น้ำปลาร้าหม่ำ350มล,35,31,น้ำปลาร้า,47,8.85876E+12
เฮียเพรช น้ำปลาร้าปรุงรส 350มล.,35,27,เครื่องปรุงต่างๆ,12,8.85876E+12
เฮียเพชร350มล,30,28,เครื่องปรุงอาหาร,100,8.85876E+12
หม่ำแซ่บ350ก,35,26.25,น้ำปลาร้า,0,8.85876E+12
สโนว์เกิร์ล แมทท์-คูชั่น 9 g,39,30,ราคาสิินค้า,0,8.85876E+12
แตงโมดีดี9มล,49,43,เครื่องสำอาง,50,8.85876E+12
ซีเชพรสปลาร้า,20,15,พลาสติก,18,8.85876E+12
หลอดสั้น,5,4,ผงซักผ้า,-1,8.85876E+12
หลอดบิ๊ก,5,4,ผงซักผ้า,9,8.85876E+12
โคอาล่าเดอะเเบร์ เมลอน 150มล.,55,43,น้ำหอมปรับอากาศ,1,8.85876E+12
โคอาล่าเดอะเเบร์ ลาเวนเดอร์ 150มล.,55,43,น้ำหอมปรับอากาศ,1,8.85876E+12
โคอาล่าเดอะเเบร์ เมลอน 150มล.,55,43,น้ำหอมปรับอากาศ,2,8.85876E+12
โคอาล่าเดอะเเบร์ โอเชี่ยน 150มล.,55,43,น้ำหอมปรับอากาศ,1,8.85876E+12
Hero ถุงหิ้ว 9*18,40,35,ของใช้ส่วนตัว,12,8.85877E+12
ถุงหิ้วบาง Hero 9*18,40,35,ราคาสิินค้า,12,8.85877E+12
Hero ถุงหิ้ว 7*15 นิ้ว บาง,45,37,ถุงพลาสติก,12,8.85877E+12
Hero ถุงหิ้ว 9*18 นิ้ว บาง,45,37,ถุงพลาสติก,12,8.85877E+12
ไชโย250มล.,17,13,น้ำมันพืช,17,8.85878E+12
ไชโย1ลิตร,55,45,น้ำมันพืช,152,8.85878E+12
ไชโย500มล.,35,24,น้ำมันพืช,8,8.85878E+12
ไชโย2ลิตร,110,91,น้ำมันพืช,21,8.85878E+12
ตะขอแขวน,10,8,ของใช้ส่วนตัว,30,8.85878E+12
วินา ปลั๊กสี-ตัวผู้,10,6,ของใช้ส่วนตัว,100,8.85878E+12
เพนกวินไซโคลน,45,40,น้ำยาล้างห้องน้ำ,20,8.85879E+12
เรนเจอร์,20,18,กำจัดแมลง,50,8.85879E+12
เรนเจอร์600มล,65,53,กำจัดแมลง,5,8.85879E+12
กาวดักแมลงวัน,5,2,ของใช้ส่วนตัว,20,8.85879E+12
แรงเจอร์300มล,50,55,กำจัดแมลง,6,8.85879E+12
ศิริชิน น้ำส้ม 220มล.,5,0,เครื่องดื่ม,24,8.85879E+12
ศิริชิน น้ำส้ม 450มล.,10,0,เครื่องดื่ม,23,8.85879E+12
น้ำส้ม ศิริชินจุ๊บจุ๊บ 210มล.,5,3,เครื่องดื่ม,120,8.85879E+12
ดีดีครีมน้ำ10ก,0,49,เครื่องสำอาง,50,8.8588E+12
ฟูจิ10ก,35,30,เครื่องสำอาง,50,8.8588E+12
ฟูจิ บี วีนอม ครีม,39,36,ราคาสิินค้า,120,8.8588E+12
ฟูจิ ครีมหอยทาก10ก,39,33,เครื่องสำอาง,50,8.8588E+12
ถุงเท้าโดราเอม่อน ไซส์7-9,20,15,ราคาสิินค้า,100,8.8588E+12
ถุงเท้านักเรียนโดเรม่อน,20,15,ของใช้ส่วนตัว,30,8.8588E+12
ถ้วยน้ำดืม PP 10oz.,20,15,พลาสติก,120,8.8588E+12
ถ้วยน้ำดืม PP 12oz.,20,15,พลาสติก,120,8.8588E+12
ช้อนไอติมตราม้าน้ำ,10,8,ของใช้ส่วนตัว,30,8.8588E+12
ช้อนตักไอติมสี,10,8,ของใช้ส่วนตัว,30,8.85881E+12
ช้อนตักอาหารดอกบัว,30,25,ของใช้ส่วนตัว,40,8.85881E+12
 กรีนโซนถุงขยะ24*30,50,42,ของใช้ส่วนตัว,4,8.85881E+12
ถุงขยะ กรีนโซน 22*30,55,49,ถุงขยะ,114,8.85881E+12
สบู่นมผสมโยเกิร์ต165ก,30,25,สบู่,49,8.85882E+12
สบู่มะขามนมแพะ165ก,35,30,สบู่,50,8.85882E+12
สบู่สมุนไพรกลั่น165ก,30,25,สบู่,49,8.85882E+12
สบู่โมนาริ,25,20,สบู่,49,8.85882E+12
Regency 350มล.,380,335,เครื่องดื่มแอลกอฮอ,3,8.85882E+12
รีเจนซี่500มล,580,550,เครื่องดื่มแอลกอฮอ,20,8.85882E+12
วิภาดา สบู่ส้ม 65กรัม,10,6,ของใช้ส่วนตัว,116,8.85883E+12
วิภาดา สบู่เเตงโม 65g.,10,8,สบู่,112,8.85883E+12
น้ำนมข้าว65ก,10,8,สบู่,20,8.85883E+12
พอลล่า90ก,25,20,เครื่องสำอาง,100,8.85883E+12
เห็ดเข็มทอง,15,11,ราคาสิินค้า,108,8.85884E+12
สกินเเล็บ สลิมซอฟท์ 1 ชิ้น,20,14,ยาสีฟัน,12,8.85884E+12
ซีซีครีม6มล,20,18,เครื่องสำอาง,50,8.85884E+12
CC Cream Cathy Doll,25,20,ราคาสิินค้า,0,8.85884E+12
เคที่ดอลล์,12,10,เครื่องสำอาง,50,8.85884E+12
Honey Gold4g,25,20,เครื่องสำอาง,50,8.85884E+12
เอเอครีม7มล,49,43,เครื่องสำอาง,50,8.85884E+12
สกินเเล็บ บลู,25,21,แปลงฟัน,50,8.85884E+12
บีบี แตงโม7ก,35,30,เครื่องสำอาง,50,8.85884E+12
boya35g,20,15,เครื่องสำอาง,49,8.85884E+12
BabyBright #04,59,47,เครื่องสำอาง,120,8.85884E+12
BabyBright #05 lip Velvet,59,47,เครื่องสำอาง,12,8.85884E+12
BabyBright #05 liptint,59,47,เครื่องสำอาง,120,8.85884E+12
น้ำพริกนรกแม่จิรา,20,12,เครื่องปรุงอาหาร,50,8.85884E+12
น้ำพริกนรกแมงดาแม่จิรา,20,12,เครื่องปรุงต่างๆ,50,8.85884E+12
เซนต์-มะพร้าว250มล,39,31,เครื่องสำอาง,6,8.85885E+12
ชีววิถี สบู่น้ำมันมะพร้าว 120กรัม,45,38,สบู่,119,8.85885E+12
Dr.P ไวท์เทนนิ่ง อาร์มพิท 100ก.,49,37,สบู่,6,8.85885E+12
สบู่กาแฟดีท๊อก100ก,45,38,สบู่,100,8.85885E+12
กระดาษห่อเหรียน,25,20,ของใช้ส่วนตัว,100,8.85885E+12
ธูปหอมบัวหลอง,60,55,ราคาสิินค้า,0,8.85885E+12
บัวหลวง ธูปไร้ควัน กลิ่นมะลิ ,60,54,ของใช้ส่วนตัว,120,8.85885E+12
ธูปอโรม่า 200กรัม 8นิ้ว,30,22,ของใช้ส่วนตัว,49,8.85885E+12
ธูปหอมบัวหลวง กลิ่นมะลิ,10,7,ของใช้ส่วนตัว,120,8.85885E+12
ธูปหอมบัวหลวง กลิ่นกฤษณา,10,7,ของใช้ส่วนตัว,120,8.85885E+12
ธูปหอมบังหลวง กลิ่นกุหลาบ,10,7,ของใช้ส่วนตัว,120,8.85885E+12
ชุดธูปเทียนบัวหลวง,5,3,ของใช้ส่วนตัว,100,8.85885E+12
เบสท์ โคเรีย10มล,39,34,แป้ง,50,8.85885E+12
เบสท์โคเรีย,49,43,เครื่องสำอาง,50,8.85885E+12
กระจก FSM1-28,35,30,ของใช้ส่วนตัว,29,8.85885E+12
หนองโพ,12,10,เครื่องดื่ม,48,8.85886E+12
หนองโพแพค,45,40,เครื่องดื่ม,48,8.85886E+12
หนองโพรสหวาน,12,10,เครื่องดื่ม,48,8.85886E+12
หนองโพแพคหวาน,45,40,เครื่องดื่ม,48,8.85886E+12
หนองโพช็อคโกแลก,12,10,เครื่องดื่ม,0,8.85886E+12
หนองโพแพคช้อก,45,40,เครื่องดื่ม,48,8.85886E+12
โอปอล์ น้ำนะนาว750มล,22,17,เครื่องปรุงต่างๆ,6,8.85887E+12
ถุงดำหนา,60,55,ถุงขยะ,29,8.85887E+12
NSถุงขยะดำ 30*40,55,50,ของใช้ส่วนตัว,2,8.85887E+12
Mask ผ้าคละสี,20,15,ของใช้ส่วนตัว,20,8.85887E+12
ฟาร์เกอร์ พรางผมขาว 4/5,65,52.5,เครื่องสำอาง,120,8.85888E+12
ฟาร์เกอร์ พรางผมขาว 5/55,65,52.5,เครื่องสำอาง,120,8.85888E+12
ฟาร์เกอร์ พรางผมขาว 6/7,65,52.5,เครื่องสำอาง,120,8.85888E+12
ฟาร์เกอร์ สีแฟชั่น 8/7 ,65,52.5,เครื่องสำอาง,120,8.85888E+12
ฟาร์เกอร์ สีเเฟชั่น 9/1,65,52.5,เครื่องสำอาง,120,8.85888E+12
ฟาร์เกอร์ สีแฟชั่น 10/1,65,52.5,เครื่องสำอาง,120,8.85888E+12
ฟาร์เกอร์ สี 0/00,65,58,เครื่องสำอาง,120,8.85888E+12
ฟาร์เกอร์ เเม่สี สีเหลือง,70,62.5,เครื่องสำอาง,120,8.85888E+12
ฟาร์เกอร์ เเม่สี สีเขียว,70,62.5,เครื่องสำอาง,120,8.85888E+12
ฟาร์เกอร์ สีแฟชั่น 8/33,65,52.5,เครื่องสำอาง,120,8.85888E+12
ฟาร์เกอร์ สีเเฟรชั่น 9/33,65,52.5,เครื่องสำอาง,120,8.85888E+12
ฟาร์เกอร์ เเม่สีเเดง,70,62.5,ราคาสิินค้า,120,8.85888E+12
ฟาร์เกอร์ 4/6,65,52.5,เครื่องสำอาง,120,8.85888E+12
ฟาร์เกอร์ สีแฟชั้น 6/6,65,52.5,เครื่องสำอาง,120,8.85888E+12
ฟาร์เกอร์ 8/6,65,52.5,เครื่องสำอาง,120,8.85888E+12
ฟาร์เกอร์ เเม่สีม่วง0/11,70,62.5,เครื่องสำอาง,120,8.85888E+12
ฟาร์เกอร์ เเม่สีเทา,70,62.5,เครื่องสำอาง,119,8.85888E+12
ฟาร์เกอร์ เอ็กซ์เปิร์ด 6/17,65,58,เครื่องสำอาง,120,8.85888E+12
ฟาร์เกอร์ เอ็กซ์เปิร์ด 7/12,65,58,เครื่องสำอาง,120,8.85888E+12
ฟาร์เกอร์ เอ็กซ์เปิร์ด 7/34,65,58,เครื่องสำอาง,120,8.85888E+12
ฟาร์เกอร์ เอ็กซ์เปิร์ด 5/11,65,58,เครื่องสำอาง,120,8.85888E+12
ฟาร์เกอร์ เอ็กซ์เปิร์ด 5/51,65,58,เครื่องสำอาง,120,8.85888E+12
ฟาร์เกอร์ เอ็กซ์เปิร์ด 4/11,65,58,เครื่องสำอาง,120,8.85888E+12
เมลีน ยูวี22ก,25,20,แป้ง,50,8.85888E+12
เอบีน่า30ก,35,28,สบู่,100,8.85888E+12
เอบีน่าเซรั่ม ทองคำ,20,18,เครื่องสำอาง,12,8.85888E+12
โมโยชิ พาวเดอ,59,49,เครื่องสำอาง,10,8.85888E+12
ไมโยชิ ออย,55,49,เครื่องสำอาง,10,8.85888E+12
เจลแต้มสิวดอกดาวเรือง8มล.,35,30,เครื่องสำอาง,28,8.85888E+12
Jula DD ครีม เเตงโม 8 กรัม,45,35.5,เครื่องสำอาง,20,8.85888E+12
ดีดีแตงโม,200,190,เครื่องสำอาง,0,8.85888E+12
เจลบำรุงผิวมะรุม8มล.,35,30,เครื่องสำอาง,29,8.85888E+12
Jula DD ลำไย เซรั่ม 8 กรัม,45,36,เครื่องสำอาง,65,8.85888E+12
จูฬาเฮืรืบแบงโก้,39,35,ราคาสิินค้า,0,8.85888E+12
จุฬาเฮิร์บ สบู่เเตงโม 60g.,49,44,ของใช้ส่วนตัว,118,8.85888E+12
จุฬาเฮิร์บ สบู่ดาวเรือง 60g.,49,44,ของใช้ส่วนตัว,118,8.85888E+12
จุฬาเฮิร์บ เเครอท เดลี่ 8ก.,45,35,เครื่องสำอาง,0,8.85888E+12
จุฬาเฮิร์บ แตงโม BB 6มล,45,36,เครื่องสำอาง,50,8.85888E+12
จุฬาเซรั้ม8มล,45,35,เครื่องสำอาง,200,8.85888E+12
จุฬาเฮิร์บ ลองเเกน เมลาสม่า โซฟ 70กรัม,49,38,สบู่,119,8.85888E+12
จุฬาเฮิรืบออร่าไวทื,45,36,ราคาสิินค้า,-2,8.85888E+12
จุฬาเฮิร์บ อโวคาโด้ มอยส์เจอร์ 8ก.,49,34.84,เครื่องสำอาง,4,8.85888E+12
อิชิตัน น้ำผิ้งมะนาว 420มล.,20,13,เครื่องดื่ม,105,8.85889E+12
อิชิตันต้นตำรับ,17,15,เครื่องดื่ม,0,8.85889E+12
อิชิตัน จมูกข้าวญี่ปุ่น 420มล.,17,0,เครื่องดื่ม,23,8.85889E+12
อิชิตันน้ำผึ้งมะนาว300มล.,10,8,เครื่องดื่ม,47,8.85889E+12
อิชิตันน้ำผึ้งแพค,35,30,เครื่องดื่ม,48,8.85889E+12
อิชิตันข้าวญี่ปุ่น300มล.,0,8,เครื่องดื่ม,48,8.85889E+12
อิชิตันจมูกข้าวแพค,35,30,เครื่องดื่ม,48,8.85889E+12
เย็นเย็น50มล.,10,8,เครื่องดื่ม,48,8.85889E+12
เย็นเย็นแพค,35,30,เครื่องดื่ม,48,8.85889E+12
เย็นเย็น 400มล.,17,0,เครื่องดื่ม,21,8.85889E+12
อิชิตัน280มล,10,7.9,เครื่องดื่ม,175,8.85889E+12
อิชิตันกรีนที280มล.,10,8,เครื่องดื่ม,94,8.85889E+12
เย็นเย็น315มล.,10,8,เครื่องดื่ม,96,8.85889E+12
T247 280มล.,15,0,เครื่องดื่ม,12,8.85889E+12
อิชิตัน ชิวชิว 420มล.,17,0,เครื่องดื่ม,24,8.85889E+12
ชิซึโอกะ ชาเขียว 440มล. ,25,18,เครื่องดื่ม,120,8.85889E+12
อิชิตันเคียวโฮ280มล,10,8,เครื่องดื่ม,24,8.85889E+12
อิชิตัน กรีน เเลป กลิ่นเทอร์ปีน 440มล.,25,18,เครื่องดื่ม,20,8.85889E+12
อิชิตัน กรีนเเลป กลิ่นเลมอน 440มล.,25,18,เครื่องดื่ม,120,8.85889E+12
อิชิตันสัปรด280มล,10,7.9,เครื่องดื่ม,23,8.85889E+12
ตันซันซู ฮันนี่ เลมอน 330มล.,15,12.25,เครื่องดื่ม,6,8.85889E+12
Anako สบู่ส้ม 160g.,25,20,ของใช้ส่วนตัว,119,8.8589E+12
Anako ทานาคา&ขมิ้น 160g.,25,20,ของใช้ส่วนตัว,120,8.8589E+12
เอริเซีย 95ก,15,13,สบู่,100,8.8589E+12
เอริเซีย95ก,15,13,สบู่,100,8.8589E+12
เอริเซีย95ก,15,13,สบู่,100,8.8589E+12
สบู่อาร์คาเดีย110กรัม,20,15,สบู่,20,8.8589E+12
อาร์คาเดืย110กรัม,20,15,สบู่,20,8.8589E+12
เอเซนเต้100ก,20,18,สบู่,100,8.8589E+12
สบู่อาร์คาเดีย 110กรัม,20,15,สบู่,19,8.8589E+12
สบู่อาร์คาเดืย 110กรัม,20,15,สบู่,19,8.8589E+12
เรยา มะขาม,25,20,สบู่,20,8.8589E+12
สบู่เรยานมข้าว153กรัม,20,15,สบู่,20,8.8589E+12
เรยา มะหาด153กรัม,25,20,สบู่,19,8.8589E+12
สบู่เรยารังไหม153กรัม,25,20,สบู่,19,8.8589E+12
เรยา153ก,25,20,สบู่,100,8.8589E+12
สบู่เรยาวาร์โคล153กรัม,25,20,สบู่,19,8.8589E+12
เรยา แครอท153ก,25,20,สบู่,50,8.8589E+12
เรยาสบู่ทานาคามะนาว,25,20,สบู่,0,8.8589E+12
เรยา สบู่กลูต้า&โคจิค,20,15,สบู่,6,8.8589E+12
เรยา สบู่อโวคาโด้ กลูต้าโคจิก 153กรัม,20,15,สบู่,6,8.8589E+12
เรยา สบู่ส้มยูซุ 70ก.,29,18.5,สบู่,5,8.8589E+12
ตะไบขัดรูปไข่,25,20,ของใช้ส่วนตัว,0,8.85892E+12
น้าส้มสายชู อสร.250มล.,16,11,เครื่องปรุงต่างๆ,197,8.85894E+12
น้ำส้มสายชูกลั่น อสร700มล.,25,19,เครื่องปรุงต่างๆ,196,8.85894E+12
น้ำมะนาว อสร.,22,18,เครื่องปรุงต่างๆ,20,8.85894E+12
ซุปเปอร์ไฟร์100มล,10,7.8,เครื่องดื่ม,10,8.85894E+12
เอลิส เเฟรี่วิงส์ กลางวัน 22.5ซม.,25,15,ของใช้ส่วนตัว,119,8.85895E+12
เอลิสกลางวัน,25,20,ราคาสิินค้า,0,8.85895E+12
เอลิส 5ชิ้น,25,20,กระดาษทิชชู,20,8.85895E+12
เอลีส 22.5cm,49,43,ของใช้ส่วนตัว,6,8.85895E+12
เอลีส 25,49,43,ของใช้ส่วนตัว,5,8.85895E+12
เอลีส 30cm,49,43,ของใช้ส่วนตัว,6,8.85895E+12
เอลิสสมูร&ดราย22.5 ซม. 5ชิ้น,19,15,ของใช้ส่วนตัว,100,8.85895E+12
เอลิสสมูร&ดราย 25ซม.5ชิ้น,19,15,ราคาสิินค้า,100,8.85895E+12
เอลิสสมูร&ดราย 30ซม. 5ชิ้น,25,20,ของใช้ส่วนตัว,100,8.85895E+12
โลชั่นเดอลิซ่าพิษผึ้งกลูต้า,39,30,เครื่องสำอาง,50,8.85895E+12
โลชั่นเดริซ่าเต้าหู้,39,35,เครื่องสำอาง,50,8.85895E+12
โลชั่นเดริซ่าโสม,39,30,น้ำยาปรับผ้านุ่ม,50,8.85895E+12
โมมิจิ โลชั่นบอดี้ CC กลูต้าไข่มุก,35,27,เครื่องสำอาง,120,8.85895E+12
โอโม่ไวท์,35,30,เครื่องสำอาง,100,8.85895E+12
โมมิจิ,35,30,เครื่องสำอาง,100,8.85895E+12
โมมิจิ สบู่ กลูต้า นมสด 100กรัม,35,28,ของใช้ส่วนตัว,120,8.85895E+12
วีวี เฟรชชี่ กระดาษชำระ,20,17,กระดาษทิชชู,120,8.85896E+12
Impac พลัส 1 ด้าม,20,16,แปลงฟัน,120,8.85897E+12
อิมเเพค ซอฟ&สลิม/3,35,20.5,แปลงฟัน,10,8.85897E+12
หมี่โคราชตราห้าดาว,30,25,เครื่องปรุงอาหาร,19,8.85897E+12
โจ๊กโอ้โหรสหมู,18,16,อาหารสำเร็จรูป,20,8.85898E+12
โจ๊กโอ้โหรสสาหร่าย,15,10,อาหารสำเร็จรูป,20,8.85898E+12
โจ๊กโอ้โห้ รสหมู,12,9,อาหารสำเร็จรูป,10,8.85898E+12
โจ๊กโฮ้โห้ รสไสไก่,12,10,อาหารสำเร็จรูป,10,8.85898E+12
โจ๊กโอโห้รสสาหร่าย,10,7,อาหารสำเร็จรูป,10,8.85898E+12
เคลียร์โนส กันแดด บูสเตอร์ 7มล.,49,0,ผงชูรส,5,8.85898E+12
น้ำปลาร้าแม่บุญล้ำเจ้าเก่าฝาแหลือง,20,14,น้ำปลาร้า,182,8.85898E+12
น้ำปลาร้าสูตรปรุงรสแม่ล้ำเจ้าเก่าฝาแดง,30,23.5,น้ำปลาร้า,130,8.85898E+12
ไมค์น้ำปลาร้า,35,30,น้ำปลาร้า,89,8.85898E+12
น้ำดืม แคท 600มล.,6,5,ของใช้ส่วนตัว,117,8.85899E+12
น้ำดื่มแคท1500มล.,13,10,เครื่องดื่ม,4997,8.85899E+12
น้ำดื่มแคท350มล.,6,4,เครื่องดื่ม,5000,8.85899E+12
เป๊ปซี่,10,8,เครื่องดื่ม,50,8.859E+12
เป๊ปซี่ 245มล.,12,0,เครื่องดื่ม,12,8.859E+12
เป๊ปซี่ โคล่า 1.95ลิตร,42,34,เครื่องดื่ม,114,8.859E+12
เป๊ปซี่ 345มล.,13,11,เครื่องดื่ม,-17,8.859E+12
เป๊ปซี่ 1.26ลิตร,29,23.37,เครื่องดื่ม,-10,8.859E+12
เป๊ปซี่ 430มล.,17,14,เครื่องดื่ม,10,8.859E+12
เป๊ปซี่ 640มล.,19,15,เครื่องดื่ม,-5,8.859E+12
เป๊ปซี่ 1.5ลิตร,32,28,เครื่องดื่ม,117,8.859E+12
เป๊ปซี่ ไม่มีน้ำตาล 345มล.,10,8,เครื่องดื่ม,118,8.859E+12
เป๊ปซี่ ไม่มีน้ำตาล เเมกซ์ 990มล.,20,17,เครื่องดื่ม,119,8.859E+12
เป๊ปซี่ กระป๋อง 325มล.,15,11,เครื่องดื่ม,118,8.859E+12
เป๊ปซี่ 430มล.,16,13,เครื่องดื่ม,96,8.859E+12
เป๊ปซี่ ครีมโซดา 345มล.,10,8,เครื่องดื่ม,120,8.859E+12
เป๊ปซี่ โคล่า 1.49ลิตร,35,24.9,เครื่องดื่ม,105,8.859E+12
มิรินด้า กลิ่นส้ม 345มล.,10,8,เครื่องดื่ม,42,8.859E+12
มิรินด้า สตรอเบอร์รี่ 345มล,10,8,เครื่องดื่ม,48,8.859E+12
มิรินด้า สตอเบิอร์รี 1ลิตร,20,0,เครื่องดื่ม,12,8.859E+12
มิรินด้ามิกซ์-อิท ลิ้นจี่-สตอเบอร์รี่ 300มล.,10,0,เครื่องดื่ม,12,8.859E+12
มิรินด้ามิกซ์-อิทแอปเปิ้ล กีวี 300มล.,10,0,เครื่องดื่ม,12,8.859E+12
มิรินด้า กรีนครีม 325มล.,15,11,เครื่องดื่ม,120,8.859E+12
มิรินด้า กลิ่นครีม 345มล.,11,8,เครื่องดื่ม,117,8.859E+12
มิรินด้า มิกซ์-อิท องุ่นมัสเเคท 345มล.,10,8,เครื่องดื่ม,121,8.859E+12
มิรินด้า กลิ่นกรีนครีม 1.45ลิตร,30,26,เครื่องดื่ม,120,8.859E+12
มิรินด้า กลิ่นส้ม 325มล.,15,11,เครื่องดื่ม,120,8.859E+12
มิรินด้า สตรอเบอร์รี่ 325มล.,15,11,เครื่องดื่ม,120,8.859E+12
มิรินด้า มิกซ์เยอร์รี่ & เเตงโม 345มล.,10,8,เครื่องดื่ม,120,8.859E+12
มิรินด้า กลิ่นส้ม 1.45ลิตร,30,26,เครื่องดื่ม,120,8.859E+12
มิลินด้า สตรเบอร์รี่ 1.45ลิตร,30,26,เครื่องดื่ม,120,8.859E+12
เซเว่น-อัพ 345มล.,10,8,เครื่องดื่ม,48,8.859E+12
เซเว่น-อัพ ฟรี 325มล.,15,11,เครื่องดื่ม,120,8.859E+12
เซเว่น-อัพ ฟรี 345มล.,10,8,เครื่องดื่ม,117,8.859E+12
7-อัพ ไม่มีน้ำตาล 430มล.,15,11,เครื่องดื่ม,118,8.859E+12
เป๊ปซี่ 2ลิตร,45,35.6,เครื่องดื่ม,49,8.859E+12
ซันโทรี่ ชาอู่หลง 490มล.,18,13,เครื่องดื่ม,99,8.859E+12
มิรินด้ารูทเบียร์345มล,10,7.7,เครื่องดื่ม,24,8.859E+12
มิรินด้า ซอลท์ เลมอนโซดา 345มล.,10,7,เครื่องดื่ม,120,8.859E+12
สตริงค์295มล,15,12,เครื่องดื่ม,49,8.859E+12
ลิปตันเลมอน 300มล.,10,0,เครื่องดื่ม,24,8.859E+12
ลิปตันมะม่วงใบเตย 300มล.,10,0,เครื่องดื่ม,24,8.859E+12
ลิปตัน เลมอน 320มล.,15,11,เครื่องดื่ม,115,8.859E+12
เกเตอเรด มะนาว 350มล.,15,0,เครื่องดื่ม,12,8.859E+12
เกเตอเรด องุ่น 350มล.,15,0,เครื่องดื่ม,11,8.859E+12
เกเตอเรด บลูบลาส 350มล.,15,0,เครื่องดื่ม,12,8.859E+12
ฟรุตเทเซียเผือก,10,8,ขนม+ไอสครีม,-2,8.859E+12
ฟรุตเทเซียถั่วดำ,10,8,ขนม+ไอสครีม,-4,8.859E+12
โอเอซิสนมเย็น,10,8,ขนม+ไอสครีม,-1,8.859E+12
โอเอซิสมะนาว,5,3,ขนม+ไอสครีม,0,8.859E+12
โอเอซิสส้ม,5,3,ขนม+ไอสครีม,0,8.859E+12
โอดอซิสโค้ก,5,3,ขนม+ไอสครีม,-1,8.859E+12
อิมแพควานิลา,10,8,ขนม+ไอสครีม,0,8.859E+12
อิมเเพคม็อกค่า,10,8,ขนม+ไอสครีม,0,8.859E+12
ฟรุตเทเซีย ทุเรียน,10,8,ขนม+ไอสครีม,0,8.859E+12
วนิลา,5,4,ขนม+ไอสครีม,-3,8.859E+12
ช็อกโกแลต,5,4,ขนม+ไอสครีม,-4,8.859E+12
สตรอเบอรี่,5,4,ขนม+ไอสครีม,-4,8.859E+12
เลม่อน,5,4,ขนม+ไอสครีม,-5,8.859E+12
ดับเบิ้ลช็อคโกแลต,10,8,ขนม+ไอสครีม,0,8.859E+12
ชาเขียว,10,8,ขนม+ไอสครีม,0,8.859E+12
กะทิ,10,8,ขนม+ไอสครีม,-1,8.859E+12
ร็อกก้าวนิลา,10,8,ขนม+ไอสครีม,0,8.859E+12
ร้อคก้าช็อคฌกแลต,10,7,ขนม+ไอสครีม,9,8.859E+12
ร็อคก้าสตรอเบอรี่,15,10,ขนม+ไอสครีม,0,8.859E+12
ซัมเมอร์เบอรรี่,10,8,ขนม+ไอสครีม,-1,8.859E+12
ช็อกมอลต์คุ้กกี้ 60ก.,10,6,ขนม+ไอสครีม,120,8.859E+12
เวอราโน่มะนาว,10,8,ขนม+ไอสครีม,0,8.859E+12
ไอสครีม ทุเรียน,10,8,ขนม+ไอสครีม,120,8.859E+12
บิ๊กนมช็อคโกแลต,10,7,ขนม+ไอสครีม,0,8.859E+12
แซนวิช มะพร้าว,10,7,ราคาสิินค้า,22,8.859E+12
ดีแคช มาสเตอร์ น้ำตาล,55,49,เครื่องสำอาง,20,8.85901E+12
ดีเเคช โปรเฟสชั่นนอล red 15ก.,45,37,ราคาสิินค้า,120,8.85901E+12
อัมพวา 400มล.,10,8,เครื่องดื่ม,219,8.85901E+12
วิตอะเดย์A150% 150มล.,15,13,ราคาสิินค้า,100,8.85902E+12
วิตอะเดย์ ส้ม 150มล.,15,12,ขนม+ไอสครีม,120,8.85902E+12
วิตอะเดย์ เลมอน 150มล.,15,12,เครื่องดื่ม,120,8.85902E+12
วิตอะเดย์วิตามินBวอเตอร์470มล.,15,12,เครื่องดื่ม,100,8.85902E+12
ดอกบ๊วย ยางเเก้ว 0.5กก.,60,53,ราคาสิินค้า,14,8.85902E+12
เพียวกาแฟ14ก,5,4,กาแฟ,100,8.85903E+12
รุ้งอรุน155ก,10,8,พลาสติก,50,8.85906E+12
มีนา(ครีม)3กรัม,15,10,เครื่องสำอาง,20,8.85907E+12
มีนา,10,8,เครื่องสำอาง,50,8.85907E+12
นามุไลท์7มล,39,30,เครื่องสำอาง,50,8.85908E+12
นามูไลท์,35,30,เครื่องสำอาง,50,8.85908E+12
นามุ ไลฟ์7มล,0,35,แป้ง,50,8.85908E+12
เลสกิล8มล,25,20,เครื่องสำอาง,50,8.85909E+12
พาแคร์ เบซซี่,35,30,เครื่องสำอาง,50,8.85909E+12
ลองเมด เนทก๊อซ 2*2,10,8,อุปกรณ์ทำแผล,0,8.8591E+12
ลองเมด เนทก๊อซ 3*3,12,10,อุปกรณ์ทำแผล,-3,8.8591E+12
ลองเมด เนทก๊อซ 4*4,20,16,อุปกรณ์ทำแผล,-1,8.8591E+12
ปูจ๋า รสปลาหมึกย่างสไปซี่ 18กรัม,5,4,ขนม+ไอสครีม,120,8.8591E+12
โลชั่นน้ำหอม,35,27,ราคาสิินค้า,3,8.85914E+12
โลชั่นน้ำหอม,35,27,เครื่องสำอาง,4,8.85914E+12
มุนอา เฮ้าส์ ไวท์ เพอร์ฟูม โลชั่น 40กรัม,35,26,ราคาสิินค้า,6,8.85914E+12
น้ำจิ้มสุกี้ตราคุณนัท560มล.,40,35,เครื่องปรุงอาหาร,99,8.85916E+12
น้ำจิ้มสุกี้ตราคุณนัท280มล.,25,20,เครื่องปรุงอาหาร,196,8.85916E+12
การอง สบู่สปา มะขาม 100g.,15,10,ของใช้ส่วนตัว,120,8.85916E+12
การอง สบู่สปา ขมิ้น 100g.,15,9,ของใช้ส่วนตัว,120,8.85916E+12
การอง สบู่สปา มะละกอ 100g.,20,9,ของใช้ส่วนตัว,120,8.85916E+12
การอง สบู่สปาส้ม 100g.,15,9,ของใช้ส่วนตัว,120,8.85916E+12
การอง สบู่ฆ่าเชื้อ 65g.,10,7,ของใช้ส่วนตัว,120,8.85916E+12
น้ำยันฮีวิตามินวอเตอร์460มล.,15,10,เครื่องดื่ม,100,8.85916E+12
เต้าฮวยนมสด 150มล.,10,0,อาหารสำเร็จรูป,48,8.85916E+12
เต้นฮวยสตรอเบอรรี่,10,0,เครื่องดื่ม,10,8.85916E+12
เต้นฮวยนมสดเผือก,10,5,เครื่องดื่ม,10,8.85916E+12
เต้าฮวนกาแฟ,10,0,เครื่องดื่ม,0,8.85916E+12
เต้าฮวยนมสด รสข้าวโพด 150มล.,10,8,ขนม+ไอสครีม,20,8.85916E+12
เต้าฮวยชานม,10,0,เครื่องดื่ม,0,8.85916E+12
เต้าฮวยนมสดรสชานม220มล.,10,8,เครื่องดื่ม,500,8.85916E+12
เต้าฮวยนมสดรสกาแฟ220มล.,10,8,เครื่องดื่ม,10000,8.85916E+12
เต้าฮวยนมสดรสข้าวโพด220มล.,10,8,เครื่องดื่ม,2000,8.85916E+12
เต้าฮวยนมสดรสเผือก220มล.,10,8,เครื่องดื่ม,100,8.85916E+12
เต้าอวยนมสดรสสตรอเบอรี่220มล.,10,8,เครื่องดื่ม,500,8.85916E+12
เต้าฮวยนมสดรสแคนตาลูป220มล.,10,8,เครื่องดื่ม,5000,8.85916E+12
เต้าฮวยนมสด220มล.,10,8,เครื่องดื่ม,5000,8.85916E+12
ไม้จิ้มฟัน ,10,7,ราคาสิินค้า,98,8.85916E+12
ไม้จิ้มฟัน,10,8,ของใช้ส่วนตัว,50,8.85916E+12
น้ำจิ้มลูกชิ้นจอมยุทธ16,35,25.5,เครื่องปรุงอาหาร,20,8.85917E+12
น้ำจิ้มลูกชิ้น1000ก,35,30,เครื่องปรุงต่างๆ,50,8.85917E+12
เทปกาว,35,30,ของใช้ส่วนตัว,49,8.85917E+12
กาวสองหน้าเล็ก,15,10,ของใช้ส่วนตัว,50,8.85917E+12
กาวสองหน้าใหญ่,25,20,ของใช้ส่วนตัว,0,8.85917E+12
เทปกาวสองหน้า,30,25,ของใช้ส่วนตัว,30,8.85917E+12
ทอป คันทรี200ก,45,40,แป้ง,20,8.85918E+12
มีสทีน-โรออน80มล,35,28,เครื่องสำอาง,6,8.85918E+12
ทอป คันทรี่100มล,45,35,เครื่องสำอาง,3,8.85918E+12
มิสทีน80มล,35,29,เครื่องสำอาง,50,8.85918E+12
เลดี้แคร์ เล็ก,35,30,สบู่,50,8.85918E+12
เลดี้แคร์เล็ก,35,30,แป้ง,50,8.85918E+12
เลดี้แคร์ใหญ่,59,36,สบู่,47,8.85918E+12
มีสทีน เลดี้แคร์,59,50,แป้ง,49,8.85918E+12
เลดี้แคร์,99,90,สบู่,0,8.85918E+12
เลดี้แคร์,99,90,สบู่,0,8.85918E+12
มิสทิน โกลด์ 200มล.,45,35,เครื่องสำอาง,5,8.85918E+12
มิสทิน มัคส์ 200มล.,48,38,เครื่องสำอาง,5,8.85918E+12
มิสทิน ซัมเมอร์ 200มล.,45,35,เครื่องสำอาง,5,8.85918E+12
มิสทีน โกลด์,45,40,เครื่องสำอาง,20,8.85918E+12
มิสทิน เบอร์รี่ 200มล.,45,35,เครื่องสำอาง,5,8.85918E+12
น้ำหอมมิสทีน80มล.,35,30,เครื่องสำอาง,30,8.85918E+12
มิสทีนสวีทแอนบิวตี้พูล80มล.,35,30,เครื่องสำอาง,20,8.85918E+12
น้ำหอมมิสทีน80มล.,35,30,เครื่องสำอาง,30,8.85918E+12
มิสทีนแฮปปิเนส80มล.,35,30,เครื่องสำอาง,20,8.85918E+12
น้ำหอม,45,35,เครื่องสำอาง,20,8.85918E+12
มิสทีนบิวตี้ฟูล120มล,45,39,เครื่องสำอาง,49,8.85918E+12
น้ำหอม,45,35,เครื่องสำอาง,20,8.85918E+12
มิสทีนทรูโรส80มล.,35,30,เครื่องสำอาง,20,8.85918E+12
มิสทิน ทรู โรส โคโลญจ์ 120 มล.,45,40,ราคาสิินค้า,99,8.85918E+12
มิสทีนแคทลียา80มล.,35,30,เครื่องสำอาง,20,8.85918E+12
มิสทิน แคทลียา โคโลญจ์ 120 มล.,45,40,ราคาสิินค้า,100,8.85918E+12
มิสทีนไวท์มัสค์80มล.,35,30,เครื่องสำอาง,20,8.85918E+12
มีสทีนไวท์มัส120มล,45,39,เครื่องสำอาง,50,8.85918E+12
มิสทิน คาเวยร์ ไลม์ 200มล.,45,35,เครื่องสำอาง,20,8.85918E+12
มิสทิน ท็อป คันทรี่ โรลออน 25ml.,25,21,ของใช้ส่วนตัว,120,8.85918E+12
มีสทีน,39,32,เครื่องสำอาง,12,8.85918E+12
มีสมิน ไวท์ สปา คอลลาเจน ยูวี โลชั่น 200มล.,48,38,เครื่องสำอาง,120,8.85918E+12
มิสทีน สวีททิน โรลออน 35มล.,20,14,เครื่องสำอาง,120,8.85918E+12
มิสทีน โรลออน35มล,20,14,เครื่องสำอาง,6,8.85918E+12
มิสทีน เลดี้แคร์ เนเชอรัล บาลานซ์ ไฮจีนิค คลีนเซอร์ 200มล.,65,59,ราคาสิินค้า,3,8.85918E+12
มีสทีนสปา200มล,48,40,เครื่องสำอาง,0,8.85918E+12
มีสทีนโรออล35มล,20,14,เครื่องสำอาง,6,8.85918E+12
มิสทิน,35,30,ราคาสิินค้า,-1,8.85918E+12
มิสทินเลดี่,55,42,ของใช้ส่วนตัว,2,8.85918E+12
มิสทีน เลดี้แคร์ อินทิเมทเคล็นเซอร์-คูล 100มล.,55,49,ของใช้ส่วนตัว,0,8.85918E+12
mistine ladycare cool,75,69,ของใช้ส่วนตัว,3,8.85918E+12
มิสทีน เลดี้ ซีเคร็ท เซนต์ ,65,59,ของใช้ส่วนตัว,0,8.85918E+12
มิสทีน เลดี้ แคร์ ทีน เดลี่ เฟรช 200มล.,65,59,ของใช้ส่วนตัว,-1,8.85918E+12
คาลพิส แลคโตะองุ่น500มล,20,17,เครื่องดื่ม,12,8.85918E+12
คาลพิสเเลคโตะมิกซ์เบอร์รี่ 350มล.,20,0,เครื่องดื่ม,12,8.85918E+12
แลกโตะฮั่นนี่เลม่อน,20,15,เครื่องดื่ม,0,8.85918E+12
แลกโตะ140มล.,10,8,เครื่องดื่ม,0,8.85918E+12
น้ำปลาร้า เสวยทิพย์ 350มล.,25,21,เครื่องปรุงต่างๆ,50,8.85918E+12
ถุงขยะด็อกเตอร์คิวS,30,25,ถุงขยะ,12,8.8592E+12
ถุงขยะด็อกเตอร์คิวXL,35,30,ถุงขยะ,11,8.8592E+12
แอร์นิ่งดีผสมโซดา,30,25,เครื่องดื่ม,48,8.85921E+12
YMR'S ถุงเท้าคละลาย No.4,20,17,พลาสติก,120,8.85922E+12
ถุงเท้าลานสัตว์ No.5,25,18,ของใช้ส่วนตัว,120,8.85922E+12
ถุงเท้า คละลาย No.4,20,17,พลาสติก,120,8.85922E+12
หวีอีโต้ใหญ่สีสด,20,17,ของใช้ส่วนตัว,120,8.85922E+12
ชิปปี้ กระดาษเช็ดหน้า 200แผ่น,10,7,พลาสติก,120,8.85922E+12
ซีซีคุชชั่นแตงโมพลัส No.0 10มล. ,49,39,เครื่องสำอาง,5,8.85922E+12
บีโคโค่ แตงโมเซรั่ม 50มล.,35,27,ผงชูรส,6,8.85922E+12
เซรั่มวิตซีขมิ้น,39,0,เครื่องสำอาง,1,8.85922E+12
99 ข้าวซอย รสดั้งเดิม 200กรัม,25,19,ขนม+ไอสครีม,119,8.85923E+12
99 ข้าวซอย รสใบเตย 200กรัม,25,19,ขนม+ไอสครีม,120,8.85923E+12
99 ข้าวซอย รสวนิลา 200กรัม,25,19,ขนม+ไอสครีม,120,8.85923E+12
99 ข้าวซอยตัด รสน้ำผึ้ง 200กรัม,30,25,ขนม+ไอสครีม,120,8.85923E+12
บำรุงผิว,35,28,ราคาสิินค้า,20,8.85925E+12
เบตาดีน มานูกาฮันนี่,75,65,สบู่,50,8.85926E+12
เบตาดีน พอมิกราเนต,75,65,สบู่,2,8.85926E+12
เบตาดีน ทีทรี,75,65,สบู่,20,8.85926E+12
เบตาดีน ยูคาลิปตัส,75,65,สบู่,2,8.85926E+12
สบู่เบตาดีน110ก,45,38,สบู่,100,8.85926E+12
เบตาดีน สบู่110ก,45,38,สบู่,100,8.85926E+12
มังกรเขียว87ก,12,9,ปลากระป๋อง,82,8.85927E+12
ยูเซป,15,13,ราคาสิินค้า,0,8859268798998^p
สก๊อตช์ไบรต์,5,4,ของใช้ส่วนตัว,50,8.85927E+12
จัสท์โมเดอร์,65,55,เครื่องสำอาง,20,8.85929E+12
จัสท์โมเดอร์,65,55,เครื่องสำอาง,50,8.85929E+12
จัสโมเดอร์,65,55,เครื่องสำอาง,20,8.85929E+12
จัสท์โมเดอร์น,65,56,ราคาสิินค้า,0,8.85929E+12
จัสท์โมเดอร์,65,55,เครื่องสำอาง,50,8.85929E+12
จัสโมเดอร์,65,55,เครื่องสำอาง,50,8.85929E+12
จัสท์โมเดอร์,65,55,เครื่องสำอาง,49,8.85929E+12
Ole kat อาหารแมว1กก,50,42,อาหารปลา,5,8.85931E+12
ซิวซิวแคท,55,46,อาหารปลา,3,8.85931E+12
โอเล-แคท 1กก,50,44,อาหารปลา,3,8.85931E+12
วิน-สตาร์ ปลาทูน่า 1กก.,50,44,อาหารแมว,4,8.85931E+12
วิน-สตาร์ ปลาเเซลม่อน 1กก.,50,44,อาหารแมว,2,8.85931E+12
วิน-สตาร์ ซีฟู้ด 1กก.,50,44,อาหารแมว,3,8.85931E+12
ปืนจุดเเก็ส KATO,25,20,ของใช้ส่วนตัว,8,8.85931E+12
ผ้าเช็ดผิว,25,18,เครื่องสำอาง,48,8.85931E+12
Kato ปืนจุดเเก๊ส รุ่น 074,25,16,อุปกรณ์สำนักงาน,24,8.85931E+12
คุมิเช็ดหน้า,25,20,กระดาษทิชชู,43,8.85931E+12
Kuma เช็ดหน้าคุมะ,30,20,กระดาษทิชชู,43,8.85931E+12
กระดาษทิชชุ่มว้น,25,20,ราคาสิินค้า,0,8.85931E+12
เจนจิรา หอมเจียว 85 กรัม,25,21,เครื่องปรุงต่างๆ,12,8.85933E+12
ว้าว,10,8,ของใช้ส่วนตัว,0,8.85933E+12
ว้าว มะนาว,27,25,น้ำยาล้างจาน,10,8.85933E+12
ซอฟดีแดง,10,8,น้ำยาปรับผ้านุ่ม,20,8.85933E+12
ซอฟท์ ดี550มล,10,8,น้ำยาปรับผ้านุ่ม,50,8.85933E+12
ซอฟท์-ดี สีแดง,27,25,น้ำยาปรับผ้านุ่ม,10,8.85933E+12
ซอฟท์-ดี สีชมพู,27,25,น้ำยาปรับผ้านุ่ม,9,8.85933E+12
บิ๊ก สมายล์ Soft,10,8,ของใช้ส่วนตัว,50,8.85933E+12
มีดโกนหนวด,10,8,น้ำยาปรับผ้านุ่ม,12,8.85933E+12
เลเยอร์ครีมบัตเตอร์,5,3,ขนม+ไอสครีม,10,8.85933E+12
เลเยอร์รสนม,5,3,ขนม+ไอสครีม,10,8.85933E+12
เลเยอร์,5,3,ขนม+ไอสครีม,10,8.85933E+12
ตะเกียบ,20,15,ของใช้ส่วนตัว,7,8.85934E+12
MY สาหร่ายปรุงรส 15 กรัม,15,9,อาหารสำเร็จรูป,12,8.85934E+12
ตะวันแดง,45,40,เครื่องดื่ม,12,8.85936E+12
ตะวันเเดง สุราข้าวหอม 330มล.,65,58,เครื่องดื่มแอลกอฮอ,91,8.85936E+12
ตะวันเเดง สุราข้าวหอม 625มล.,120,98,เครื่องดื่มแอลกอฮอ,109,8.85936E+12
แทยัง360มล,75,63,เครื่องดื่มแอลกอฮอ,12,8.85936E+12
ขาไก่วีสแน็ค,5,4,ขนม+ไอสครีม,12,8.85936E+12
เทปกาว,15,10,ของใช้ส่วนตัว,50,8.8594E+12
เทปกาว,15,10,ของใช้ส่วนตัว,50,8.8594E+12
"White Plume Swabs 4""*4""*8",20,16,อุปกรณ์ทำแผล,0,8.8594E+12
ยาบรรเทาอาการปวดเมื่อยตราเสือดำ150ซีซี,25,20,เครื่องดื่ม,100,8.8594E+12
กรินนี่ กล้วยช็อก 15กรัม,5,4,ราคาสิินค้า,120,8.85941E+12
กรินนี่ รสสตรอเบอร์รี่ 12กรัม,5,4,ขนม+ไอสครีม,120,8.85941E+12
ART กล่องนัมเบอร์ 4401,25,20,พลาสติก,120,8.85941E+12
กาวช้าง,20,15,ของใช้ส่วนตัว,12,8.85942E+12
กาวทีเค,10,8,ของใช้ส่วนตัว,50,8.85942E+12
Haby Smart&Fresh 590มล.,39,31,น้ำยาปรับผ้านุ่ม,120,8.85942E+12
Haby Sweet&Relaxing 590มล.,39,31,น้ำยาปรับผ้านุ่ม,120,8.85942E+12
Haby Grace&Relaxing 590มล.,39,31,น้ำยาปรับผ้านุ่ม,120,8.85942E+12
Famony Romance 300มล.,20,15,น้ำยาปรับผ้านุ่ม,118,8.85942E+12
Famony Gentle 300มล.,20,15,น้ำยาปรับผ้านุ่ม,118,8.85942E+12
Famony Ocean 300มล.,20,15,น้ำยาปรับผ้านุ่ม,119,8.85942E+12
Famony Blossom 300มล.,20,15,น้ำยาปรับผ้านุ่ม,118,8.85942E+12
ฟาโมนี สวีทบิวตี้ฟูล 300มล.,20,0,น้ำยาปรับผ้านุ่ม,0,8.85942E+12
คิวเเมก Fusion 300มล.,30,25,น้ำยาปรับผ้านุ่ม,120,8.85942E+12
คิวเเมก Sparkling 300มล.,30,25,น้ำยาปรับผ้านุ่ม,120,8.85942E+12
ฟาโมนี สีเหลือง 1300มล.,60,0,น้ำยาปรับผ้านุ่ม,0,8.85942E+12
ฟาโมนี สีน้ำเงิน 1300มล.,60,0,น้ำยาปรับผ้านุ่ม,0,8.85942E+12
ฟาโมนี สีชมพู 1300มล.,60,0,น้ำยาปรับผ้านุ่ม,0,8.85942E+12
ฟาโมนี สีม่วง 1300มล.,60,0,น้ำยาปรับผ้านุ่ม,0,8.85942E+12
ปลั้กไฟ,55,45,ของใช้ส่วนตัว,20,8.85943E+12
ปลั้กตัวเมีย,10,8,ของใช้ส่วนตัว,100,8.85943E+12
ถุงเท้า,20,15,ราคาสิินค้า,99,8.85943E+12
HAPPi ถุงเท้านักเรียน 7-9,20,13,ของใช้ส่วนตัว,24,8.85943E+12
HAPPi ถุงเท้านักเรียน 9-12,20,14,ของใช้ส่วนตัว,24,8.85943E+12
ถุงเท้า,20,15,ราคาสิินค้า,100,8.85943E+12
ถุงเท้า,39,20,ของใช้ส่วนตัว,180,8.85943E+12
Apracur Nc 300mg ,15,9,ยา,16,8.85944E+12
ยาเส้นตราแมวเขียว,15,10,บุหรี่+ยาเส้น,40,8.85944E+12
ยาเส้นตราแมวแดง,15,10,บุหรี่+ยาเส้น,40,8.85944E+12
แมวเขียว22ก,15,11,บุหรี่+ยาเส้น,186,8.85944E+12
แมวแดง22ก,15,11,บุหรี่+ยาเส้น,184,8.85944E+12
Dorami กล่องบรรจุอาหาร EPL-00684,35,29,พลาสติก,120,8.85947E+12
ซาโนบิ ตะเกียบไม้ไผ่ ,20,14.75,พลาสติก,5,8.85947E+12
Im'you สีทาเล็บคละสี,25,19,ราคาสิินค้า,120,8.85949E+12
ซิสตร้า อีอีครีม10มล,35,28.54,เครื่องสำอาง,41,8.8595E+12
ซิสต้าร์ แตงโม เเมตต์ 8ก,39,30,เครื่องสำอาง,50,8.8595E+12
ซิลต้าร์,45,39,ราคาสิินค้า,0,8.8595E+12
ซิสต้าร์ วอเตอรืเมลอน บอดี้ไวท์โลชั่น 40ก.,39,28,เครื่องสำอาง,199,8.8595E+12
สมูทโตะ โทเมโท บีบี 8กลัม,39,34,ราคาสิินค้า,1202,8859497302553l
สมุตโตะคอลลาเจล8ก,39,28,เครื่องสำอาง,12,8.8595E+12
โออิชิ น้ำจิ้มสุกกี้ยากี้ 330กรัม,55,44,เครื่องปรุงต่างๆ,100,8.8595E+12
อาหารแมว,55,50,อาหารปลา,3,8.8595E+12
นัมจู อันเดอร์อาร์ม ไบร์ทครีม 7กรัม,59,49,ผงชูรส,6,8.85951E+12
นีนาทิชชู6ม้วน,30,20,กระดาษทิชชู,17,8.85951E+12
NINAกระดาษเช็ดมือ250แผ่น,45,38,กระดาษทิชชู,10,8.85951E+12
น้ำปลาร้าป้าอ้วน210มล,20,18,เครื่องปรุงต่างๆ,50,8.85951E+12
MIKIทิชชู170แผ่น,25,20,กระดาษทิชชู,48,8.85952E+12
กระดาษเซลโล,15,10,ราคาสิินค้า,10,8.85952E+12
อาเมะลูกอมกลิ่นมะนาว 8กรัม,5,4,ราคาสิินค้า,120,8.85952E+12
ข้าวหอมมะลิตราดอกดาวเรือง 5กก,140,124,ข้าว,99,8.85954E+12
Eniko เห็ดเข็มทอง,20,18,อาหารสำเร็จรูป,120,8.85954E+12
เมล็ดทานตะวัน ตราชาช่า,20,16,ขนม+ไอสครีม,8,8.85956E+12
พร้าวหอม กะทิ อบควันเทียน 250มล.,29,25,กระทิ,6,8.85957E+12
หวีซอย,25,14,ของใช้ส่วนตัว,20,8.85957E+12
กิ๊ปดำ,10,6,ของใช้ส่วนตัว,19,8.85957E+12
ฮาซายา เกิร์ล วอเตอร์เมล่อน เมจิก บาล์ม 1.7กรัม,25,20,เครื่องสำอาง,120,8.85958E+12
ทานาโกะ เพรส พาวเดอร์ 02 13กรัม,39,21,เครื่องสำอาง,11,8.85958E+12
Tanako fit me matte powder 02 30กรัม,75,60,เครื่องสำอาง,2,8.85958E+12
น้ำมันเขียว,85,70,ราคาสิินค้า,6,8.85958E+12
เอ็มดี,5,4,ขนม+ไอสครีม,12,8.85958E+12
เอ็ม&ดี ขนมเเท่ง รสหม่าล่า 26ก.,5,3,ขนม+ไอสครีม,12,8.85958E+12
M&D ขนมปัง สตรอว์เบอร์รี่ 30ก.,5,3,ขนม+ไอสครีม,12,8.85958E+12
ถ้วยร้อน รสชาบูน้ำดำ 75กรัม,35,28,อาหารสำเร็จรูป,10,8.85958E+12
ถ้วยร้อน รสกิมจิ 66กรัม,35,28,อาหารสำเร็จรูป,120,8.85958E+12
ถ้วยร้อน รสหม่าล่า 60กรัม,35,28,อาหารสำเร็จรูป,1200,8.85958E+12
มิน มิน กลิ่นคูลลิ่ง มิ้นต์ 14กรัม,10,7,ขนม+ไอสครีม,120,8.85959E+12
มิน มิน กลิ่นเฟรชเเตงโม 14กรัม,10,7,ขนม+ไอสครีม,120,8.85959E+12
มิน มิน กลิ่นไอซ์ซี่ สตรอว์เบอร์รี่ 14กรัม,10,7,ขนม+ไอสครีม,120,8.85959E+12
minmin กลิ่นองุ่น 14กรัม,10,8,ราคาสิินค้า,120,8.85959E+12
รถถัง ชอล์กกำจัดมด ,5,3,กำจัดแมลง,120,8.85963E+12
เอก้าเต้าฮวยนมสดสดผสมวุ้นมะพร้าว,12,10,ราคาสิินค้า,120,8.85963E+12
ฝาเขียว เอสเปรสโซ่,12,8,เครื่องดื่ม,118,8.85963E+12
ไอวี่ โยเกิร์ต รสสตรอเบอร์รี่ 180มล.,10,7,เครื่องดื่ม,120,8.85965E+12
ยาขับลมในกระเพาะ ตราบีแก๊ส 240มล.,65,48,ราคาสิินค้า,0,8.85965E+12
เงาะกระป๋อง,55,44,อาหารสำเร็จรูป,6,8.85967E+12
TK ปลาเเมคเคอเรล 155กรัม,12,10,ปลากระป๋อง,10,8.85967E+12
โจจิ ซีเคร็ท ยัง อโลเวร่า มอยส์เจอร์ไรซิ่ง มาร์ก 30กรัม,20,16,เครื่องสำอาง,10,8.85969E+12
โจจิ ซีเคร็ท ยัง วอเตอร์เมล่อน รีเฟรช แอนด์ ดี-สเทรสซิ่ง มาร์ก 30กรัม,20,16,เครื่องสำอาง,5,8.85969E+12
Cucumber Moisturizing Mask 30g.,20,16,เครื่องสำอาง,10,8.85969E+12
ออริจินัลกลูโดบิสกิต,5,4,ราคาสิินค้า,120,8.8597E+12
คุ๊กกี้แซนวิชรสช็อกโกแลต,5,4,ราคาสิินค้า,120,8.8597E+12
ช็อกโก้เเบร์ wafer roll 22กรัม,5,3,ขนม+ไอสครีม,120,8.85971E+12
มีไลร์,5,4,ขนม+ไอสครีม,20,8.85971E+12
มีไลค์,5,4,ขนม+ไอสครีม,20,8.85971E+12
เจลลี่ปูกระทะ ตรา พิพ 264กรัม,5,4,ขนม+ไอสครีม,24,8.85971E+12
เเมนซอง ชิค คัลเลอร์ เนล โพลิช,25,18,พลาสติก,120,8.85971E+12
หมึกกรุบ สูตรดั้งเดิม 50ก.,25,22.5,ขนม+ไอสครีม,2,8.85975E+12
หมึกกรุบ สูตรเผ็ด 60ก.,25,22.5,ขนม+ไอสครีม,2,8.85975E+12
ดอกชบา น้ำตาลมะพร้าว 500กก.,22,18,เครื่องปรุงอาหาร,115,8.85975E+12
แม่เหรียน380มล,35,32,น้ำปลาร้า,10,8.85978E+12
Ranli เค้กไดหวัน 120ก.,25,20,ขนม+ไอสครีม,3,8.85979E+12
Ranli มูสเค้ก สตรอว์เบอร์รี่ 120ก.,25,20,ขนม+ไอสครีม,2,8.85979E+12
Ranli ชิฟฟ่อนสตรอว์เบอร์รี่ 120ก.,25,20,ขนม+ไอสครีม,2,8.85979E+12
Ranli เค้กไดหวัน สตรอว์เบอร์รี่ 120ก.,25,20,ขนม+ไอสครีม,2,8.85979E+12
PAE30-3M,129,89,อุปกรณ์สำนักงาน,0,8.8598E+12
PAE-9091U-3M,119,82,อุปกรณ์สำนักงาน,0,8.8598E+12
PAE-R45U-3M,109,79,อุปกรณ์สำนักงาน,0,8.8598E+12
ลิซ่า น้ำตาลสด 400มล.,15,9,เครื่องดื่ม,6,8.85983E+12
ลิซ่า น้ำส้ม 25% 500มล.,10,7.5,เครื่องดื่ม,6,8.85983E+12
ปุ้ยบัว,25,20,อาหารปลา,50,8.85999E+12
ปุ๋ยบัว,25,20,อาหารปลา,50,8.85999E+12
ซีโลลี้ กระดาษทิชชู่ 170แผ่น,20,13.8,กระดาษทิชชู,10,8.86953E+12
ซีโลลี้ กระดาษทิชชู่ 5*170แผ่น,90,69,กระดาษทิชชู,2,8.86953E+12
Happy โกโก้ช็อคโกเเลตดำ ,3,1,ขนม+ไอสครีม,120,8.87202E+12
คัสสันออยล์100มล,50,45,เครื่องสำอาง,50,88820286
โซฟีถนมอผิว,26,25,น้ำยาปรับผ้านุ่ม,0,8.88511E+13
แอทแทค225กรัม,20,18,ผงซักผ้า,0,8.88518E+13
บรีส120กรัม,10,8,ผงซักผ้า,0,8.88519E+13
สติกโก้ฟิงเกอร์ช็อก,5,4,ขนม+ไอสครีม,18,8.88602E+12
สติ้กโก้รสนม12กรัม,5,3,ขนม+ไอสครีม,100,8.88602E+12
Iscore blue,72,65,บุหรี่+ยาเส้น,195,8.88642E+12
Iscore 5.0,70,62,บุหรี่+ยาเส้น,192,8.88642E+12
พริงเกิลส์ รสสาหร่ายอบกรอบ 40กรัม,20,17,ขนม+ไอสครีม,120,8.88647E+12
พานาโซนิคนีโอ 9v,52,48,น้ำยาปรับผ้านุ่ม,11,8.88755E+12
Panasonic Cool daylight 25w,125,88,หลอดไฟ,20,8.88755E+12
Panasonic Cool daylight 18w,125,90,หลอดไฟ,120,8.88755E+12
พานาโซนิคgold AA,30,25,น้ำยาปรับผ้านุ่ม,11,8.88755E+12
พานาโซนิคaaa,30,25,ราคาสิินค้า,-1,8.88755E+12
พานาโซนิค,30,25,ราคาสิินค้า,0,8.88755E+12
สบู่ imperial 75กรัม,10,8,สบู่,16,8.8881E+12
อิพิเรียล75ก,10,8,ยาสระผมครีมนวด,100,8.8881E+12
คอฟฟี่มิก20ก50p,160,137,กาแฟ,50,8.88824E+12
กาวตราช้าง,20,15,ของใช้ส่วนตัว,20,8.8883E+12
oral-b คลาสสิก อัลตร้าคลีน ,20,16,แปลงฟัน,10,8.88883E+12
มีดโกนหนวด,25,19,ของใช้ส่วนตัว,19,8.88883E+12
นีเวียเมนแอนไทเอจจิ้ง,15,10,เครื่องสำอาง,0,8.88885E+15
กำยาน,20,15,ของใช้ส่วนตัว,50,8.88925E+12
ที่ขัดหม้อ,10,8,ของใช้ส่วนตัว,100,8.88925E+12
888 พันล้าน กระยาสาท,55,50,ขนม+ไอสครีม,119,8.8893E+12
ราคา89บาท,89,85,ราคาสิินค้า,495,89
เนสท์เล่ ครันช์เวเฟอร์ รสช็อกโกแลต 10.4 กรัม,5,4,ราคาสิินค้า,120,8.90106E+12
การ์นิเย่ คัลเลอร์ 3.0 น้ำตาลเข้ม,59,51,ยาสระผมครีมนวด,120,8.90153E+12
การ์นิเย่ คัลเลอร์ 4 สีน้ำตาล,59,51,ยาสระผมครีมนวด,120,8.90153E+12
การ์นิเย่,59,52,ราคาสิินค้า,-1,8.90153E+12
การ์นิเย่,59,52,ราคาสิินค้า,0,8.90153E+12
การ์นิเย่ คัลเลอร์ 7.65 เเดงราสเบอร์รี่,59,51,ยาสระผมครีมนวด,120,8.90153E+12
แมคไวตี้,5,3,ขนม+ไอสครีม,0,8.90603E+12
ผงซุบเห็ดหอม55ก,12,10,เครื่องปรุงต่างๆ,50,8.9348E+12
โคลสอัพ  75ก,30,25,ยาสีฟัน,100,8.93484E+12
โคลสอัพ75กรัม,27,20,ยาสีฟัน,17,8.93484E+12
โคลสอัพ75กรัม,27,25,ยาสีฟัน,20,8.93484E+12
โรแมกซ์,45,40,น้ำยาล้างห้องน้ำ,20,8.93487E+12
Mentos beats fruit 14g.,5,4,ราคาสิินค้า,120,8.935E+12
จูปาจุ๊ป ดิปเเอนด์ลิค โคล่าเเละสตรอ 9ก.,10,7.75,ขนม+ไอสครีม,17,8.935E+12
คอลเกตแปรงสีฟัน,25,20,ของใช้ส่วนตัว,50,8.93524E+12
ว้อนท์ ว้อนท์ UHT 125มล.,44,39,เครื่องดื่ม,2,8.9353E+12
เเลตตาซิด ซอฟท์เเอนค์ซิลค์กี้ 150มล.,110,100,ของใช้ส่วนตัว,120,8.93612E+12
Lactacyd odor fresh,110,95,เครื่องสำอาง,20,8.93612E+12
เเลคตาซิด เอ็กซ์ตร้า มิลค์กี้ 60มล.,60,52,ของใช้ส่วนตัว,10,8.93612E+12
แลตตาซิด อัลโกไวท์,115,100,เครื่องสำอาง,10,8.9385E+12
แลตตาซิด,55,50,สบู่,50,8.9385E+12
แลตตาซิด,55,50,สบู่,50,8.9385E+12
play สตรอเบอร์รี่ 12 กรัม,5,4,ขนม+ไอสครีม,120,8.96544E+12
ปืนจุดเเก๊ส MOTO ,20,15,พลาสติก,119,8.98563E+12
พลาสติกบรรจุอาหาร คละเเบบ,25,20,พลาสติก,120,8.9882E+12
ขนมปังคละเเบบ,20,15,ขนม+ไอสครีม,120,8.9882E+12
เมนทอส ชิววี่ เเอนด์ คูล 14กรัม,5,4,ขนม+ไอสครีม,120,8.9908E+12
Mentos ชิววี่ เเอนด์ คลู เบอร์รี่มินต์,5,4,ราคาสิินค้า,120,8.9908E+12
เมนทอสมินต์,10,4,ขนม+ไอสครีม,7,8.9908E+12
ท็อป,5,4,ขนม+ไอสครีม,19,8.991E+12
Top,5,3,ขนม+ไอสครีม,9,8.991E+12
ท็อป,5,4,ขนม+ไอสครีม,20,8.991E+12
ฟูลโลบลาสดต  ๙็อกโกแลต 18 กรัม,5,4,ราคาสิินค้า,120,8.9911E+12
ฟูโล่ช็อคโกแลต,2,1,ขนม+ไอสครีม,10,8.9911E+12
ฟูโล่สตรอเบอรี่,2,1,ขนม+ไอสครีม,8,8.9911E+12
ฟูลโลบลาสโต 18กรัม,5,4,ราคาสิินค้า,120,8.9911E+12
การ์นิเย่(ครีม)50มล.,50,45,เครื่องสำอาง,18,8.99138E+12
การ์นิเย่(ครีม)50มล.,55,53,เครื่องสำอาง,20,8.99138E+12
แกสบี้โฮลด์100ก,49,42,เครื่องสำอาง,2,8.99222E+12
การ์นิเย่(ครีม)7มล.,20,15,เครื่องสำอาง,12,8.9923E+12
กานิเย่ แมน50มล,50,45,เครื่องสำอาง,50,8.9923E+12
การ์นิเย่(ครีม)7มล.,15,12,เครื่องสำอาง,30,8.9923E+12
นีเวียสครับ,53,47,ราคาสิินค้า,-1,8.9923E+12
การ์นิเย่ เมน ออยคอรโทรล 7มล.,15,12.5,เครื่องสำอาง,29,8.9923E+12
กานิเยสกีน,50,45,ราคาสิินค้า,0,8.9923E+12
ซากุระ ไวร์50มล,50,0,เครื่องสำอาง,50,8.9923E+12
การ์นิเย่(ครีม)7มล.,20,15,เครื่องสำอาง,17,8.9923E+12
การ์นิเย่(โฟมล้างหน้า)20มล.,20,18,เครื่องสำอาง,30,8.9923E+12
การ์นิเย่(ครีม)20มล.,20,18,เครื่องสำอาง,30,8.9923E+12
การ์นิเย่(โฟมล้างหน้า)50มล.,50,45,เครื่องสำอาง,30,8.9923E+12
กานีเย่ แมน50มล,50,45,เครื่องสำอาง,49,8.9923E+12
การ์นิเย่(ครีม)7มล.,10,8,เครื่องสำอาง,30,8.9923E+12
บีบี(ครีม)5กรัม,20,18,เครื่องสำอาง,30,8.9923E+12
การ์นิเย่(ครีม)7มล.,15,12,เครื่องสำอาง,30,8.9923E+12
การ์นิเย่(โฟมล้างหน้า)50มล.,20,18,เครื่องสำอาง,29,8.9923E+12
การ์นิเย่(ครีม)7มล.,15,12,เครื่องสำอาง,30,8.9923E+12
การ์นิเย่(โฟมล้างหน้า)50มล.,20,18,เครื่องสำอาง,29,8.9923E+12
การ์นิเย่(ครีม)7มล.,25,18,เครื่องสำอาง,15,8.9923E+12
ลอรีอัลปรีส์(ครีม)7กรัม,20,18,เครื่องสำอาง,30,8.9923E+12
ซีซี ไวท์(ครีม)7มล.,29,25,เครื่องสำอาง,30,8.9923E+12
ลอรีเอะ S&S 35 ซม.,26,20,ผ้าอนามัย,-5,8.99273E+12
ยูปิกัมมีแฟร้ง,2,1,ขนม+ไอสครีม,19,8.99274E+12
ยูปิ ฟรุตคอกเทล 15กรัม,5,4,ขนม+ไอสครีม,116,8.99274E+12
ยูปิโคล่าเบอเกอร์,2,1,ขนม+ไอสครีม,20,8.99274E+12
ยูปี้,5,3,ขนม+ไอสครีม,24,8.99274E+12
ยูปิ สตรอเบอร์รี่่คิส 14กรัม,5,4,ขนม+ไอสครีม,120,8.99274E+12
ยูปิ เบอร์รี บอนซ์ สตรอเบอร์รี 8กรัม,2,1,ขนม+ไอสครีม,120,8.99274E+12
ยูปิ พิซซ่า 8กรัม,2,1,ขนม+ไอสครีม,100,8.99274E+12
โกโก้ครั้น,25,20,ขนม+ไอสครีม,10,8.99274E+19
ยูปั้โคล่า บอนซ์ ,2,1,ขนม+ไอสครีม,24,8.99274E+12
ยูปิเบอเกอร์,2,1,ขนม+ไอสครีม,15,8.99274E+12
ยูปี พิซซ่า 15กรัม ,5,3,ขนม+ไอสครีม,-9,8.99274E+12
ยู้ปี่ ,5,3,ขนม+ไอสครีม,24,8.99274E+12
โจลี่ซอฟท์,25,21,กระดาษทิชชู,19,8.99276E+12
nice,30,25,กระดาษทิชชู,10,8.99276E+12
nice ป๊อปอัพ 130แผ่น,10,6,ของใช้ส่วนตัว,120,8.99276E+12
โอริโอวานิลลา,5,4,ขนม+ไอสครีม,20,8.99276E+12
มีดโกนหนวด,20,15,ของใช้ส่วนตัว,15,8.99277E+12
โลชั่นทากันยุง,6,4,ราคาสิินค้า,0,8992772051026โ
ก.ย.15เฟรช,6,4,กำจัดแมลง,20,8.99277E+12
ซอฟเฟลเฟลอร่า,35,30,เครื่องสำอาง,-1,8.99277E+12
ซอฟเฟลส้ม,35,30,เครื่องสำอาง,0,8.99277E+12
ซอฟเฟล เนเชอรัล,35,30,เครื่องสำอาง,0,8.99277E+12
บิสกิตและช็อกโกแลต ตราเจอร์รี่ครั้นซ์โรล23กรัม,50,45,ราคาสิินค้า,0,8.99278E+12
เวเฟอร์โรลสอดไส้ช็อกโกแลตเคลือบคาราเมล ตราาเจอรี่ครันช์โรล,5,4,ราคาสิินค้า,132,8.99278E+12
เวเฟอรืโรลสอดไส้ครีมนมกลิ่นวนิลาเคลือบคาราเมล,5,4,ราคาสิินค้า,133,8.99278E+12
เอนเเชนเทอร์ กลิ่นเชนเชชั้น 120มล.,55,48,เครื่องสำอาง,50,8.99286E+12
เอนเเชนเทอร์ กลิ่นมิราเคิล 120มล.,55,48,เครื่องสำอาง,50,8.99286E+12
เอนเเชนเทอร์ กลิ่นชาร์มมิ่ง 120มล.,55,48,เครื่องสำอาง,50,8.99286E+12
เวเฟอร์สอดไส้ครีมรสช็อกโกแลต (ตรานาบาติ),5,4,ราคาสิินค้า,120,8.99318E+12
กู๊ดไทม์,5,4,ขนม+ไอสครีม,20,8.99476E+12
หมี่โกเรง ฟรายด์นู้ดเดิ้ล85ก.,10,8.8,อาหารสำเร็จรูป,10,8.99496E+12
หมี่โกเรงรสไก่สูตรเผ็ด,10,8.8,อาหารสำเร็จรูป,10,8.99496E+12
กานิเย่ แมน50มล,50,45,เครื่องสำอาง,50,8.99499E+12
กานิเย่120มล,50,45,เครื่องสำอาง,50,8.99499E+12
การิเย120มล,50,45,เครื่องสำอาง,50,8.99499E+12
ลอรีอัล รีแพร์15มล,15,12,ยาสระผมครีมนวด,50,8.99499E+12
การ์นิเย่ เมน แอคโนไฟท์ โฟม สครับ 15 มล.,20,15,ราคาสิินค้า,100,8.99499E+12
โฟมการ์นิเย่ เมน เทอร์ไบไลท์ 15มล. ,20,15,ราคาสิินค้า,99,8.99499E+12
การิเย่สกิน,50,45,ราคาสิินค้า,0,8.99499E+12
การ์นิเย่ ซูเปอร์ ยูวี-อิน 7.5ml,35,27,เครื่องสำอาง,5,8.99499E+12
การ์นิเย่ ซูเปอร์ ยูวี-อิน 7.5ml 6P,185,162,เครื่องสำอาง,1,8.99499E+12
การ์นิเย่ ไบร์ วิตามินซี,29,24,เครื่องสำอาง,6,8.99499E+12
มอลคิสท์ รสมะพร้าว 28กรัม,5,4,ราคาสิินค้า,120,8.996E+12
มอลคิสท์ รสสาหร่าย,5,4,ราคาสิินค้า,120,8.996E+12
แยมโอแยมสตรอเบอรี่,5,3,ขนม+ไอสครีม,0,8.996E+12
choki stix 27g,5,4,ราคาสิินค้า,118,8.996E+12
โกปิโก้,5,4,ราคาสิินค้า,119,8.996E+12
โกบิโก้,5,4,ขนม+ไอสครีม,20,8.996E+12
แคลชีส,2,1,ขนม+ไอสครีม,20,8.996E+12
ซุปเปอร์สตาร์ ทวิน ช็อกโกเเลต ,5,3,ขนม+ไอสครีม,118,8.996E+12
โกช็อกโก้โรล 24กรัม,5,4,ขนม+ไอสครีม,120,8.996E+12
เวเฟอร์ช็อกโกแลตและมะพร้าว,5,4,ราคาสิินค้า,116,8.996E+12
ซุปเปอร์สตาร์,3,2,ขนม+ไอสครีม,0,8.996E+12
เบงเบงรสมะพร้าว,5,4,ราคาสิินค้า,120,8.996E+12
แคลชีสรสชีส,5,4,ขนม+ไอสครีม,15,8.996E+12
โชกี้โชกี้,5,4,ขนม+ไอสครีม,13,8.996E+12
cloud9,2,1,ขนม+ไอสครีม,10,8.9962E+12
Panasonic Cool daylight 15w,110,80,หลอดไฟ,120,8.99721E+12
ค้สสันเบบี้ออลร์100มล,55,50,เครื่องสำอาง,50,8.9981E+12
คัสสันบเบี้ออลร์100มล,55,50,เครื่องสำอาง,50,8.9981E+12
อิพิเรียล75ก,10,8,ยาสระผมครีมนวด,100,8.9981E+12
โกปิโก้ เอสเพรสโซ&นม 20ซอง,80,69,กาแฟ,120,8.99867E+12
โดฟโกเฟรช,55,50,ยาสระผมครีมนวด,100,9E+12
โดฟดีพลี่200มล.,55,50,ยาสระผมครีมนวด,100,9E+12
เจลล้างหน้า15กรัม,25,20,เครื่องสำอาง,20,9E+12
ทรีทเมนต์ล้างหน้าวาสลีน15กรัม,20,15,เครื่องสำอาง,30,9E+12
วาสลีนเมน15กรัม,20,15,แป้ง,30,9E+12
พอนด์ส ไวท์ บิวตี้ เฟเชียล โฟม 50ก,55,45,เครื่องสำอาง,50,9E+12
พอนด์ส เพียวไวท์ เฟเชียล โฟม 50ก.,55,43,เครื่องสำอาง,120,9E+12
ราคา 9บาท,9,7,ราคาสิินค้า,973,9
ราคา90บาท,90,85,ราคาสิินค้า,479,90
ข้าวตรากำไล 1กก,35,26,ข้าว,94,9.0041E+12
เชฟไพร์ทูรย์380มล,28,23.5,เครื่องปรุงต่างๆ,12,9.01147E+12
ราคา90บาท,91,85,ราคาสิินค้า,500,91
ชอล์คกำจัดมด,5,3,ของใช้ส่วนตัว,20,91110101
ธูปหอม กลิ่นผมไม้รวม,30,24,ของใช้ส่วนตัว,120,91840067
เทียนไขเบอร์10สีเหลือง,20,15,ของใช้ส่วนตัว,50,91848010
ราคา92บาท,92,85,ราคาสิินค้า,497,92
ราคา93บาท,93,85,ราคาสิินค้า,500,93
เเดนทิสเต้ พลัสไวท์,70,61,แปลงฟัน,50,9.30081E+12
เดนทิสเต้ พลัส ไนท์ทาม,70,64,แปลงฟัน,55,9.30081E+12
เดนทิสเต้ นาโนไวท์,70,61,แปลงฟัน,55,9.30081E+12
อินโดคาเฟ่ 3อิน1 30ซอง,85,68,กาแฟ,120,9.31193E+12
ด้ายสีขาว 100เมตร,15,11,ของใช้ส่วนตัว,12,93120120
ธูปหอมพรสวัสดิ์,5,3,ของใช้ส่วนตัว,0,93170101
ราคา94บาท,94,85,ราคาสิินค้า,499,94
แอนมัม รสส้ม 180มล.,65,58,เครื่องดื่ม,120,9.41501E+12
แอนมัม รสผลไม้รวม 180มล.,65,55,เครื่องดื่ม,47,9.41501E+12
แอนมัม รสส้ม 180มล.,15,10,เครื่องดื่ม,48,9.41501E+12
แอนมัม รสผลไม้รวม 180มล.,15,10,เครื่องดื่ม,48,9.41501E+12
แอนลีน125มล.,15,10,เครื่องดื่ม,48,9.41501E+12
แอนลีน รสจืด,60,50,กาแฟ,10,9.41501E+12
แอนลีน ผสมงาดำ 180มล.,15,12,เครื่องดื่ม,118,9.41501E+12
แอนลีน ผสมงาดำ 180มล.,55,50,เครื่องดื่ม,120,9.41501E+12
แอนลีน แคล180มล,15,11,เครื่องดื่ม,8,9.41501E+12
แอนลีน เเอคตีฟิต3 จืด 180มล.,15,13,เครื่องดื่ม,4,9.41501E+12
แอนลีนรสจืด,55,50,เครื่องดื่ม,48,9.41501E+12
แอนลีน เเอคตีฟิต3 หวาน 180มล.,15,13,เครื่องดื่ม,100,9.41501E+12
แอนลีนรสหวาน180มล,55,44,เครื่องดื่ม,50,9.41501E+12
แอนลีนมอฟแม็ก180มล,15,12,เครื่องดื่ม,12,9.41501E+12
แอนลีนรสจืด,55,50,เครื่องดื่ม,48,9.41501E+12
แอนลีน ผสมมอลต์สกัด 180มล.,55,50,เครื่องดื่ม,48,9.41501E+12
แอนลีน ผสมมอลต์สกัด 180มล.,15,12,เครื่องดื่ม,120,9.41501E+12
แอนลีนข้าวยี่ปุ่น180มล,55,44,เครื่องดื่ม,50,9.41501E+12
แอนลีนข้าวยี้ปุ่น180มล,15,11,เครื่องดื่ม,50,9.41501E+12
ราคา95บาท,95,90,ราคาสิินค้า,483,95
วินสตัน เเดง คอมเเพค,70,62,บุหรี่+ยาเส้น,28,95012162
วินสตันบลูเล็ก,60,55,บุหรี่+ยาเส้น,14,95012179
วินสตัน เขียว คอมเเพค,70,62,บุหรี่+ยาเส้น,12,95012186
คาเมลมิดไนท์,60,55,บุหรี่+ยาเส้น,5,95012353
คิทแคท 17กรัม,12,8,ราคาสิินค้า,119,95502489
L&Mเเดง เล็ก,75,67,บุหรี่+ยาเส้น,8,95509730
L&Mเขียว เล็ก,75,67,บุหรี่+ยาเส้น,15,95509747
L&M Storm7.1,75,67,บุหรี่+ยาเส้น,187,95510361
ดับเบิ้ลมินต์,6,5,ขนม+ไอสครีม,18,9.55519E+12
ริกลี่ย์มิ้นท์,5,3,ขนม+ไอสครีม,10,9.55519E+12
ริกลี่ย์จู๊ซซฟรุท,5,3,ขนม+ไอสครีม,0,9.55519E+12
แม็กซเเคส์ 200แผ่น,15,9,ของใช้ส่วนตัว,120,9.55577E+12
ณาร์ล็อตต์ กระดาษชำระ,25,19,ของใช้ส่วนตัว,119,9.55577E+12
ไมโลโชโคบาร์6ก,5,4,ขนม+ไอสครีม,8,9.556E+12
ไมโล ช็อกโกบาร์ 15กรัม,12,9,ขนม+ไอสครีม,120,9.556E+12
ไมโล ช็อคโก บาร์ ,5,4,ขนม+ไอสครีม,0,9.556E+12
สบู่โพรเทคส์ พรอม,15,12,สบู่,26,9.55603E+12
คุกกี้ซิมโฟนิ,5,4,ขนม+ไอสครีม,20,9.55629E+12
กาวน้ำ,20,15,ของใช้ส่วนตัว,50,9.55646E+12
ราคา96บาท,96,92,ราคาสิินค้า,50,96
กาวิสคอนน้ำ เเอคชั้น 10มล.,25,23,ยา,30,96060063
ราคา97บาท,97,90,ราคาสิินค้า,499,97
ข้าวกำไล15ก,395,365,ข้าว,100,9.77191E+12
ร.ข้าวหมา แมว12กก,185,161,ข้าว,10,9.78616E+12
ข้าวหมูน้อย5กก,145,129,ราคาสิินค้า,3,9.78617E+12
ข้าวตราหมูน้อย 5กก.,165,151,ข้าว,100,9.78974E+12
ข้าวตะวัน14กก,225,205,ราคาสิินค้า,5,9.78974E+12
ข้าวตรวกำไล 5กก.,140,123,ข้าว,89,9.78975E+12
ร.ข้าวเหนียวงู ใหม่,385,365,ข้าว,18,9.78975E+12
ราคา98บาท,98,90,ราคาสิินค้า,497,98
ริบบิ้น ขอบทอง,15,12,ของใช้ส่วนตัว,50,98030803
ราคา99บาท,99,95,ราคาสิินค้า,499,99
กระจก,15,10,น้ำยาปรับผ้านุ่ม,20,99000013
กล่องพลาสติกใส่สบู่,15,10,น้ำยาปรับผ้านุ่ม,20,99000022
กระจก,20,15,น้ำยาปรับผ้านุ่ม,20,99000067
ไม้บรรทัด,5,4,ของใช้ส่วนตัว,19,99360110
นุชจรี-โบว์ น้ำเงิน,25,19,พลาสติก,120,99380527
Bliss กุญเเจทอง-40,45,38,พลาสติก,120,99412004
Bliss กุญเเจทอง-40,45,36,พลาสติก,120,99412010
ลูกขนไก่ 3 ลูก,25,22,ของใช้ส่วนตัว,7,99420131
ซองขาวยาว 9/100,30,24,ของใช้ส่วนตัว,120,99500103
ซองสีขาว 7/125A 500ซอง,20,16,ของใช้ส่วนตัว,12,99500109
ซองจดหมายสีชมพู 7/125,20,16,ของใช้ส่วนตัว,12,99500110
เซอร์เวย์ ขวดโหล+ช้อน เบอร์95,25,20,พลาสติก,120,9.98E+12
รีเจนซี่700มล,720,680,เครื่องดื่มแอลกอฮอ,9,999
ปากกา,5,4,เครื่องดื่มแอลกอฮอ,97,9999
ขันมีมึอจับ,20,15,ถุงพลาสติก,6,99999
ขันน้ำ,20,15,ถุงพลาสติก,14,999999
กระเทียมเจียว,10,0,เครื่องปรุงอาหาร,39,A73071601A
สบู่แพรอท โกลด์80กรัม,12,10,สบู่,30,aq8851929008859
ยางรัดผม,20,15,เครื่องสำอาง,20,MA034001
น้ำตาลทรายขาว 1กก.,30,24,เครื่องปรุงอาหาร,-20,nt
อีคลิปเม็น,20,15,น้ำยาปรับผ้านุ่ม,0,PF005077
เกลือ,5,0,เครื่องปรุงอาหาร,0,เกลือ
โพรเทคส์,65,55,ราคาสิินค้า,0,คคถจจจุุจๅึคถ
ตะวันแดงข้าวหอม,65,60,ราคาสิินค้า,0,คคถต-ุๅ-จจ/ถค
โซฝีชารืดคล,18,15,ราคาสิินค้า,0,คคถๅๅๅๅๅตคจ-จ
ถ่านก่อไฟ,20,17,ราคาสิินค้า,7,ถ่านก่อไฟ
น้ำเเข็งหลอด,7,5,เครื่องดื่ม,117,น้ำเเข้งหลอด
น้ำแข็ง,7,5,เครื่องดื่ม,14,น้ำแข็ง
